gender,anchor_age,has_labs,has_omr,Anion_Gap_mean,Bicarbonate_mean,Chloride_mean,Creatinine_mean,Potassium_mean,Sodium_mean,Urea_Nitrogen_mean,Glucose_mean,Glucose_std,Glucose_max,Glucose_min,weight_kg_mean,height_cm_mean,bp_sys_mean,bp_dia_mean,htn_any_mention,htn_mention_count,bmi,BiasTerm
-0.018031882122159,-2.1146798133850098,0.00013331022637430578,0.0026346226222813,-0.0145622761920094,0.0055717076174914,0.1190124675631523,-0.1476186215877533,-0.0697642788290977,0.0109884431585669,-0.291099488735199,0.0605566203594207,-0.0648426637053489,-0.1487830281257629,0.0163226667791605,-0.1177567467093467,0.0069257267750799,-0.3203202188014984,-0.1708242297172546,-0.4471933841705322,-0.7880529761314392,-0.0013894408475607,-0.0145145282149314
0.0385054387152195,-2.29701828956604,0.00048085767775774,0.0060014529153704,-0.0326637141406536,-0.0616194084286689,-0.1544423848390579,-0.0948777720332145,-0.1137052625417709,-0.1072395220398902,-0.2462823837995529,-0.0144947795197367,-0.0417356640100479,-0.0905983224511146,-0.0064545283094048,-0.0456954166293144,0.0094393249601125,-0.0482231080532074,-0.0724398419260978,-0.4969434142112732,-0.8552900552749634,0.0079585500061512,-0.0145145282149314
0.1029494181275367,0.0970005691051483,-1.9647719454951584e-05,0.0041995258070528,-0.0131917847320437,0.0112128276377916,0.3024428486824035,0.0357080176472663,-0.0826473906636238,0.1778663247823715,-0.0578792952001094,0.0136389452964067,-0.0360053218901157,-0.171048492193222,0.0320465601980686,0.0474661476910114,-0.0261810403317213,0.7208364605903625,0.4486207365989685,-0.4729913771152496,-0.5537276864051819,0.0232591927051544,-0.0145145282149314
0.022919412702322,-2.083559989929199,-7.524235115852207e-06,0.0012249026913195,-0.0659037679433822,0.046180173754692,0.2323723584413528,-0.0855981931090354,-0.0106780994683504,-0.0132152009755373,-0.0649245902895927,-0.0602018535137176,-0.0641382485628128,-0.0774109661579132,0.00021098148135934025,-0.1684184968471527,-0.1267166882753372,-0.1682469248771667,-0.1024107113480568,-0.482007771730423,-0.8483972549438477,-0.0436157844960689,-0.0145145282149314
0.0068534836173057,-1.0340300798416138,-1.3702992873732e-05,0.0019241524860262,0.0097571201622486,0.0223921313881874,0.1553513556718826,0.1652389913797378,-0.0296178981661796,0.0413693562150001,-0.0714950710535049,0.2058294713497162,0.0738842636346817,0.105899229645729,-0.029109762981534,-0.059778619557619,0.0267249103635549,-0.2090705931186676,0.2476246953010559,0.7489816546440125,2.501436710357666,-0.013052531518042,-0.0145145282149314
-0.0640850588679313,1.5052714347839355,-8.780541975283995e-06,0.0030387581791728,0.1190946325659751,0.041973914951086,0.2833094000816345,-0.0871184393763542,0.0971802473068237,-0.1630483418703079,-0.0904362350702285,-0.0098800472915172,-0.0124924778938293,0.0611406005918979,0.0140864197164773,-0.02956348285079,0.0092137949541211,0.5675748586654663,-0.0083454623818397,-0.4193963706493377,-0.6275397539138794,-0.0011080988915637,-0.0145145282149314
0.0568474009633064,1.284393072128296,-5.462746776174754e-05,-0.0332363918423652,-0.0890761986374855,0.2915919721126556,-0.6234700083732605,-0.1560263633728027,0.062929518520832,0.1655997484922409,0.3614831268787384,0.0281260218471288,-0.0143208298832178,0.1086739674210548,0.0315923057496547,0.0088811367750167,0.0150751955807209,-0.0148141188547015,-0.0320983491837978,-0.4557254016399383,-0.5512540936470032,0.009388499893248,-0.0145145282149314
-0.0070059378631412,-2.160938262939453,-5.486883310368285e-06,0.0057036974467337,0.0909837111830711,0.1040005534887313,-0.4116033911705017,-0.1727871298789978,-0.0217820536345243,0.023729421198368,0.210772767663002,0.1227893084287643,0.0038606473244726,0.2228009849786758,-0.0069691706448793,-0.2165264040231704,-0.0259396247565746,-0.3716978728771209,-0.1054515913128852,-0.383365273475647,-0.6886709928512573,-0.0539578609168529,-0.0145145282149314
0.0374460965394973,0.3611945211887359,-1.0472136636963114e-05,0.0024217176251113,0.0664765611290931,0.034166395664215,-0.2895626127719879,-0.0579857379198074,-0.0210178140550851,0.0831410512328147,-0.135173887014389,0.2792852818965912,0.0285662580281496,0.0721201300621032,0.0367527902126312,0.0691588893532753,-0.0323607213795185,0.2205754667520523,0.0256346445530653,0.7262516021728516,0.5864112973213196,0.0073571163229644,-0.0145145282149314
0.0009370914776809514,-2.33393931388855,-0.0006227773847058415,-0.0095631629228591,-0.0988402739167213,0.0919708088040351,-0.3060600459575653,-0.1532960832118988,0.0332376584410667,0.0618684254586696,-0.2945494353771209,-0.0254877060651779,-0.0268548242747783,-0.1505925208330154,-0.0479494892060756,-0.0236506219953298,0.0187489204108715,-0.0390115603804588,-0.0635181441903114,-0.4859306514263153,-0.8002325892448425,0.0120074916630983,-0.0145145282149314
0.00024601008044555783,-0.9480772018432616,-0.00023686140775680545,-0.0074366591870784,-0.0377265214920043,0.0641436949372291,-0.073277547955513,-0.0439935587346553,0.0282633453607559,0.0440889000892639,-0.2879757881164551,-0.0360082909464836,0.1185174286365509,-0.1650295704603195,0.1049936860799789,0.1526436060667038,-0.0184294134378433,0.2414780706167221,0.0298727937042713,-0.4915588498115539,-0.6522759199142456,0.0410791002213954,-0.0145145282149314
-0.0200804788619279,-2.116029977798462,-4.46382473455742e-05,0.0015846758615225,-0.0404916480183601,-0.0524632334709167,0.2490600794553756,-0.0256250407546758,-0.0037810162175446,0.0327854119241237,-0.1096439287066459,-0.0343662947416305,-0.0182724632322788,-0.1620203554630279,-0.0482695959508419,0.1068931147456169,-0.0630227327346801,-0.2113539576530456,0.2096690535545349,-0.478268414735794,-0.7527500987052917,-0.0080216955393552,-0.0145145282149314
0.1275829672813415,1.561025857925415,-3.196873149136081e-05,0.0057790637947618,-0.0264976173639297,0.0233760774135589,0.2587963342666626,-0.0565045364201068,0.0368587560951709,0.1457828283309936,0.2349756360054016,-0.0604961737990379,0.0451887100934982,-0.0173364877700805,-0.0338939242064952,-0.3194722533226013,0.091513305902481,0.4743441939353943,-0.0268596000969409,-0.4052280187606811,-0.6762142777442932,-0.0900369435548782,-0.0145145282149314
0.0281259901821613,1.1576337814331057,-1.9969178538303826e-05,-0.00016422483895439657,-0.1129734814167022,-0.0399487316608428,-0.3293002247810364,-0.1155252158641815,-0.037836804986,0.1433373242616653,-0.1138423457741737,-0.0560721866786479,-0.0428534746170043,-0.1265775561332702,0.0586508363485336,-0.1074248179793357,-0.1161170154809951,0.5211213231086731,-0.1097148954868316,-0.5030848979949951,-0.7242768406867981,-0.0910228937864303,-0.0145145282149314
0.026003984734416,-0.8860216736793518,-0.0005386060802266002,-0.0009561670012772084,-0.0440015271306037,0.0262324307113885,0.2344645261764526,-0.0955731943249702,0.0309576839208602,0.1450143009424209,-0.1629795879125595,-0.0365332514047622,-0.0243411660194396,-0.1895579993724823,-0.0358791500329971,-0.1391494423151016,-0.0504321306943893,0.0026274560950696,-0.0299254544079303,-0.5490503311157227,-0.8180870413780212,0.001377108041197,-0.0145145282149314
-0.0367214009165763,1.0789875984191897,-5.894249625271186e-06,0.0076317857019603,0.0389332547783851,-0.0432002320885658,-0.4496355354785919,0.0705395340919494,-0.0206889417022466,-0.0434754006564617,0.3930622339248657,0.0611094385385513,-0.0590845085680484,0.1326111704111099,0.0502114854753017,-0.0853144228458404,0.0262031871825456,-0.3995315730571747,-0.0619697421789169,-0.4110019505023956,-0.5637803077697754,-0.0099649960175156,-0.0145145282149314
0.0410239398479461,0.3442734777927398,-6.385860615409911e-06,0.0109510719776153,0.1407062262296676,-0.2793250381946563,0.4070678353309631,-0.088064819574356,-0.0631748214364051,-0.0252289269119501,-0.0474514178931713,-0.0596718601882457,-0.0282364096492528,-0.0049815140664577,-0.0213785301893949,0.0833974257111549,0.0594706684350967,0.7700562477111816,0.1989967226982116,-0.429764837026596,-0.6208688616752625,-0.005087970290333,-0.0145145282149314
0.0638287216424942,-0.8202080130577087,-3.4994409361388534e-05,0.0019574833568185,-0.0038151133339852,-0.030612165108323,-0.06973597407341,-0.0414334945380687,-0.0222257673740386,0.048600859940052,-0.1867674142122268,-0.069431371986866,0.0882297456264495,0.0776528567075729,-0.0273133106529712,-0.1525811851024627,-0.0392376631498336,0.3809242248535156,-0.1015658900141716,-0.4588170051574707,-0.6519301533699036,-0.0530638433992862,-0.0145145282149314
-0.0169976092875003,0.4484589397907257,-2.416462666587904e-05,0.0027111046947538,0.0361630693078041,0.0916929021477699,0.1375984847545623,0.2971081137657165,0.0644668787717819,0.0959177166223526,0.2225024253129959,0.060567270964384,0.0374626368284225,0.0980111062526702,-0.041790060698986,0.1512970775365829,0.0208886731415987,0.4832675457000732,-0.0721350461244583,0.554581880569458,0.4709186553955078,0.0211398880928754,-0.0145145282149314
0.0256755221635103,-1.6104391813278198,-3.021938755409792e-05,0.0032929894514381,0.0288256984204053,-0.0121322777122259,-0.2418813705444336,-0.141736701130867,-0.07439686357975,0.0798511132597923,-0.1905349195003509,0.2917144894599914,0.0184401478618383,0.2915210127830505,-0.0104424338787794,-0.0881301090121269,0.0115747889503836,-0.0740757435560226,-0.0279204230755567,-0.4638783633708954,-0.7018018364906311,0.0104152699932456,-0.0145145282149314
0.0231203865259885,-1.5744832754135132,-7.566391286673024e-05,0.0016345609910786,0.0140599841251969,-0.1310934722423553,0.0696880593895912,0.152169868350029,-0.0293005108833313,0.0994871333241462,-0.1860880106687545,-0.0231904536485672,-0.0313895493745803,0.0975430905818939,-0.0613223426043987,0.0326518677175045,0.001935375505127,0.2549529671669006,-0.0184896495193243,-0.4790033996105194,-0.7074487209320068,-0.0235079620033502,-0.0145145282149314
0.0552038513123989,-0.00252091512084,-1.3616772776003929e-05,0.0018589391838759,0.0300874914973974,-0.0119283078238368,0.0427574589848518,0.3542626202106476,0.0844483971595764,0.0300686564296484,0.305305927991867,-0.0252513866871595,0.0235706605017185,0.0916072949767112,0.0236516948789358,-0.0233012456446886,-0.0460354462265968,0.376585453748703,0.1207248866558075,0.658941388130188,1.9610306024551392,-0.0683593153953552,-0.0145145282149314
-0.0100273750722408,-1.3754768371582031,-5.159463034942746e-05,0.0039174403063952,-0.016234315931797,-0.1054252311587333,0.1123893931508064,-0.0423395745456218,0.0420174114406108,0.0365457348525524,-0.0780902057886123,-0.0723410323262214,-0.048087753355503,-0.1776877492666244,-0.0743639916181564,0.040689293295145,-0.1034102663397789,-0.3220815658569336,0.2940435707569122,-0.4649645090103149,-0.7901636958122253,0.0217224285006523,-0.0145145282149314
-0.00017751324048731476,-1.0606412887573242,-0.00020210410002619028,-0.0021802394185215,-0.0028756589163094,0.020956577733159,-0.2353440821170807,-0.1074140518903732,0.1078008785843849,-0.0208599679172039,-0.2281260937452316,-0.0261670686304569,0.0884191393852233,-0.1789315044879913,-0.0304344464093446,-0.2618452310562134,-0.0126825617626309,-0.0401228368282318,-0.0338739603757858,-0.4957341849803924,-0.7962506413459778,0.008838671259582,-0.0145145282149314
0.009319175966084,-2.021756410598755,-0.00015549204545095563,-0.0003481056191958487,-0.0010760823497548,-0.0310249328613281,0.328788548707962,-0.1147165745496749,-0.0546166189014911,0.0287030339241027,-0.3083246052265167,-0.0080601451918482,0.0173018053174018,-0.1423867493867874,-0.0102496594190597,-0.2541390657424927,-0.0149853723123669,-0.0459010675549507,-0.0356142185628414,-0.4788589477539062,-0.7891829013824463,-0.0100823091343045,-0.0145145282149314
-0.012563956901431,0.2560386955738067,-1.525591142126359e-05,0.0043963850475847,-0.0128789329901337,0.0808101519942283,-0.4250009059906006,0.2697831094264984,0.0685846507549285,0.0346420742571353,0.3000366687774658,-0.106547363102436,0.0049924687482416,0.1094521135091781,0.0243013091385364,0.0082128131762146,-0.0137536032125353,0.4851387739181518,-0.0189141053706407,0.6850658655166626,0.9063366055488586,-0.0080562327057123,-0.0145145282149314
0.0220937859266996,1.1207013130187988,-2.0675543055403978e-05,-0.010040714405477,0.0974719524383544,0.0458666235208511,-0.155356615781784,0.0952263623476028,0.0507260970771312,0.0408701002597808,0.2129375040531158,-0.0089788986369967,-0.0290293935686349,0.1234763041138649,0.1372857242822647,0.0249727275222539,0.0751146301627159,0.0230202116072177,0.0119985211640596,0.6638248562812805,1.1913355588912964,0.0068300021812319,-0.0145145282149314
0.0164810735732316,0.5662847757339478,-4.044450906803832e-05,-0.0058467974886298,0.04877794906497,0.0389525592327117,-0.0684307292103767,0.020701790228486,0.0010560357477515,0.0494546853005886,0.0782049298286438,0.0367041155695915,-0.0916719362139701,-0.0605104751884937,0.0356215983629226,0.046830303966999,0.0733221024274826,0.1261415183544159,-0.0170806348323822,0.8876242637634277,2.1588127613067627,0.0080146649852395,-0.0145145282149314
-0.0398870818316936,0.8978593945503235,-2.3636581317987293e-05,0.0037078750319778,-0.0913604870438575,0.1035843193531036,-0.0014816781040281,0.287797212600708,0.0814596787095069,0.0059861517511308,0.2726009488105774,0.0752082243561744,0.008029400371015,0.1089246273040771,-0.0080157248303294,0.056552305817604,-0.0749165490269661,0.4223074913024902,-0.0120392637327313,0.579664409160614,-0.1870038658380508,0.0134659959003329,-0.0145145282149314
0.0930355638265609,1.4022331237792969,-1.6330192011082545e-05,0.007354199886322,0.0299164503812789,-0.2956571877002716,0.0250324867665767,-0.0560760609805583,-0.0059644887223839,0.0297682713717222,0.2409389466047287,-0.0397925451397895,-0.0323863476514816,-0.0182466767728328,0.0484721399843692,-0.0550286695361137,0.159017264842987,-0.0192023925483226,-0.0538462586700916,-0.4455741345882416,-0.5816442966461182,0.0539377555251121,-0.0145145282149314
0.0142471361905336,-0.9255335927009584,-4.6274682972580194e-05,0.0022940800990909,-0.0666008442640304,0.0082967597991228,0.2364037185907364,0.7035912871360779,0.0802808105945587,-0.0056178765371441,0.3954885900020599,-0.0638409107923507,-0.2551728785037994,-0.1054809018969535,-0.0200321488082408,0.0642839223146438,-0.0438967011868953,0.1132761463522911,0.0474322773516178,0.8114822506904602,1.4767441749572754,0.0057935891672968,-0.0145145282149314
-0.0577402375638484,1.1979360580444336,-3.6107594496570528e-06,0.0113181192427873,0.1054918617010116,0.1608341485261917,-0.3433434963226318,-0.0073739453218877,-0.024587582796812,0.0049259318038821,-0.0276033841073513,-0.0522597208619117,0.0307590588927268,0.0608341880142688,-0.044204968959093,0.0899279862642288,-0.0300212390720844,0.0541758090257644,-0.0089684687554836,0.6884796023368835,-0.1736452430486679,0.0142671950161457,-0.0145145282149314
0.0138589181005954,-2.064868927001953,-7.523744716309011e-05,0.0015880736755207,0.053395677357912,-0.049725767225027,-0.1349368542432785,0.1963310241699218,-0.0005870222812518477,0.0875952467322349,-0.0374190099537372,-0.0282293669879436,-0.0753114968538284,-0.1820300668478012,-0.0039914469234645,-0.0582305155694484,-0.0645724087953567,-0.0609936937689781,-0.0844374969601631,-0.469235211610794,-0.7882434129714966,-0.0585160851478576,-0.0145145282149314
0.0304790269583463,-0.0348937548696994,2.4027285689953715e-05,0.004637733567506,-0.0318356230854988,-0.1963057368993759,0.2949479818344116,-0.0650678724050521,-0.03425183147192,0.0284419376403093,-0.2041972130537033,0.0158560592681169,0.0153974359855055,0.1381691545248031,0.0066372533328831,-0.2095454037189483,-0.0332456938922405,-0.4220643937587738,-0.1093529313802719,-0.510506808757782,-0.6707088351249695,-0.0013815169222652,-0.0145145282149314
-0.0865419209003448,1.3558403253555298,-8.841660019243136e-06,0.0053000911138951,0.1308392286300659,-0.141035720705986,0.7686014175415039,-0.0989108905196189,0.0113400025293231,-0.2375717014074325,0.0362365692853927,-0.0502993986010551,0.0618541315197944,0.1081601455807685,0.0058920248411595,-0.1093026250600814,-0.0342786870896816,0.3742868602275848,-0.0427598915994167,-0.4380842447280884,-0.6384482383728027,-0.0392730869352817,-0.0145145282149314
-0.0063558393158018,-1.8242475986480715,0.0006687986897304654,-0.0093626864254474,-0.0383363105356693,-0.0598075836896896,-0.1943260729312896,-0.141908198595047,-0.138327419757843,-0.1422399580478668,-0.2646036148071289,-0.0221567824482917,-0.0320991650223732,-0.0970059335231781,-0.0039798966608941,-0.0154757956042885,0.00945679936558,-0.0577502809464931,-0.0443367883563041,-0.5353911519050598,-0.8477804064750671,0.0182250626385211,-0.0145145282149314
0.0299420207738876,-1.971291661262512,-4.271162470104173e-05,0.001468492555432,0.0049422807060182,0.0266393367201089,-0.3019720911979675,-0.1257632374763488,-0.0026148988399654,0.0700562596321106,-0.2809867560863495,-0.0056261192075908,0.0737546309828758,-0.0859521478414535,-0.009115332737565,-0.2039052695035934,0.0187912508845329,0.5798296332359314,-0.0927565097808837,-0.4517947137355804,-0.729360044002533,0.0106525486335158,-0.0145145282149314
0.0165587719529867,0.99751216173172,-2.8986905817873776e-05,0.0073886779136955,0.3398682177066803,-0.0252426229417324,-0.4905170798301697,-0.1737145781517028,0.0237031579017639,0.1895358264446258,0.3681589663028717,0.0143266087397933,-0.0234964787960052,0.1516344249248504,-0.0382423140108585,-0.1408268958330154,-0.0424181893467903,0.2493524849414825,0.0623749308288097,-0.423115074634552,-0.5723431706428528,-0.0364465601742267,-0.0145145282149314
0.0496498122811317,-0.1080913767218589,-1.9393271941225976e-05,0.0055458727292716,-0.0647620558738708,0.0541860871016979,0.2688778340816498,-0.0313030369579792,-0.0010352497920393,0.0269167125225067,-0.0899949446320533,0.4097656607627868,0.0685005635023117,0.2968175411224365,0.0018358787056058,-0.3211703896522522,0.0455103889107704,0.201021060347557,0.0113486470654606,-0.4933580458164215,-0.6019876003265381,-0.0561788827180862,-0.0145145282149314
-0.0290327593684196,-0.10887411236763,-3.030488733202219e-05,0.0131651526317,0.0980286598205566,-0.0382641889154911,0.2327770143747329,0.0560275986790657,-0.0118254823610186,0.0274668093770742,0.0296179577708244,-0.0077046453952789,-0.0383376441895961,-0.1437320858240127,0.0042958804406225,0.5543361902236938,-0.016952684149146,0.6199281811714172,0.4554252624511719,-0.4019284248352051,-0.5102202892303467,0.0702288821339607,-0.0145145282149314
0.00698081869632,0.7487381100654602,-2.118390693794936e-05,0.0015766394790261,0.0069577628746628,0.0555182918906211,0.1106252968311309,-0.2380602657794952,0.0272888224571943,-0.2902621924877167,-0.1949513405561447,-0.0028420758899301,-0.0016504735685884,0.0639111027121543,0.0193029548972845,0.123229831457138,0.0968394726514816,0.3512108922004699,-0.0755645781755447,0.6793986558914185,1.6639302968978882,0.0374720357358455,-0.0145145282149314
-0.0028867018409073,1.053347110748291,-1.4456429198617116e-05,0.0041728629730641,0.0130313709378242,0.0887587815523147,-0.0848533362150192,0.0951087549328804,-0.0049561341293156,0.0016937395557761,0.1349677443504333,-0.0209712050855159,0.0303624048829078,0.0778753757476806,0.0037737246602773,0.0468879081308841,0.0163673870265483,-0.3062918782234192,-0.0457411184906959,0.6820633411407471,1.7180451154708862,0.0226471330970525,-0.0145145282149314
0.0018370430916547,0.4228414893150329,-3.274159098509699e-05,0.0088852690532803,-0.0045990557409822,-0.1179928407073021,-0.1241983920335769,-0.1069218069314956,-0.0580265633761882,-0.0324728898704052,-0.222588762640953,-0.0730147063732147,-0.0661851093173027,-0.1755675226449966,-0.0575431771576404,-0.1138296201825141,0.0068744225427508,-0.0546684153378009,-0.0252844411879777,-0.5776445269584656,-0.8682542443275452,0.0006786523154005408,-0.0145145282149314
0.014835120178759,-0.9160677194595336,-2.3418870114255697e-05,0.0042495881207287,0.0057443906553089,0.077686920762062,-0.1108379587531089,-0.0704886242747306,-0.0198148284107446,-0.0308290459215641,-0.1640167236328125,-0.0439403541386127,0.0110558196902275,0.1602797657251358,0.0012127124937251,0.5710222721099854,-0.0052498504519462,-0.2494775801897049,0.3073099553585052,-0.4121915698051452,-0.5426986217498779,-0.0196296982467174,-0.0145145282149314
-0.0380326472222805,0.9551576972007751,-1.4583933079848066e-05,0.0021253789309412,-0.0846693739295005,0.0258400328457355,0.3038370907306671,0.0705844908952713,-0.028161633759737,-0.2527748346328735,0.1281454861164093,-0.0568212680518627,0.0513105764985084,0.0213288515806198,-0.0705927386879921,-0.0431869328022003,-0.0605191066861152,0.4928329885005951,-0.057185161858797,0.573624312877655,0.5007374286651611,-0.0307251848280429,-0.0145145282149314
0.0453422591090202,1.0398603677749634,-2.995020622620359e-05,0.0039955689571797,-0.0243457201868295,0.0801427960395813,-0.0575574375689029,0.112415924668312,-0.0116025879979133,-0.037928283214569,0.234387919306755,-0.0192308109253644,0.0413819290697574,0.0804915651679039,-0.0356639884412288,-0.0382345207035541,0.0221539437770843,0.0356177873909473,-0.0119929322972893,0.6204275488853455,0.4538561701774597,0.0161823295056819,-0.0145145282149314
0.0039435820654034,-2.207202196121216,-4.699209239333868e-05,-0.00356071209535,-0.1930210590362548,0.0575807988643646,0.2358789891004562,-0.018833415582776,-0.0220572426915168,0.0165778510272502,-0.1792919188737869,-0.0923397839069366,-0.0438492819666862,-0.1606187224388122,0.0006308277952484787,-0.0046436828561127,0.0181649420410394,-0.0896202623844146,-0.0831531882286071,-0.4838975369930267,-0.7551889419555664,0.0290658716112375,-0.0145145282149314
-0.0064797895029187,-2.2597734928131104,-0.00013165251584723592,-0.0028933454304933,-0.0877481326460838,0.0368112735450267,-0.226443737745285,-0.1816394329071045,-0.0510883070528507,0.0377449244260787,-0.0140465097501873,-0.0292986128479242,0.0100575005635619,-0.1615639328956604,-0.0749796330928802,0.011861927807331,0.0146176498383283,-0.0660911723971366,-0.0751800388097763,-0.4971729516983032,-0.8690662384033203,0.0166444759815931,-0.0145145282149314
0.0106872767210006,0.4618243277072906,-7.66057928558439e-06,0.0031608941499143,0.0428686216473579,-0.0010068954434245,-0.1844197958707809,0.0310638695955276,0.005942708812654,0.0405442602932453,0.0555739998817443,-0.0655209943652153,-0.0307380706071853,0.0504474118351936,0.0371470861136913,0.1323962807655334,-0.0540795288980007,-0.1902945935726165,-0.0478841178119182,0.7609617114067078,1.5385291576385498,0.0099118296056985,-0.0145145282149314
0.0343398042023181,-1.5374133586883545,-1.8186343368142843e-05,0.0009737294167280196,-0.0052056428976356,-0.2032480388879776,0.3087393939495086,-0.1141324862837791,-0.0535521544516086,-0.242465078830719,-0.2915518879890442,-0.0334920659661293,0.0010586475254967,-0.0915165767073631,-0.0890165418386459,-0.0627619251608848,0.0269957967102527,-0.2344835847616195,0.05731887742877,-0.4551098644733429,-0.7791382670402527,-0.0071910084225237,-0.0145145282149314
0.0107111986726522,-2.1293342113494877,-1.4899123925715685e-06,-0.0033734729513525,0.1871257573366165,0.123045802116394,-0.4138734638690948,0.1104406714439392,-0.0404268242418766,0.0129922684282064,-0.1587146818637848,0.164805456995964,0.0181613434106111,0.2260056734085083,0.0067588840611279,-0.0251465402543544,-0.013754429295659,-0.0586659722030162,-0.0476961247622966,-0.4287708103656769,-0.6555225253105164,0.0109591362997889,-0.0145145282149314
-0.0100282616913318,0.8361338973045349,-2.2500251361634586e-05,0.0056005897931754,0.1132191866636276,-0.0985960736870765,0.4061759710311889,-0.1514218151569366,0.0065187984146177,-0.2935636937618255,0.0198156256228685,-0.0082219643518328,-0.0528055280447006,0.0067472467198967,-0.0009111287072300912,0.0679472386837005,0.0074230604805052,0.0978483036160469,0.2472633570432663,-0.4829213917255401,-0.5510265827178955,0.0058451746590435,-0.0145145282149314
0.0546110905706882,1.0295413732528689,-2.9323789931368083e-05,0.0036715622991323,0.0072730262763798,0.074876457452774,0.2645568251609802,0.1641816943883896,0.0543800368905067,-0.0026637772098183,0.2906044423580169,-0.0023380243219435,0.0157499779015779,0.0393843166530132,-0.0585219115018844,-0.095821239054203,-0.0624327249825,0.0752547308802604,0.005801040213555,0.598994255065918,0.5528032183647156,-0.0036530783399939,-0.0145145282149314
-0.0297612361609935,0.6458188891410828,-2.477259113220498e-05,0.0026262444444,0.0561452247202396,0.02860913798213,-0.0073198629543185,0.1959720849990844,-0.022119291126728,-0.0067598498426377,0.2502848207950592,0.1230857446789741,0.0348918512463569,0.0985231101512909,0.0122186699882149,0.0270135626196861,0.0837768167257309,0.4043528437614441,-0.015369757078588,0.6179449558258057,2.2305362224578857,0.0196528751403093,-0.0145145282149314
-0.0244005862623453,1.2013278007507324,-1.4505290891975164e-05,0.0018499849829822,-0.0004355758428573608,0.0130775952711701,-0.1771651357412338,-0.2587052285671234,0.0152993956580758,-0.0033481777645647,-0.1727535128593444,-0.1002251207828521,-0.0339673571288585,0.0221282169222831,-0.0319598093628883,-0.2370434701442718,0.0973712727427482,0.4586777091026306,0.0102005992084741,0.6555589437484741,1.047480821609497,-0.035341203212738,-0.0145145282149314
0.0930612310767173,1.2140032052993774,-3.406860196264461e-05,0.0070710470899939,-0.0461939871311187,-0.0194404702633619,-0.0344865657389164,-0.0371236093342304,0.0101706553250551,0.1126450151205062,0.1304357349872589,0.0271346718072891,0.0091998362913727,0.0698354616761207,0.0145932668820023,-0.058837603777647,0.0525582991540432,0.5825904011726379,-0.0781959220767021,0.636764407157898,-0.088381178677082,0.0421401411294937,-0.0145145282149314
0.015923798084259,1.1856358051300049,-1.5208071999950334e-05,0.0024874010123312,0.0445027984678745,0.0060497689992189,0.1158402562141418,0.0629653185606002,-0.0142931388691067,0.0677122548222541,0.2441867291927337,-0.0104288235306739,0.0760576650500297,-0.0028854005504399,-0.0015216850442811,-0.1208246797323226,0.0990480631589889,0.4968625605106354,-0.08893533796072,0.6524649858474731,1.9035961627960205,-0.0060287043452262,-0.0145145282149314
0.0010646699229255,0.5277709364891052,-3.175544406985864e-05,-0.0089009888470172,0.2546832859516144,0.1253234446048736,-0.4827514290809631,0.5627720355987549,0.0053511545993387,0.0033651576377451,0.500897228717804,-0.0607171095907688,-0.1096977889537811,-0.2080418914556503,-0.034486349672079,0.0543338060379028,0.0056266356259584,-0.0318239890038967,-0.0373092778027057,-0.4181656241416931,-0.4977837800979614,0.0123502342030406,-0.0145145282149314
0.0728252157568931,-1.9814999103546145,-3.577421011868864e-05,0.0051018642261624,0.0423261001706123,0.0011376220500096,0.1116053536534309,-0.1155406534671783,-0.0671857967972755,0.0763148143887519,-0.0880684703588485,-0.0432544946670532,0.0512380823493003,-0.0666503831744194,-0.038262840360403,0.0054728724062442,0.0479255691170692,-0.3315051794052124,-0.1441603600978851,-0.4005715548992157,-0.7898948192596436,0.011384667828679,-0.0145145282149314
-0.021129572764039,0.0060576535761356,7.046302926028147e-05,0.018542455509305,-0.1694943457841873,0.0257032345980405,0.2847330570220947,-0.0052737239748239,0.0171995647251606,0.0097743021324276,-0.1081594824790954,0.2510096132755279,-0.0060042440891265,0.0727376937866211,-0.0311978124082088,0.568229615688324,-0.0260067544877529,-0.0375167205929756,-0.0207393951714038,-0.5427486896514893,-0.7113169431686401,0.0779475942254066,-0.0145145282149314
0.0677317753434181,-1.581019639968872,-5.018056981498376e-05,0.0045285332016646,0.072500005364418,0.108989730477333,-0.0802405029535293,-0.0818561315536499,0.1132361963391304,0.0357580482959747,-0.1816039085388183,-0.036485269665718,0.0084386579692363,-0.029548492282629,-0.0107982540503144,0.501088559627533,-0.0407329723238945,-0.1749549955129623,-0.0899635106325149,-0.4285519421100616,-0.6662108302116394,0.0215927027165889,-0.0145145282149314
-0.029027983546257,-0.035454373806715,2.8212110919412225e-05,0.0036341026425361,-0.2291451096534729,0.0282679237425327,0.1902464479207992,-0.0197349432855844,-0.051387995481491,-0.1168181300163269,-0.0343326367437839,0.2259935736656189,-0.0527183637022972,0.0425693206489086,-0.0055409111082553,-0.1041201651096344,-0.0425029583275318,-0.300723135471344,-0.1058424636721611,-0.593043863773346,-0.816687822341919,-0.0154334241524338,-0.0145145282149314
-0.0202986784279346,1.2331960201263428,-2.328648406546563e-06,0.0053364234045147,0.1190298125147819,-0.3410626649856567,-0.1292398124933242,0.0143561130389571,-0.0155918458476662,0.1737130880355835,0.3614510297775268,0.0641153827309608,0.0325457826256752,-0.0749043449759483,-0.0196267925202846,-0.0382067561149597,0.0130968103185296,-0.4192404150962829,-0.0533674620091915,-0.4614735841751098,-0.7270247936248779,-0.0008521103882230818,-0.0145145282149314
0.003569672582671,1.01633882522583,-1.2609620171133429e-05,0.0060308557003736,0.0699073374271392,0.0125115169212222,0.0547715723514556,0.0903486385941505,-0.2244990766048431,-0.0491875186562538,0.2104297131299972,-0.0321042463183403,0.0311475470662117,0.044670145958662,0.1126995235681533,0.0649051591753959,-0.0253929588943719,0.0519377291202545,-0.0041964654810726,0.6138440370559692,0.931560754776001,-0.0122340219095349,-0.0145145282149314
-0.0579212754964828,1.062276005744934,-2.4632223357912156e-05,0.0030706280376762,0.0703617557883262,-0.0746991857886314,-0.176447182893753,0.1218207627534866,0.0684460923075676,-0.0459837354719638,0.1515085846185684,-0.0596952959895134,0.0518928281962871,0.0917879268527031,0.0483953766524791,-0.1707984060049057,0.0309964641928672,0.2646829783916473,-0.0365562364459037,0.543346643447876,-0.1910562962293625,-0.0233071018010377,-0.0145145282149314
0.0094725955277681,-0.376472920179367,-9.222657536156476e-05,-0.0018208334222435,-0.070506103336811,0.040384903550148,-0.1291823834180832,0.0767672061920166,0.0118046030402183,-0.0115883713588118,-0.2483784109354019,-0.0275613032281398,0.0799833536148071,-0.0147715006023645,-0.0591520592570304,0.0989725887775421,0.0048165312036871,-0.044301439076662,-0.0267210192978382,-0.4836508929729461,-0.7225545644760132,0.0125994337722659,-0.0145145282149314
0.0107689267024397,-0.1826029270887375,-9.621457138564438e-06,0.0169452130794525,0.038172323256731,-0.0096213985234498,-0.1653642356395721,0.1431143432855606,0.0097685204818844,0.1981587558984756,0.0135329319164156,-0.0736490711569786,0.1198111921548843,-0.0349182561039924,-0.0842608287930488,0.1576325446367263,-0.1067829504609108,-0.0412924513220787,-0.0203567333519458,-0.502501368522644,-0.7318177223205566,-0.0036881032865494,-0.0145145282149314
0.0238152407109737,1.2385034561157229,-2.3152642825152725e-05,-0.020332096144557,0.1219211220741272,0.1657334417104721,0.0369881577789783,-0.2781162559986114,-0.0268886741250753,0.0195551589131355,0.3638573288917541,-0.0631455481052398,-0.0483091436326503,0.0890267267823219,-0.0365956239402294,-0.0234134048223495,0.0179516952484846,-0.0494781211018562,-0.0580989047884941,-0.435787558555603,-0.6528806686401367,-0.0055130962282419,-0.0145145282149314
-0.0152705814689397,-2.324824810028076,0.00048085767775774,0.0008929464966058731,-0.0249277465045452,-0.0804426670074462,-0.1534668505191803,-0.1033415123820304,-0.117812730371952,-0.1165767684578895,-0.2633676826953888,-0.0157448854297399,-0.0532900281250476,-0.0985262542963028,-0.001460685278289,-0.0468490533530712,0.008263194002211,-0.0558876171708107,-0.0656197592616081,-0.4963891208171844,-0.8417344689369202,0.0077302348800003,-0.0145145282149314
0.0087602054700255,0.3943865597248077,-2.515064988983795e-05,0.0030933930538594,-0.0881538316607475,-0.1198526099324226,-0.2651749551296234,-0.158985897898674,0.0264678541570901,0.0208430625498294,-0.2155647426843643,-0.1221593022346496,-0.0654218941926956,0.0127758830785751,-0.0491888038814067,-0.3358402848243713,0.0917014628648758,0.0272759795188903,-0.1040916591882705,-0.5960748195648193,-0.854842483997345,-0.0867997407913208,-0.0145145282149314
0.0122281350195407,0.3747233748435974,3.166442184010521e-06,0.0029157965909689,-0.0196388531476259,-0.2468478828668594,0.3044368326663971,-0.0155996214598417,-0.0469452515244483,0.0611880086362361,0.1767219454050064,-0.0408348180353641,0.002765618963167,-0.0732887834310531,0.029942762106657,-0.3849833607673645,-0.0427088402211666,-0.5071671605110168,-0.0808761566877365,-0.5416980981826782,-0.8037346005439758,-0.0516140833497047,-0.0145145282149314
-0.0218452867120504,1.1786832809448242,-1.6847090591909364e-05,0.0081038484349846,0.0620406940579414,-0.3474540114402771,0.3911057114601135,0.0571239292621612,-0.0316157713532447,-0.0101915542036294,0.0950262546539306,-0.0467856079339981,0.0136558059602975,-0.1585900783538818,0.0093607157468795,0.0807926729321479,-0.0324293188750743,-0.2181849479675293,0.019167173653841,-0.487337052822113,-0.6735208630561829,0.0287052392959594,-0.0145145282149314
-0.0122651178389787,0.299424946308136,-1.792116745491512e-05,0.0059122862294316,-0.0436995849013328,-0.0313729234039783,-0.235213503241539,0.1191570833325386,0.0311798751354217,0.0059858174063265,0.1516330391168594,-0.1022391244769096,-0.0374608896672725,0.0473230555653572,0.0461574606597423,0.0790857002139091,0.0420260205864906,-0.4622882008552551,-0.0763217285275459,0.6704292893409729,-0.2788324654102325,-0.0116527806967496,-0.0145145282149314
0.0075248721987009,0.3938038349151611,-1.4900459063937888e-05,0.0056019448675215,-0.0240012537688016,0.0054164887405931,0.1168201863765716,0.0818655788898468,-0.0100072985514998,0.0219828318804502,0.0756701529026031,-0.0151717765256762,0.0259266123175621,0.0496298670768737,0.0493257604539394,-0.174629271030426,-0.0631352066993713,-0.3900017738342285,-0.0489888936281204,0.7385641932487488,1.3720176219940186,-0.045793529599905,-0.0145145282149314
-0.0273443721234798,1.0491126775741575,-2.360017242608592e-05,0.0022637350484728,0.0271966271102428,-0.0196046493947505,-0.0506655573844909,0.1288969665765762,-0.0414356105029583,0.1272756308317184,0.2472397834062576,-0.0243544932454824,0.0014705626526847,0.0634557530283927,-0.0429032780230045,-0.0428262315690517,0.01014647167176,0.3776967525482178,0.0061579896137118,0.631087064743042,1.6300514936447144,-0.0310021489858627,-0.0145145282149314
-0.0160092767328023,-1.8176207542419436,6.326379661913961e-05,0.0062087033875286,-0.2201557159423828,0.1276598423719406,-0.2779443264007568,0.211211547255516,-0.0056146602146327,0.0519855469465255,-0.1675256043672561,0.3198057413101196,0.0581032186746597,0.2487303763628006,0.0031419873703271,-0.0317568853497505,-0.0011840122751891,-0.0140224695205688,-0.050734594464302,-0.4442599713802337,-0.7189142107963562,0.0250816382467746,-0.0145145282149314
-0.0188228767365217,0.3261240422725677,-1.971200254047289e-05,0.0034018289297819,-0.0321825519204139,0.000645834777969867,-0.370816171169281,-0.1540876477956771,-0.0608136318624019,-0.0157967824488878,-0.2620554268360138,-0.0760120823979377,-0.0222788900136947,-0.1912004351615905,0.0938585773110389,-0.4882851839065552,0.0914049670100212,-0.4618341624736786,-0.1208573132753372,-0.5887531042098999,-0.884965181350708,-0.0659507438540458,-0.0145145282149314
0.032038751989603,0.6797020435333252,2.114133894792758e-05,0.0057790046557784,0.0945364236831665,-0.2142159193754196,0.2231566905975341,-0.0589440502226352,0.0588486492633819,0.0669552832841873,-0.1523007005453109,-0.0556848496198654,0.0113214058801531,0.2000324726104736,-0.0539364106953144,0.5732207894325256,0.0006324668065644801,-0.4764529168605804,-0.0911199226975441,-0.4767937064170837,-0.6036418080329895,0.0366280078887939,-0.0145145282149314
0.0903134196996688,-1.6389552354812622,-4.10756329074502e-05,0.0017370505956932,-0.0341417789459228,0.0408086217939853,0.1443704217672348,-0.1137108504772186,-0.016480591148138,-0.0909514725208282,-0.2469049245119094,0.0053841294720768,-0.0322556123137474,-0.110048271715641,-0.0807913616299629,-0.0693369731307029,-0.0483750030398368,0.4804770946502685,0.7359172105789185,-0.4217082858085632,-0.6600720882415771,-0.0479367822408676,-0.0145145282149314
-0.0661014392971992,0.2228863686323166,-7.939270290080458e-06,0.0114855831488966,-0.0858745276927948,0.0979200676083564,-0.3020894527435303,-0.0386802442371845,-0.090089775621891,0.1303563714027404,-0.1808548271656036,-0.0348184220492839,0.0454369783401489,-0.0455715432763099,-0.0055482960306108,0.0385717898607254,0.0161670371890068,0.4178798496723175,0.0182166714221239,-0.5145975947380066,-0.669904887676239,0.022854009643197,-0.0145145282149314
-0.0127937151119112,1.1445293426513672,-6.887155905133113e-06,0.0029272728133946,0.0028128675185143,-0.17270427942276,0.1508154720067978,0.1114068403840065,0.0190174058079719,-0.0386252999305725,0.2212513238191604,0.0145891848951578,0.0160415191203355,0.044563490897417,-0.0178585294634103,0.0121597358956933,-0.0791758149862289,-0.3796267509460449,-0.0284784790128469,0.7124449014663696,1.8494482040405276,-0.0048067751340568,-0.0145145282149314
0.0231783017516136,-0.8978432416915894,0.0004468433326110244,-0.01793172955513,-0.0454225614666938,-0.0348682291805744,-0.1476587057113647,-0.0622504279017448,-0.1433758586645126,-0.1162630543112754,-0.2143671661615371,0.0033556683920323,-0.0161925610154867,-0.090281143784523,0.0072286650538444,-0.0129970451816916,0.0175702422857284,-0.027086678892374,-0.00627833744511,-0.5217769145965576,-0.8321769833564758,0.0061718611977994,-0.0145145282149314
-0.0031867164652794,0.3662548065185547,-2.922527346527204e-05,0.001659762696363,0.0160530097782611,-0.2179648876190185,0.1375703960657119,0.2559331953525543,-0.0074928081594407,0.1265180557966232,0.2033605128526687,0.0251873265951871,0.0210466645658016,0.0909752026200294,0.0877016857266426,0.0449605882167816,-0.1248063370585441,0.3220491111278534,-0.0147177167236804,0.5151144862174988,2.1375725269317627,0.0037205931730568,-0.0145145282149314
-0.0281275454908609,-1.4683785438537598,-3.959499736083672e-05,-0.0019018361344933,0.0530173182487487,0.0188903380185365,0.02046550065279,-0.0592370070517063,0.0283571444451808,-0.0138436071574687,-0.2850629389286041,-0.0470190979540348,0.1369154751300811,0.1167089119553566,0.0321027040481567,-0.2476895153522491,-0.0425643622875213,-0.2092721611261367,-0.2602287232875824,-0.4175471067428589,-0.7216276526451111,-0.0265564881265163,-0.0145145282149314
0.0246003568172454,0.3801668584346771,0.0004468434490263462,-0.030431879684329,-0.0233828630298376,-0.0115572065114974,-0.175730898976326,0.0295094437897205,-0.1377383172512054,-0.1003535240888595,-0.2195693403482437,0.0699844732880592,0.0118751237168908,-0.0373761914670467,0.0731664076447486,0.0216286648064851,0.0176139064133167,-0.0476439595222473,-0.022244170308113,-0.6003519892692566,-0.8741687536239624,0.0250412933528423,-0.0145145282149314
-0.0004266777541488409,0.961718738079071,-2.355853939661756e-05,0.0033932593651115,-0.0059822839684784,-0.0563418306410312,0.1429146528244018,0.2036267071962356,0.0192939341068267,0.0562493465840816,0.2421288639307022,-0.00196173787117,0.0211667604744434,0.0895080119371414,0.0412716604769229,0.1343434453010559,0.0260949693620204,0.145405426621437,-0.047455221414566,0.6152535676956177,2.4485199451446533,0.0457919277250766,-0.0145145282149314
-0.0062072360888123,-0.2704835534095764,-2.3856839106883854e-05,0.0024101680610328,0.0576920248568058,-0.0314733758568763,0.1361390501260757,0.2183549106121063,0.1504355669021606,0.2535800337791443,0.1163087636232376,-0.0916345417499542,0.0188692230731248,0.093144915997982,-0.02458425052464,0.0921907797455787,-0.001558665651828,-0.0757334753870964,0.0538066960871219,0.7882251143455505,0.0088907517492771,0.0196625404059886,-0.0145145282149314
-0.0268904995173215,0.6103753447532654,-1.5893838281044737e-05,0.0047330325469374,0.1150481179356575,-0.0104342438280582,-0.1315905600786209,0.0100517347455024,0.0008213170804083347,-0.0745983347296714,-0.0419367142021656,-0.029780188575387,0.0017905123531818,0.0794880613684654,0.0403919778764247,0.4706267416477203,-0.0187447629868984,-0.1423220634460449,0.0442069396376609,-0.4706733524799347,-0.5091386437416077,-0.0132706696167588,-0.0145145282149314
0.1011256650090217,1.2266815900802612,-3.611877764342353e-05,0.0092138750478625,-0.2934108674526214,0.1786025464534759,0.0471107810735702,0.2772571444511413,-0.0007300131255760789,0.1048912405967712,0.4349999725818634,0.1622995734214782,-0.0084699038416147,0.1572579592466354,-0.0297147147357463,-0.0805816873908042,0.0237736385315656,0.2297437340021133,-0.0288138110190629,-0.3823326528072357,-0.5866745114326477,-0.035023283213377,-0.0145145282149314
0.0526992678642272,1.269299030303955,-1.6592202882748097e-05,-0.0203495305031538,0.09947020560503,-0.4084577858448028,-0.1610589623451233,-0.141759917140007,-0.0174603909254074,-0.0161136072129011,0.1460973471403122,0.0014047501608729,-0.0244449637830257,0.1282129287719726,-0.0172289926558733,-0.0389026999473571,0.0008574491948820651,-0.0498212203383445,-0.0253632683306932,-0.4553439915180206,-0.6747258305549622,-0.0042092548683285,-0.0145145282149314
-0.0214033089578151,-1.891762614250183,-9.661448711995035e-05,-0.0008374122553505003,-0.00386817404069,-0.0510927066206932,-0.0920566916465759,-0.1234773844480514,0.0035471993032842,-0.0232717301696538,-0.2550369501113891,-0.0366458110511302,-0.0511056073009967,-0.1178290173411369,0.0313216745853424,-0.3020862638950348,-0.0463264100253582,-0.3375743925571441,-0.1645030230283737,-0.4061454832553863,-0.7753552794456482,-0.0161376241594553,-0.0145145282149314
-0.002413535490632,-2.179630756378174,-0.0005495582008734345,-0.002460032235831,0.0008895174833014607,0.1400646865367889,-0.0658371224999427,-0.1328710615634918,0.005452471319586,-0.1524649411439895,-0.2759251594543457,-0.0655407831072807,0.0005150070646777749,-0.1364952623844146,0.0219792798161506,-0.0125576090067625,0.0110426908358931,-0.0724248364567756,-0.0595658197999,-0.5033259987831116,-0.8007512092590332,0.0060479431413114,-0.0145145282149314
-0.0249715242534875,0.1337051540613174,-1.818358214222826e-05,0.0076090623624622,-0.0092978822067379,0.0030557240825146,-0.3386676609516144,0.0476158186793327,-0.0564112178981304,0.0440732613205909,0.2753500640392303,0.138321042060852,0.0024539660662412,0.0561911836266517,0.0320085063576698,0.1526480019092559,-0.0645240619778633,-0.551569402217865,-0.0765779018402099,0.5989211797714233,-0.1264794915914535,0.00456885388121,-0.0145145282149314
0.0826366022229194,1.4575378894805908,-9.9647615570575e-05,-0.0208545215427875,0.0245364438742399,0.0036532101221382,0.1862237602472305,0.0442758910357952,0.0012234468013048,0.0386885032057762,0.1344684660434723,-0.0068910922855138,0.0039417273364961,-0.0859537273645401,0.0393189415335655,0.0637091100215911,0.0199309699237346,-0.0382932052016258,-0.0130644189193844,-0.5021518468856812,-0.6705493927001953,0.0110272914171218,-0.0145145282149314
-0.0206205882132053,0.4720360040664673,-1.8676895706448704e-05,0.0020156528335064,0.0335250087082386,0.0529040955007076,0.0896087512373924,0.5462756156921387,0.0819725766777992,0.0081142354756593,0.2739616930484772,0.000880030682310462,0.032174002379179,0.1088107153773307,0.0238366201519966,-0.0390500091016292,0.021412281319499,0.3727062940597534,-0.0307081136852502,0.567665159702301,2.112807035446167,-0.00740667572245,-0.0145145282149314
0.0138290636241436,0.4755723178386688,-1.8740392988547683e-05,0.0012924562906846,0.0604682825505733,-0.3007285892963409,0.1887215971946716,-0.1222518905997276,-0.0896746516227722,-0.1208196654915809,-0.3586602807044983,-0.0064799250103533,0.0078082010149955,0.1227608770132064,-0.0368102118372917,0.2089065462350845,-0.0586743801832199,-0.173348844051361,-0.0857181102037429,-0.5438944697380066,-0.7409428954124451,-0.0198040939867496,-0.0145145282149314
-0.0211352854967117,1.110728144645691,5.0298374844715e-05,-0.0180991180241107,-0.2085676491260528,-0.064388483762741,0.2434693872928619,0.1469050198793411,-0.0635851621627807,0.0669192522764206,-0.1439341604709625,0.1044376194477081,-0.0263242274522781,0.082632191479206,-0.011078093200922,0.0783397331833839,0.0291945096105337,-0.0626704171299934,-0.0425469055771827,-0.4912515580654144,-0.7655004858970642,0.0005880350945517421,-0.0145145282149314
-0.0155928283929824,0.8429049849510193,-1.3434128049993888e-05,0.0052027786150574,-0.0030052301008254,-0.1462748199701309,-0.0506230741739273,-0.0221472680568695,0.0733292922377586,0.0935937389731407,0.1201864182949066,-0.0093720545992255,-0.011611190624535,0.0633496791124343,0.0935603305697441,0.1868962794542312,0.0244728438556194,0.4683770835399627,0.1731852889060974,0.6380883455276489,0.5833433866500854,0.0330204702913761,-0.0145145282149314
-0.0495528019964695,-0.2146594524383545,-2.154862158931792e-06,-0.0008307395037263632,-0.0281682424247264,-0.1043480187654495,0.3551266491413116,-0.0532090552151203,-0.009231174364686,-0.1719666570425033,-0.1852015256881714,0.0137500036507844,0.0126123428344726,0.0876256451010704,-0.0147264366969466,0.0595699101686477,0.0585799999535083,0.1422473043203354,0.0428361445665359,0.8665890097618103,1.0178842544555664,-0.0091604348272085,-0.0145145282149314
0.0021945522166788,-2.215867519378662,-0.0029622819274663,-0.0012283236719667,-0.0489641465246677,-0.1256244778633117,0.1379971206188202,-0.1520789265632629,-0.0658868178725242,0.0755180418491363,-0.2262443453073501,0.0053300615400075,-0.0376697964966297,-0.1965199559926986,-0.0173009876161813,-0.0137656787410378,-0.007268987596035,-0.0822452455759048,-0.0586703307926654,-0.5345834493637085,-0.8319005370140076,0.0032754074782133,-0.0145145282149314
0.0569718480110168,0.498177021741867,7.797934813424945e-07,0.004550184123218,0.1702406555414199,0.0583291538059711,0.1757789999246597,-0.154320940375328,-0.0357525125145912,0.0227566622197628,0.0951713621616363,-0.004880404099822,-0.0497667677700519,-0.057711586356163,0.0028807495255023,0.0713662728667259,-0.0292884614318609,0.8275660872459412,0.280085802078247,-0.4270634353160858,-0.6232026219367981,0.028972964733839,-0.0145145282149314
-0.0208919383585453,-0.8698776364326477,-2.1548250515479594e-05,0.0050641624256968,-0.0168277490884065,0.0964953526854515,0.4606180787086487,0.7041244506835938,-0.006034611724317,-0.2389310598373413,0.3777074515819549,-0.0277495216578245,0.0750259384512901,0.021320916712284,0.0515200197696685,-0.0066267549991607,0.0109984278678894,0.5461559891700745,0.2706233859062195,0.7412256002426147,-0.0884653553366661,0.0407942570745945,-0.0145145282149314
0.0293712932616472,1.3069027662277222,-9.28991212276742e-05,0.0102883055806159,0.0865612030029296,0.0192953832447528,-0.0332289151847362,-0.0829942598938942,0.0338398143649101,0.0741511359810829,-0.186508223414421,0.0198553893715143,0.1783423870801925,-0.0531550832092762,0.0506145693361759,0.1599395871162414,-0.0095530897378921,0.5049571394920349,-0.1291519403457641,0.685269832611084,0.1095634028315544,0.0214078929275274,-0.0145145282149314
0.029224470257759,-0.7975149154663086,-2.762316580628976e-05,0.0015275795012712,-0.0276204403489828,-0.0807604938745498,-0.1013934537768364,0.0399709567427635,-0.0060365218669176,0.060546264052391,-0.1039215549826622,-0.0853789523243904,-0.027984881773591,-0.0500285848975181,-0.0705661326646804,-0.2097384482622146,0.0149260489270091,-0.4671626687049866,-0.1219125092029571,0.7129399180412292,1.7701078653335571,0.0151609610766172,-0.0145145282149314
-0.0279572885483503,-1.1540135145187378,-2.1641004423145205e-05,0.0015813849167898,0.0622466579079628,0.0325292684137821,0.1394004225730896,-0.0526952929794788,-0.0266111772507429,0.0247930474579334,-0.1737383902072906,-0.0675161182880401,0.0509980581700801,0.0149111533537507,0.0260621290653944,0.0683896988630294,-0.0099097480997443,0.511134147644043,-0.0596349015831947,0.7703273296356201,0.7317175269126892,0.0056056263856589,-0.0145145282149314
0.0279111713171005,-1.893434166908264,0.0006687986897304654,-0.0090179191902279,-0.0455031506717205,-0.0599738880991935,-0.1936912983655929,-0.1347255557775497,-0.1436891257762909,-0.1355442851781845,-0.2491917461156845,-0.0205766707658767,-0.0333775915205478,-0.0867504701018333,-0.0131917828693985,-0.0299287978559732,0.0106309438124299,-0.0503562912344932,-0.0516678318381309,-0.5271229147911072,-0.8658195734024048,0.0177856404334306,-0.0145145282149314
0.0303352121263742,1.2961221933364868,-2.0511688489932567e-05,0.006972731091082,-0.0360835641622543,0.103186085820198,-0.1859041452407837,-0.0547720976173877,0.1832867413759231,-0.0106382360681891,-0.1624510139226913,0.0612948238849639,0.0479176305234432,0.0826358273625373,0.1427689343690872,-0.0899517014622688,0.0784550458192825,-0.2419908046722412,-0.0601045563817024,0.7374604940414429,-0.0231168270111084,-0.0144377872347831,-0.0145145282149314
-0.0198954306542873,0.6732305288314819,-6.237538764253259e-05,-0.0219400916248559,-0.0350530296564102,-0.0253032147884368,0.2882172465324402,0.3439692854881286,-0.0484572872519493,0.1740387380123138,0.277856707572937,-0.0030898784752935,-0.0390498973429203,0.0773171633481979,-0.049659252166748,0.1239485815167427,-0.0263652261346578,-0.0763573050498962,-0.016898013651371,-0.4376177489757538,-0.6849474310874939,0.002691019559279,-0.0145145282149314
-0.0063558393158018,-1.8242475986480715,0.0006687986897304654,-0.0093626864254474,-0.0383363105356693,-0.0598075836896896,-0.1943260729312896,-0.141908198595047,-0.138327419757843,-0.1422399580478668,-0.2646036148071289,-0.0221567824482917,-0.0320991650223732,-0.0970059335231781,-0.0039798966608941,-0.0154757956042885,0.00945679936558,-0.0577502809464931,-0.0443367883563041,-0.5353911519050598,-0.8477804064750671,0.0182250626385211,-0.0145145282149314
0.0687466263771057,0.1665617376565933,-1.262570367543958e-05,0.0050658476538956,0.0772043392062187,0.2494160234928131,-0.4930299818515777,-0.0925374999642372,0.034292247146368,0.0266276337206363,0.4405083358287811,0.1359249651432037,0.03581353276968,0.2993474006652832,0.0850731581449508,0.0792329758405685,-0.0192468874156475,0.4449268579483032,-0.034218244254589,-0.4145198166370392,-0.4882045686244964,-0.0005278723547235131,-0.0145145282149314
0.0527369864284992,1.4178320169448853,-1.6642516129650176e-05,-6.852671504020691e-05,0.0681581944227218,0.1319155097007751,0.004718454554677,-0.1642106175422668,0.0613438114523887,0.0142786856740713,-0.272840678691864,-0.017197024077177,-0.0029683171305805,-0.0033090135548263,0.0312405433505773,0.0413221456110477,0.1003475561738014,-0.0067148562520742,0.0113791394978761,-0.492324024438858,-0.6462882161140442,0.0460403934121131,-0.0145145282149314
-0.0446598306298255,0.3603878319263458,-6.434114766307175e-06,0.0011194602120667,-0.0699043869972229,-0.0395301207900047,0.1945212334394455,-0.1086020991206169,-0.0358081385493278,-0.1367741972208023,-0.0716161429882049,-0.0855595245957374,-0.0260825492441654,0.0436186715960502,0.0253538433462381,-0.0795497745275497,-0.1233374327421188,0.478326678276062,0.330678790807724,-0.4835745096206665,-0.7412683367729187,-0.0701873749494552,-0.0145145282149314
-0.0178536120802164,-1.1400787830352783,-0.00010182851110585034,0.0061018764972686,-0.0153195364400744,0.1248442754149437,-0.3395047187805176,-0.1015338152647018,-0.0042943251319229,0.009454003535211,-0.2409873306751251,-0.0365601032972335,0.1085138469934463,-0.1456550806760788,0.0082445899024605,0.060932595282793,0.0505958795547485,-0.0616881288588047,0.0312984623014926,-0.471347838640213,-0.6964667439460754,0.0223509594798088,-0.0145145282149314
0.0202023368328809,-2.3171792030334477,-0.0029598642140626,-0.0014108198229223,-0.0507078170776367,-0.0167669747024774,0.0564174838364124,-0.1454515159130096,0.0011258794693276,0.1116740629076957,-0.2813021540641784,-0.0287094283849,0.0197391025722026,-0.1866618543863296,-0.0075640510767698,0.0054932055063545,0.0143796950578689,-0.0751670375466346,-0.0727602466940879,-0.5147653818130493,-0.8059805631637573,0.017264662310481,-0.0145145282149314
-0.065071240067482,-0.0080588031560182,-3.182419459335506e-05,0.0028537786565721,-0.1392634212970733,0.0025721618440002,-0.1396044343709945,-0.1084035709500312,0.0157566163688898,0.0661881566047668,0.1336916238069534,-0.0436844900250434,-0.1166030317544937,-0.1580286771059036,0.0452972091734409,-0.1505989283323288,-0.0470373071730136,0.5888087153434753,0.4019822180271148,-0.4770861566066742,-0.6168473958969116,-0.0043098130263388,-0.0145145282149314
-0.0130323637276887,-2.12188982963562,-0.000569066614843905,-0.0045089172199368,-0.0097541362047195,0.1571017205715179,-0.305493414402008,-0.1002987176179885,-0.0489462353289127,-0.0399564765393734,-0.2926305830478668,-0.0882072448730468,-0.0453541874885559,-0.1093727722764015,-0.0424734950065612,-0.0500966198742389,0.0227951947599649,-0.0675606355071067,-0.0957978144288063,-0.4829301536083221,-0.7589285969734192,0.0042084394954144,-0.0145145282149314
-0.029954444617033,-1.6674164533615112,-0.00013351494271773845,0.0014076484367251,-0.0635803714394569,-0.0247661005705595,-0.1385321170091629,-0.1537605971097946,-0.077212855219841,-0.023061204701662,-0.3096421360969543,-0.0923835635185241,-0.0191584955900907,-0.2044761627912521,-0.0361641198396682,-0.2186407148838043,-0.0515126250684261,-0.1710235774517059,-0.1486026793718338,-0.4664088487625122,-0.8065235018730164,-0.0337306447327137,-0.0145145282149314
0.01575100235641,-2.1397933959960938,-5.712448910344392e-05,-0.002593794837594,0.0307213626801967,-0.0464515127241611,-0.1834098845720291,0.4111106097698211,0.0058403564617037,0.1574300229549408,0.1303622871637344,-0.0249680746346712,0.0347082018852233,-0.174254909157753,0.0720257014036178,0.0457289516925811,-0.0096252923831343,-0.0728074312210083,-0.0481141097843647,-0.4734170436859131,-0.7396777868270874,0.0070935110561549,-0.0145145282149314
-0.0027057786937803,-1.579323172569275,-5.12924452777952e-06,0.000456404552096501,-0.125617429614067,0.0735047608613967,0.0520104765892028,-0.1292270421981811,-0.0532910674810409,-0.0272607207298278,-0.0190040152519941,-0.036413799971342,-0.0170665122568607,-0.0622656382620334,0.0325323268771171,-0.0773098468780517,0.0362243615090847,-0.4118705093860626,-0.1729388087987899,-0.4498410820960998,-0.7632461786270142,0.0078269997611641,-0.0145145282149314
0.0053427414968609,1.171689748764038,-0.00016017310554161668,-0.0174489244818687,0.0399480685591697,-0.1576152741909027,-0.263998806476593,-0.0355475582182407,0.001011747517623,0.0161930937319993,-0.1112434118986129,-0.0447864383459091,-0.0069559630937874,-0.1045348420739173,0.0048551904037594,0.0100695630535483,0.0488408021628856,-0.0243948101997375,-0.0466576814651489,-0.5393462777137756,-0.8623819947242737,0.0093376077711582,-0.0145145282149314
0.0458166599273681,0.3517957627773285,-6.21550134383142e-05,0.0019164381083101,-0.0163169167935848,0.0558380000293254,0.1081122085452079,-0.1257138103246688,0.0971873551607132,0.0268646236509084,-0.3440581560134887,-0.0512531362473964,0.0290269199758768,-0.1263359785079956,0.0107315480709075,-0.2841536998748779,-0.1270441859960556,0.3425619900226593,0.3598353862762451,-0.4852396547794342,-0.7105945348739624,-0.0551291182637214,-0.0145145282149314
0.0309666078537702,-0.0658063516020774,-1.0520325304241853e-05,0.0030345204286277,-0.0192293021827936,0.0596886835992336,0.1477854400873184,0.0116531606763601,-0.0114945210516452,0.0093814339488744,-0.0991563573479652,0.0028829204384237,0.0102510880678892,0.0756100192666053,0.0434065461158752,0.1441406309604644,0.0020447981078177,-0.0832403898239135,0.0454655550420284,0.7831692695617676,0.7084017395973206,0.0065364339388906,-0.0145145282149314
0.0287010073661804,0.9986553192138672,-1.4233559340937065e-05,0.0023684184998273,-0.0753951147198677,0.0437260642647743,0.1495828628540039,0.0607842616736888,-0.0282517503947019,-0.4094550907611847,0.1428941339254379,-0.0038830339908599,0.0882562920451164,0.0577694252133369,-0.0707122609019279,-0.1626012772321701,0.0388363823294639,0.4530788362026214,-0.0171341858804225,0.5854074358940125,1.553171157836914,-0.0280995927751064,-0.0145145282149314
-0.003228384302929,1.0343453884124756,-2.820404915837571e-05,0.0040372828952968,-0.0034166625700891,0.0359438881278038,-0.243970900774002,-0.0511228926479816,-0.0923183187842369,0.0696613043546676,-0.2101230025291443,0.1273673325777053,-0.0390438623726367,0.0688456520438194,0.0037397763226181,0.1042856648564338,0.071381464600563,0.2574755549430847,-0.0370430015027523,0.683695375919342,1.3759347200393677,-0.0126105099916458,-0.0145145282149314
0.0260546468198299,1.0789906978607178,-8.57234772411175e-06,0.0034361698199063,0.0285571906715631,-0.0134969437494874,0.221742957830429,-0.0162535812705755,-0.0064792078919708,-0.2471173107624054,0.1229153200984001,-0.0696638822555542,-0.0172669291496276,0.040996141731739,0.00025105790700763464,-0.0530235692858696,0.0460908040404319,-0.4938189089298248,-0.0135604068636894,0.7269647121429443,1.2959587574005127,0.0127552393823862,-0.0145145282149314
-0.0072596645914018,-1.4363579750061035,1.1452888429630548e-05,0.0022061788477003,-0.0790747329592704,0.0950496718287468,-0.0187782365828752,-0.163350835442543,-0.0176305435597896,-0.3491092324256897,-0.1515217721462249,0.110916644334793,-0.0999451056122779,-0.0498863346874713,0.0453964211046695,0.0466643087565898,0.0207214709371328,-0.3714530169963836,-0.1591790616512298,-0.4238122403621673,-0.7211802005767822,0.020022390410304,-0.0145145282149314
0.0048124589957296,1.0196425914764404,-1.2963533663423732e-05,0.0026649155188351,-0.01131755951792,-0.1711586117744445,0.2730548679828644,0.0261364839971065,-0.0020546126179397,0.0157104413956403,0.0071643427945673,-0.000330664508510381,0.0478689260780811,0.0450937449932098,0.0912053287029266,-0.1773712486028671,0.06657325476408,0.6160560250282288,0.1292356997728347,0.6568502187728882,0.7288015484809875,-0.003657201770693,-0.0145145282149314
0.0280176717787981,0.516783595085144,-4.995963536202908e-06,0.0028832249809056,-0.0584156326949596,0.0050422344356775,0.4634261131286621,0.252223938703537,-0.0061239483766257,-0.2004650086164474,0.4523402452468872,-0.1283427625894546,-0.0160035416483879,0.1065238565206527,0.0567284524440765,-0.0759415701031684,0.1139399334788322,-0.2695154845714569,-0.0371660962700843,0.6116747856140137,-0.5035326480865479,0.0086407698690891,-0.0145145282149314
0.0564217455685138,1.4264966249465942,-0.00019510361016727984,0.0026270085945725,-0.1044484749436378,0.1124271303415298,-0.1988492310047149,-0.0946778431534767,0.1992652267217636,0.2061295360326767,0.0945796892046928,0.0032951103057712,0.0991629660129547,-0.1129366084933281,-0.0354869477450847,-0.2375496476888656,0.0475549586117267,0.1653963178396225,-0.0050071259029209,-0.5000093579292297,-0.7385861277580261,0.0059585738927125,-0.0145145282149314
0.0333955287933349,-0.0456862263381481,-1.4807443221798168e-05,0.0046646664850413,0.0105235846713185,-0.085943579673767,0.0061630480922758,0.0297562684863805,-0.0482169277966022,0.1419561505317688,-0.0521997548639774,-0.0409687533974647,0.074653185904026,0.0384991392493248,0.0198407340794801,0.2644881904125213,-0.032067596912384,0.610849916934967,0.131231278181076,0.7339563369750977,1.440847635269165,0.0553522780537605,-0.0145145282149314
0.0354118160903453,0.4247655570507049,-1.0566578566795217e-05,0.0027160616591572,-0.2917004227638244,-0.0928312391042709,0.0845123529434204,-0.0806965008378028,0.0011176915140822,0.0399328581988811,-0.1140590235590934,0.0031473413109779,-0.0135704074054956,-0.041326355189085,-0.0009332862100563944,0.0592539682984352,-0.0100111383944749,0.4248180687427521,-0.0613072700798511,0.7344902157783508,1.264755368232727,-0.0009090036037378012,-0.0145145282149314
0.05613549426198,1.444396734237671,-0.0001809634268283844,-0.0199367590248584,-0.0464326217770576,0.1443148553371429,0.0279518812894821,-0.1444145590066909,-0.2240297049283981,0.1477013528347015,0.1453663855791092,-0.0210485849529504,0.088655449450016,-0.1599488109350204,-0.0105087971314787,0.0671713799238205,0.0399702824652195,-0.0566549599170684,-0.0222577769309282,-0.4860638678073883,-0.7168185710906982,0.0309295151382684,-0.0145145282149314
-0.0368396714329719,1.2731214761734009,-0.0001699869753792882,-0.0162998847663402,0.0671460777521133,-0.6335911154747009,0.3029772341251373,0.1438667178153991,0.374987930059433,0.2046505361795425,0.1205343902111053,0.0095259482041001,0.0290975756943225,-0.1421041786670684,-0.0315366275608539,0.0817463025450706,0.0013430160470306,-0.083708681166172,-0.0234675556421279,-0.4473032653331756,-0.4651554226875305,0.0033344775438308,-0.0145145282149314
0.007658265531063,-1.0048422813415527,-3.940679016523063e-05,0.004202714189887,-0.1083385124802589,0.037626139819622,-0.0596303790807724,-0.1271473914384842,-0.0281188338994979,0.0235122181475162,-0.0526311323046684,-0.0046758400276303,0.0169694703072309,-0.1997142285108566,-0.0229518190026283,-0.1569167226552963,0.0393799506127834,-0.2626838982105255,-0.1725011020898819,-0.5254250168800354,-0.7937437891960144,0.0300383139401674,-0.0145145282149314
-0.055699735879898,0.2643870413303375,-5.2774965297430754e-05,0.0032133557833731,-0.0218372885137796,0.0693735182285308,-0.1439629048109054,-0.0360505618155002,-0.0488506965339183,-0.0192867908626794,-0.2461317926645279,-0.0403148271143436,-0.0189782213419675,0.0294047240167856,0.0295131169259548,-0.1086536198854446,0.0768347680568695,0.0810182318091392,0.0165859591215848,0.76741623878479,0.8120004534721375,0.0040494124405086,-0.0145145282149314
0.0357214845716953,0.859932541847229,-1.7910395399667323e-05,0.002294847741723,0.0170205682516098,-0.1164803728461265,0.3431283235549927,-0.0013002968626096,0.0004140509699936956,-0.2877605855464935,0.0949840769171714,0.123433917760849,-0.0175117291510105,0.0665194019675254,-0.0213016048073768,0.0424253642559051,0.0086584836244583,0.3346914947032928,0.0259717907756567,0.6971819400787354,1.517896294593811,0.0347718708217144,-0.0145145282149314
-0.0607619062066078,0.9451993703842164,-3.712236502906308e-05,0.0031944734510034,0.01915761269629,0.0388795062899589,0.0179494228214025,0.2443475127220153,-0.0034725528676062,0.1756735742092132,0.4272353649139404,0.1052510067820549,-0.089270107448101,0.2368820011615753,-0.0280474480241537,0.0127247469499707,-0.1074238270521164,0.2272416651248932,0.00034125352976843715,-0.4052123725414276,-0.615479052066803,0.0010342623572796,-0.0145145282149314
-0.0572661161422729,0.247642770409584,-1.7985559679800645e-05,0.0026067390572279,-0.0386752411723136,-0.0190464165061712,0.1155934780836105,0.0382453650236129,0.0587209016084671,0.0434632711112499,0.1411789506673813,-0.0594008304178714,0.0508874095976352,0.046286791563034,-0.0067153009586036,0.1882148683071136,-0.0106898350641131,0.4027497172355652,-0.049390472471714,0.735891580581665,1.8676772117614744,0.0132634975016117,-0.0145145282149314
0.0947780758142471,-0.0150317987427115,-3.778180689550936e-05,0.0029914542101323,-0.0715971291065216,-0.0831934809684753,0.1055496931076049,-0.0897575467824935,-0.106185145676136,0.0208131913095712,0.0116522787138819,-0.0027947619091719,-0.0209387224167585,-0.1498903036117553,-0.0320737138390541,-0.1689044684171676,-0.0928162038326263,0.5900129079818726,0.3774660229682922,-0.5090292096138,-0.7122660279273987,-0.0844359397888183,-0.0145145282149314
-0.0084798652678728,0.7373051643371582,-3.155603917548433e-05,0.0015898775309324,0.0740659534931182,0.0286384131759405,0.5493420958518982,-0.0727297440171241,0.0220099575817585,-0.3308873474597931,-0.2141010910272598,-0.0103263305500149,-0.0254015736281871,0.0406805053353309,-0.0106971310451626,-0.081149585545063,-0.0447573661804199,0.2937568426132202,0.1076867952942848,0.7285755276679993,0.7393315434455872,-0.019495140761137,-0.0145145282149314
0.0253326185047626,-0.0946099087595939,0.0004468434490263462,-0.0186275281012058,-0.0252170283347368,-0.0208223145455122,-0.1151535287499427,0.0104526048526167,-0.127619206905365,-0.1062997430562973,-0.2226822823286056,0.0537024214863777,-0.0247092563658952,-0.0509446859359741,0.0776731893420219,0.0247205141931772,0.0067438050173223,-0.0305815655738115,-0.0174332652240991,-0.5611634254455566,-0.8453053832054138,0.0259932354092597,-0.0145145282149314
-0.00943757686764,-1.778028964996338,-0.00012112167314626276,0.0034755836240947,-0.0525320470333099,-0.0448549538850784,-0.1731028109788894,-0.0455803275108337,-0.08036520332098,-0.086023710668087,-0.1897336691617965,-0.0261581279337406,0.0347196348011493,-0.0895045027136802,-0.0583688765764236,0.213210254907608,-0.0142373517155647,0.2363542318344116,0.3918063342571258,-0.456960529088974,-0.7478609085083008,0.0398808866739273,-0.0145145282149314
-0.0129772406071424,-2.1560964584350586,-0.00011133324005641045,-0.0088391127064824,0.0212726220488548,0.2531382143497467,-0.3339976668357849,-0.1444596052169799,-0.0322858318686485,0.0245066490024328,-0.2846714556217193,-0.0553843677043914,-0.0577722080051898,-0.120598018169403,-0.0373839922249317,0.0182179417461156,0.0302684735506773,-0.0410794466733932,-0.0339914113283157,-0.4762407541275024,-0.7367050051689148,0.00340291345492,-0.0145145282149314
0.0220134798437356,-2.1618638038635254,-4.3072999687865376e-05,-0.0016660299152135,-0.0232289675623178,-0.2223608344793319,0.10056634247303,-0.1495315730571746,-0.0326055809855461,0.1252430975437164,-0.219923511147499,-0.02243741042912,-0.0120027493685483,0.2816035151481628,-0.0639225170016288,0.0059135793708264,-0.0073811910115182,-0.0577221475541591,-0.0651502609252929,-0.5206862688064575,-0.7613847851753235,-0.0013892743736505,-0.0145145282149314
-0.0625000670552253,1.3594777584075928,1.3040837075095624e-05,0.0148945702239871,0.0715852305293083,0.0375159792602062,0.3819289803504944,0.2567406594753265,0.1091013625264167,-0.2385120987892151,0.4554081857204437,0.00322912982665,0.0467174276709556,-0.0765775069594383,0.0012858804548159,0.5036805868148804,-0.0043650795705616,0.0316871739923954,-0.0164102297276258,-0.3405722677707672,-0.4019586741924286,0.0172720905393362,-0.0145145282149314
-0.0444804988801479,0.0297604333609342,-4.8277186579070985e-05,0.0059763309545814,-0.0982396900653839,0.143365740776062,0.2940333783626556,-0.0753401219844818,0.044797409325838,0.0718863159418106,-0.3548610508441925,0.1347854137420654,0.0412220023572444,0.1853842139244079,-0.0158812124282121,-0.0509900264441967,-0.045420054346323,0.1445162892341613,0.1160329803824424,-0.5197935700416565,-0.6460599303245544,-0.0384607762098312,-0.0145145282149314
0.0129970572888851,-0.7252817153930664,-2.673639392014593e-05,0.0151319652795791,-0.0236471556127071,0.0556930005550384,-0.0819057151675224,-0.1073545143008232,-0.0164361353963613,0.1254612505435943,-0.1212195456027984,-0.0115276472643017,0.1060855239629745,-0.0932888016104698,-0.0624996237456798,0.0871294364333152,0.0218845847994089,-0.0447548776865005,-0.0130593767389655,-0.5067758560180664,-0.7632775902748108,0.0207585394382476,-0.0145145282149314
-0.0200274195522069,-1.83660888671875,-0.0001149983872892335,0.0019460328621789,0.0371804162859916,-0.0064090616069734,0.3217507898807525,-0.1095558926463127,-0.050852321088314,-0.0477118082344532,-0.3163633942604065,-0.0634556040167808,-0.0306382682174444,-0.222438558936119,-0.0182644929736852,0.4121195673942566,0.0338265970349311,-0.4668883383274078,-0.2344676554203033,-0.3784867823123932,-0.6448736786842346,0.0235940851271152,-0.0145145282149314
-0.0101942783221602,0.2275218069553375,-2.8891503461636603e-05,-0.0063254977576434,-0.0393081158399581,0.02084381878376,-0.2873875796794891,0.2486681789159774,0.1513823121786117,0.214259386062622,0.4812319278717041,-0.0426862351596355,0.0626910105347633,-0.0715482383966445,0.0847737044095993,0.0943152159452438,-0.0046897842548787,0.0265225730836391,-0.0207025632262229,-0.5070257782936096,-0.7070379257202148,0.02053096704185,-0.0145145282149314
-0.0181783474981784,-1.9317805767059328,-5.420825618784875e-05,-0.0142818475142121,-0.0644681826233863,-0.0678339004516601,-0.0783158838748931,-0.1012492328882217,0.1793902367353439,-0.0757805183529853,-0.1389374285936355,-0.0127725843340158,0.0691816955804824,-0.1531553715467453,0.0422577857971191,-0.1525556296110153,0.0373021364212036,-0.3225317895412445,-0.1850570440292358,-0.4131431579589844,-0.7331763505935669,-0.0103684747591614,-0.0145145282149314
0.0507044643163681,0.7996291518211365,-0.00010277741239406168,-0.0087982360273599,0.2905492186546325,0.4300908148288727,-0.4629615247249603,-0.0729286596179008,0.0111917406320571,-0.0680079162120819,-0.1988511532545089,-0.0274855196475982,0.0189910307526588,-0.1263856738805771,0.0115790590643882,0.0343938544392585,0.0164415054023265,-0.0257950965315103,0.0077000688761472,-0.4962177574634552,-0.5753580927848816,0.0070386542938649,-0.0145145282149314
0.0495814941823482,1.0580623149871826,-1.538492870167829e-05,0.002407920313999,-0.0422957874834537,-0.1145776882767677,0.0899553820490837,-0.1114506050944328,-0.0174084492027759,-0.0587711594998836,-0.078458622097969,-0.0602120757102966,0.0179127436131238,0.0389051511883735,0.0374193601310253,-0.2407005876302719,0.1093310192227363,0.7196095585823059,-0.0426276884973049,0.666954517364502,0.0499886758625507,-0.0368542037904262,-0.0145145282149314
0.0147134428843855,0.6020840406417847,-1.834777503972873e-05,0.0023263548500835,0.0106580127030611,-0.1099456995725631,0.1780821681022644,-0.026125693693757,0.005831753835082,-0.0339485853910446,-0.0435570180416107,-0.040342915803194,0.0353939570486545,0.0490531735122203,0.0050382418558001,0.1943703144788742,-0.0521569177508354,0.1081577390432357,-0.0519483909010887,0.7586847543716431,1.3439167737960815,0.0299774855375289,-0.0145145282149314
0.0134128388017416,0.5568009614944458,-1.641069320612587e-05,0.0014050801983103,0.0155270844697952,0.0927941501140594,0.0376085750758647,0.0035161734558641,-0.0162652432918548,0.0111530153080821,0.1098288148641586,0.1222291141748428,0.0795842930674552,0.0153052462264895,-0.0329294204711914,-0.1492305397987365,-0.0503368340432643,-0.5455771684646606,-0.1329317688941955,0.7361720204353333,0.9509835839271544,-0.0151168853044509,-0.0145145282149314
-0.0387499630451202,-0.2332263588905334,-9.845540625974536e-05,0.0034364429302513,0.0468138046562671,-0.0575568750500679,0.4179272949695587,0.1782988160848617,0.1231859773397445,0.0799006074666976,0.146127164363861,-0.0651883110404014,0.0821772441267967,-0.074363924562931,0.1208375692367553,0.0803493782877922,-0.0424400232732296,0.1790491044521331,0.3047395944595337,0.7250621914863586,0.1069180592894554,-0.0230845957994461,-0.0145145282149314
0.0850780233740806,-1.29216206073761,-2.763173688435927e-05,0.0025309643242508,0.0657854899764061,0.2597584724426269,0.0796500667929649,-0.0753663033246994,-0.0074199647642672,-0.3520183265209198,-0.4257758557796478,-0.0197351463139057,0.0574768856167793,0.0112401451915502,-0.0150273628532886,0.0034597599878907,-0.0062401504255831,0.5063392519950867,0.6650153994560242,-0.4428326785564422,-0.594123125076294,0.0131454262882471,-0.0145145282149314
0.0118580078706145,1.1463943719863892,-1.819803219405003e-05,0.0052334782667458,-0.0250298269093036,0.0595131181180477,-0.0648733004927635,0.0375609323382377,-0.0099114552140235,-0.002469150815159,0.1757971048355102,0.2151995152235031,0.0169155765324831,0.1032410860061645,-0.0202602855861186,-0.1144292131066322,-0.0425876528024673,-0.008675823919475,0.0077521433122456,0.7416244149208069,2.072500944137573,-0.0778630822896957,-0.0145145282149314
0.0006308851297944784,-0.4463425874710083,-0.0003444248577579856,-0.0031459124293178,-0.2753646373748779,0.1662411838769912,0.4749331474304199,-0.0850216746330261,0.0072872177697718,-0.0074832770042121,-0.2678000628948211,-0.0460977628827095,-0.061909582465887,-0.1827127337455749,-0.0139193972572684,0.0822725221514701,0.0637149363756179,-0.0423573404550552,-0.0551349818706512,-0.5266161561012268,-0.7360288500785828,0.0162436347454786,-0.0145145282149314
0.0276646688580513,1.1917946338653564,-3.0272647563833743e-05,0.0019585771951824,0.0111971218138933,0.0394228436052799,0.3312352001667022,-0.0022221680264919,0.0442495346069335,-0.217740386724472,-0.2727279961109161,-0.0472320765256881,-0.0139654194936156,0.0240920651704072,-0.0096609499305486,-0.1287284046411514,0.087323397397995,0.4475664496421814,0.1379453688859939,0.6820691823959351,0.5224706530570984,0.0030073975212872,-0.0145145282149314
-0.0343809202313423,0.3346224129199981,-3.208588168490678e-06,0.0036138880532234,0.0231958981603384,-0.0239049009978771,0.441733568906784,-0.031425654888153,0.0623939037322998,-0.3367516696453094,0.3226413428783417,0.0247393231838941,-0.0022985108662396,-0.1038905903697013,-0.0041665183380246,0.3821532726287842,-0.0220216810703277,0.2154977321624755,0.1873637586832046,-0.4977510571479797,-0.6358240246772766,0.0347218699753284,-0.0145145282149314
0.0329577587544918,-1.8204586505889893,-2.4987028155010197e-05,0.0040674190968275,0.033186450600624,-0.0130735132843256,-0.0765942484140396,-0.1020582914352417,-0.0535432621836662,0.0273513980209827,-0.1197070255875587,-0.0405807569622993,0.0524107068777084,0.0083776656538248,0.0381187237799167,0.3408493995666504,-0.0308943204581737,0.1142640560865402,0.0073050977662205,0.8083837032318115,1.6928369998931885,0.0215450227260589,-0.0145145282149314
0.0573580712080001,1.3151299953460691,-7.258752884808928e-05,0.0020945982541888,-0.1867800503969192,0.1516336053609848,-0.1920870542526245,-0.1484386026859283,-0.0815217643976211,0.0070515475235879,-0.1729454100131988,-0.0425602942705154,-0.0257721561938524,-0.2172113507986068,-0.0726818516850471,-0.1327926069498062,-0.0091059431433677,0.1428911536931991,-0.1235505938529968,-0.5279374122619629,-0.7869162559509277,-0.0046632871963083,-0.0145145282149314
-0.019192848354578,0.4017367959022522,-1.998940570047125e-05,0.0054453196935355,0.0286913868039846,-0.009453504346311,-0.4153967201709747,-0.2352349162101745,0.0346536077558994,0.0649752914905548,-0.2237238883972168,0.1523287892341613,-0.1080991402268409,0.0548492856323719,0.1791456192731857,0.070219948887825,-0.0309751629829406,-0.002807391108945,-0.0970717296004295,0.7284851670265198,0.6727027893066406,0.0141971092671155,-0.0145145282149314
0.0161643456667661,-1.109111189842224,-1.9336941477376968e-05,0.0019649164751172,-0.0574845783412456,0.0305411294102668,0.2749826908111572,0.1803121715784073,0.0910968035459518,0.0568706430494785,0.0214850660413503,0.0406238511204719,0.0037133458536118,0.053552109748125,-0.0240079015493392,0.2457806020975113,-0.0746172964572906,-0.2147258073091507,0.0056219850666821,0.7737652659416199,-0.0242024175822734,0.0013800397282466,-0.0145145282149314
0.0283661317080259,1.0693358182907104,-1.3537657650886104e-05,0.0027600370813161,-0.030197761952877,-0.0986578986048698,-0.0478969402611255,-0.0297776199877262,-0.0608209148049354,0.0715309754014015,0.1088980585336685,-0.0694220587611198,0.002869761781767,0.0920196771621704,0.0063920603133738,-0.23027865588665,0.0230378210544586,0.3556323051452636,0.0449921824038028,0.7241318225860596,0.6955037713050842,0.005024217069149,-0.0145145282149314
-0.0323454700410366,-1.8474103212356567,-2.714495349209756e-05,0.0025212885811924,0.1315462440252304,0.0611626878380775,-0.0849615558981895,-0.049620397388935,0.051766887307167,0.0970470830798149,-0.2129984200000763,0.020475136116147,0.1229370087385177,0.0865861698985099,-0.0680535212159156,0.214842140674591,0.0305857267230749,-0.2902404963970184,-0.1930305063724517,-0.3851188719272613,-0.7050273418426514,-0.0006512971594929695,-0.0145145282149314
-0.0289103612303733,-1.5645149946212769,-3.423348243813962e-05,0.0021227318793535,-0.0128791909664869,0.0456862896680831,-0.063057355582714,-0.1031942963600158,-0.0351174101233482,-0.1010609790682792,-0.2776707112789154,-0.0396512486040592,0.1748190075159073,0.1367232948541641,0.0829868838191032,-0.1078308671712875,0.027231702581048,-0.337388277053833,-0.2623095214366913,-0.4093324244022369,-0.7217221856117249,-0.0009994958527386189,-0.0145145282149314
-0.0351462662220001,-2.026203393936157,-0.00023947429144755009,-0.0018958029104396,-0.0777861475944519,-0.0066062156111001,-0.0834501236677169,-0.1176068782806396,-0.0166508313268423,0.0508192293345928,-0.270401120185852,-0.0433625802397728,0.014792856760323,-0.1651713699102401,-0.0654538348317146,-0.2310574799776077,-0.0280972458422184,-0.2766534388065338,-0.1486634910106659,-0.4126710891723633,-0.8259556293487549,-0.0694463104009628,-0.0145145282149314
0.0489798597991466,-2.0743072032928467,-3.54339717887342e-05,-0.0008108797483146191,0.0224193464964628,-0.2091153860092163,0.014950493350625,-0.0723950788378715,-0.0748411789536476,-0.017130821943283,-0.1796252429485321,-0.0641731619834899,-0.0900051668286323,-0.1872856318950653,-0.0673415586352348,-0.1408578306436538,0.0253344289958477,-0.1208874881267547,-0.1459785550832748,-0.4554746448993683,-0.7765002846717834,0.0036791197489947,-0.0145145282149314
-0.0033982165623456,-0.3158235251903534,-2.0118786778766665e-05,0.0018271178705617,-0.0261353701353073,0.0601270943880081,0.1955067962408065,0.3080487549304962,0.0708710327744484,0.0103703020140528,0.215673953294754,0.3344563841819763,0.0974144116044044,0.1686543226242065,0.0319659523665905,0.0528486296534538,-0.0040556681342422,0.363537073135376,-0.051033392548561,0.7459872364997864,1.777756929397583,-0.0048220017924904,-0.0145145282149314
-0.0063059236854314,-2.262404203414917,2.376071643084288e-05,-0.0019497162429615,0.0080084959045052,-0.0853966772556305,0.0234077759087085,-0.2123404443264007,0.0025735711678862,0.0802585184574127,-0.1554581820964813,0.0219802074134349,-0.0568040385842323,-0.0545810796320438,-0.0294225681573152,-0.0426035895943641,0.024235775694251,-0.0343203619122505,-0.0516149550676345,-0.5286064147949219,-0.7990966439247131,0.0054908189922571,-0.0145145282149314
-0.0120420642197132,-0.4984935820102691,5.496793892234564e-05,-0.0028502203058451,-0.2443697154521942,0.0269962344318628,0.4167922437191009,-0.0270231273025274,0.0035573656205087,0.1860304027795791,-0.1819656193256378,0.1997396796941757,0.0006651069270446897,0.1239516213536262,0.0886421054601669,0.1014693975448608,0.0232828799635171,-0.0109796989709138,-0.0145960794761776,-0.4949580430984497,-0.694151759147644,0.0287479013204574,-0.0145145282149314
-0.0275107771158218,0.6095095276832581,-5.5576005252078176e-05,-0.0065788202919065,-0.066522903740406,-0.2020040899515152,-0.0735589936375618,-0.1965801119804382,0.1323007494211197,-0.0198634397238492,-0.2365984469652176,-0.0277925860136747,0.0523713901638984,0.076737456023693,-0.0361169278621673,0.0407619252800941,0.0468129403889179,0.0325261950492858,0.0335289537906646,0.7822320461273193,-0.0433233901858329,-0.0195367448031902,-0.0145145282149314
-0.0061057223938405,0.5744059681892395,-3.767927410081029e-05,-0.0027896212413907,-0.0832384005188942,-0.0153272030875086,-0.0533659048378467,0.0323808155953884,0.0312203038483858,0.0180603470653295,-0.1049027442932128,-0.0101648028939962,-0.0284309070557355,0.026723189279437,0.0306488890200853,0.0307091232389211,-0.0061630466952919,0.055562350898981,-0.0317569114267826,0.85770183801651,1.8179212808609009,0.0130936419591307,-0.0145145282149314
0.0529474057257175,-2.186219930648804,-0.00025945360539481044,-0.0011859086807817,0.0777510330080986,-0.0137644996866583,-0.202044203877449,-0.1096014380455017,0.0899662375450134,0.0015345435822382,-0.2422803491353988,-0.0322444438934326,0.0037559061311185,-0.1579420864582061,-0.0766875743865966,-0.0292098317295312,0.0137652046978473,-0.0656678304076194,-0.0774027034640312,-0.4896836876869201,-0.8419595956802368,0.0081720128655433,-0.0145145282149314
-0.0488859638571739,0.3587206304073334,-2.9607028409373012e-05,0.0139314718544483,-0.0147132668644189,-0.0894078910350799,0.323300838470459,-0.0660142824053764,-0.0527698919177055,0.1142407804727554,-0.005025147460401,-0.0490996353328228,0.0186606086790561,-0.0552560947835445,-0.0178055837750434,-0.1087909936904907,-0.0546107478439807,0.0803385227918624,0.0569937862455844,-0.5128436088562012,-0.769938588142395,0.0159376915544271,-0.0145145282149314
0.0059953751042485,1.197806477546692,-4.312722012400627e-05,0.0016253703506663,0.0097153931856155,0.0894032567739486,0.0923647806048393,0.0323713533580303,0.0223520435392856,0.0005799004575237632,-0.1621422171592712,0.0152326263487339,0.0107305701822042,0.0426481552422046,0.031487263739109,-0.0977813825011253,0.0308333132416009,0.2701964378356933,0.0326260849833488,0.7183781862258911,2.0655558109283447,-0.0010802005417644,-0.0145145282149314
0.0021832725033164,-2.017763376235962,-0.00010570470476523042,-0.0035493064206093,0.0056882635690271,0.1855914145708084,-0.0334113240242004,-0.1303245723247528,-0.00013041181955486536,0.1205904260277748,-0.1760148853063583,-0.1263146102428436,0.0014775469899177,-0.1698822230100631,0.0186035521328449,0.0186208337545394,0.0220358837395906,-0.0354980565607547,-0.0827971845865249,-0.4536711275577545,-0.7030565142631531,0.0042982688173651,-0.0145145282149314
0.0562859326601028,1.2396552562713623,7.040007767500356e-05,0.0041062282398343,0.2222504168748855,0.086616963148117,0.4346266686916351,-0.30654177069664,0.0361731350421905,-0.0077397096902132,0.4755551815032959,-0.0218750853091478,-0.0278213489800691,0.0859352201223373,0.0319872163236141,-0.0493583306670188,-0.0093073556199669,-0.00014564348384737968,-0.0082347290590405,-0.4664534330368042,-0.6654216051101685,0.0113878129050135,-0.0145145282149314
0.035137940198183,0.7085567712783813,-0.00045720289926975965,-0.0138915767893195,-0.0113394353538751,-0.0909004211425781,0.2014243453741073,0.0254993010312318,0.4368684291839599,0.2651114165782928,0.1144572049379348,-0.0500163584947586,0.0289429388940334,-0.1081825047731399,-0.0128575405105948,0.1258197277784347,0.0270600039511919,-0.0359673947095871,0.0371200181543827,-0.5195175409317017,-0.6886016130447388,0.0297754202038049,-0.0145145282149314
0.0056567098945379,-0.1832477748394012,1.285294274566695e-06,0.0012559187598526,-0.0230493824928998,-0.0161361824721097,0.1374939084053039,-0.1113072857260704,-0.0393166877329349,-0.1159028708934784,-0.1717217713594436,-0.053996667265892,0.0313792899250984,0.1094390302896499,0.0300477836281061,-0.2166739553213119,-0.0103487465530633,-0.1850349456071853,0.1138060539960861,0.7205142974853516,-0.0526454895734787,-0.0332454741001129,-0.0145145282149314
0.0087680798023939,0.636350691318512,-3.8946105632930994e-05,0.0017468710429966,-0.0300834756344556,0.0003025975311174989,0.0464681647717952,0.0346368588507175,-0.0437518134713172,0.0371668860316276,-0.1875376105308532,-0.0078422427177429,-0.1167248710989952,-0.0360222980380058,-0.0260960254818201,0.0794151574373245,0.0542045906186103,0.3681035041809082,-0.0390933491289615,0.773296594619751,2.1443357467651367,-0.0136400703340768,-0.0145145282149314
-0.0688615590333938,1.067079782485962,-1.9461069314274937e-05,0.0062536266632378,-0.403456449508667,0.0678844004869461,0.2558359205722809,0.4914975166320801,0.0338196121156215,-0.2467595636844635,0.2003400474786758,0.017083229497075,0.0239414926618337,0.0989324152469635,0.0874211713671684,-0.2449644356966018,0.0139909712597727,-0.4475966393947601,-0.0643046200275421,0.5194552540779114,-0.0722773447632789,0.0171586424112319,-0.0145145282149314
0.0246127489954233,1.068655014038086,-2.4244545784313232e-05,0.0029166608583182,0.00021035675308667123,-0.0394181050360202,-0.0277700517326593,0.0784447416663169,0.0025719797704368,-0.014234859496355,-0.1163576170802116,-0.0074916058219969,0.0365935191512107,0.0814104974269867,-0.044965710490942,-0.0842490568757057,0.0880648791790008,-0.2771590948104858,-0.0904485359787941,0.6846076846122742,1.681206464767456,0.0086846137419343,-0.0145145282149314
-0.00439721532166,-0.1765420883893966,-2.79925370705314e-05,0.0030152883846312,-0.063930295407772,0.0496012084186077,-0.0930708050727844,0.0096471011638641,0.0673080384731292,0.0232215505093336,0.1230119168758392,0.1488130688667297,0.1448941379785537,0.0548781529068946,0.0298317819833755,0.0695077180862426,-0.0058388672769069,0.1605696082115173,0.1182384118437767,0.6571764945983887,0.3657485544681549,-0.0138687621802091,-0.0145145282149314
0.034797117114067,0.0602095797657966,4.3419277062639605e-07,-0.0047550667077302,0.0330684147775173,-0.0001785217027645558,-0.3492947220802307,-0.0550238713622093,0.0297792945057153,0.0236951485276222,0.0820527672767639,0.2781671583652496,-0.0268001276999712,0.0087252147495746,-0.0560097396373748,0.0262713842093944,-0.0284547768533229,0.0166984274983406,-0.012752073816955,0.7325474619865417,1.0508581399917605,-0.0020526563748717,-0.0145145282149314
-0.0083089414983987,0.5422199368476868,-0.00010775669943541288,0.0051618362776935,0.0795348212122917,-0.0940519869327545,-0.0493166409432888,-0.1419267803430557,0.0180712137371301,0.1527359038591385,-0.1186887845396995,-0.1040230318903923,0.0436630882322788,-0.1904442012310028,-0.0166382994502782,-0.0665702447295188,-0.055219393223524,0.2201254963874817,-0.1038998812437057,-0.4507412016391754,-0.7044843435287476,-0.0382046177983284,-0.0145145282149314
0.0134537164121866,0.9318968653678894,-5.54250436834991e-05,-0.0070956069976091,-0.0754403546452522,0.0202987305819988,-0.0598197057843208,-0.0049163806252181,0.0103366263210773,0.1871079504489898,0.1805674731731414,0.0483249574899673,-0.1083550825715065,0.0351063199341297,0.0654243007302284,0.0163141023367643,-0.0144495284184813,0.0039437636733055,-0.0920756235718727,0.695091187953949,0.947035312652588,0.0211276859045028,-0.0145145282149314
0.0005380655638873577,-2.2716064453125,-0.0006308680167421699,-0.0028189865406602,-0.0479246787726879,0.0190113577991724,-0.2880020141601562,-0.1570541262626648,-0.0318859443068504,0.0330623090267181,-0.3284333050251007,-0.0512097366154193,-0.042534165084362,-0.1439373791217804,-0.0916273817420005,-0.0414539761841297,0.0080276289954781,-0.0753512978553772,-0.0762842148542404,-0.4912098944187164,-0.8085587620735168,0.009573683142662,-0.0145145282149314
-0.0218549668788909,0.7053180932998657,-1.3605600543087348e-05,0.0106620276346802,-0.0149681335315108,0.0082881432026624,0.3290231823921203,0.0372225157916545,0.0308747328817844,0.1187339946627616,-0.0029514585621654,0.1350722759962082,0.0323409177362918,0.10500218719244,-0.0024263539817184,0.5353543758392334,-0.0019059526966884,0.4488335847854614,-0.0493233911693096,0.6235297918319702,-0.2026437520980835,0.0175825282931327,-0.0145145282149314
-0.0295424293726682,-2.1958250999450684,-6.756788934580982e-06,0.0011628401698544,-0.0951903611421585,0.1383370608091354,0.1696829348802566,-0.1272840797901153,-0.0387447252869606,-0.070367507636547,-0.3128535151481628,-0.0593696534633636,-0.0894342064857482,-0.0714974924921989,-0.0372889824211597,-0.2068385481834411,0.00013513265002984554,-0.3743290603160858,-0.2122568786144256,-0.4170572161674499,-0.8276047110557556,0.0172475688159465,-0.0145145282149314
0.0647117048501968,0.3356738686561584,-7.5293319241609424e-06,0.0029630351345986,0.0036366800777614,0.0947121381759643,-0.1252529472112655,0.0013502999208867,-0.0288091320544481,0.0344077460467815,0.0393211431801319,-0.0954678133130073,-0.0144573533907532,0.0776149556040763,-0.0902481153607368,0.0585888400673866,0.1383524984121322,0.4488629102706909,0.1558300107717514,0.6421764492988586,1.69713032245636,0.0317388735711574,-0.0145145282149314
0.0861023887991905,-0.4941196143627167,-4.029990668641403e-05,0.0022204560227692,0.0409219413995742,0.0298467054963111,-0.0982551500201225,-0.0445272922515869,0.0207167137414217,0.0477215051651001,-0.1902032643556594,0.0094017842784523,0.0392270684242248,0.0947536453604698,-0.061535969376564,0.1919310092926025,0.0253767557442188,0.0640119239687919,-0.0698186233639717,0.7126027941703796,0.7909418344497681,0.057874821126461,-0.0145145282149314
0.0385054387152195,-2.29701828956604,0.00048085767775774,0.0060014529153704,-0.0326637141406536,-0.0616194084286689,-0.1544423848390579,-0.0948777720332145,-0.1137052625417709,-0.1072395220398902,-0.2462823837995529,-0.0144947795197367,-0.0417356640100479,-0.0905983224511146,-0.0064545283094048,-0.0456954166293144,0.0094393249601125,-0.0482231080532074,-0.0724398419260978,-0.4969434142112732,-0.8552900552749634,0.0079585500061512,-0.0145145282149314
0.0357766933739185,0.4427563846111297,-3.1508170650340617e-07,0.0031278717797249,0.1156726330518722,-0.1225270852446556,0.0285978261381387,-0.1304403096437454,0.0284921415150165,0.0596930831670761,-0.1443976759910583,-0.084549993276596,-0.0347558967769146,0.0253551173955202,0.0136105678975582,-0.0075821001082658,0.0130611406639218,-0.3860231935977936,-0.132041648030281,-0.4711803495883941,-0.7579846382141113,0.030683234333992,-0.0145145282149314
0.0173736829310655,0.9164196252822876,-1.240153142134659e-05,0.002001219196245,0.0734435394406318,0.0286559276282787,0.1245088800787925,-0.0119929928332567,0.0288483090698719,-0.0384438708424568,-0.1088408157229423,0.209460362792015,0.0297227427363395,0.0833064690232276,0.0103966388851404,0.083785280585289,-0.0122216157615184,0.3823566138744354,-0.0302164070308208,0.6707912683486938,1.1427805423736572,0.0268902108073234,-0.0145145282149314
-0.0139767816290259,1.0118639469146729,-3.8137070077937096e-05,0.0014378682244569,0.0190682020038366,0.0513725727796554,0.0269154366105794,0.0444272495806217,-0.0051866467110812,-0.0808036923408508,0.0895522162318229,-0.0579573512077331,-0.0339314602315425,0.0607981458306312,0.0028234217315912,-0.0678573995828628,-0.0034494879655539,0.2058635354042053,-0.0756711065769195,0.652207612991333,1.747568964958191,-0.010763625614345,-0.0145145282149314
0.0703485980629921,-1.6760077476501465,-0.0003763911663554609,0.0017223253380507,-0.0155014703050255,0.0012012998340651,-0.0716010406613349,0.3255008459091186,-0.0689017921686172,0.0111351497471332,-0.2585150003433227,-0.0708705708384513,0.0417098701000213,-0.1914182156324386,-0.0681751519441604,-0.0984216257929802,-0.0396502502262592,-0.2816544771194458,-0.1229108199477195,-0.3901855945587158,-0.7767096757888794,-0.0537926740944385,-0.0145145282149314
0.0523951575160026,1.003161072731018,-1.9581937522161752e-05,0.0021262359805405,0.0378003530204296,-0.132137268781662,0.4035659730434418,0.0406846031546592,0.0189457833766937,0.026702094823122,0.1748329699039459,0.1955526769161224,0.0258013028651475,0.0755069032311439,0.0381058827042579,-0.0521258898079395,0.0577390678226947,0.5001237988471985,-0.0352401211857795,0.7152511477470398,0.6900003552436829,0.0068396585993468,-0.0145145282149314
-0.0148894805461168,-2.1439077854156494,0.0006687986897304654,-0.0078922370448708,-0.0377618558704853,-0.1013802736997604,-0.2017766237258911,-0.1507758647203445,-0.1526033282279968,-0.1709776818752288,-0.2612484991550445,-0.0229050777852535,-0.0519488714635372,-0.0936067104339599,-0.0101618403568863,-0.0678345039486885,0.008327379822731,-0.0649025291204452,-0.0614236481487751,-0.5002103447914124,-0.8396385312080383,0.0139109184965491,-0.0145145282149314
-0.0648440644145011,1.216912031173706,-4.654357326216996e-06,0.0238369964063167,0.0208022836595773,-0.2763935625553131,0.4567695260047912,0.1260606050491333,-0.0276588927954435,-0.1397021859884262,0.5684574842453003,-0.0465695075690746,0.0324597023427486,0.0623441115021705,-0.0525543168187141,0.1003115475177764,0.0024060697760432,-0.3717965483665466,-0.010008281096816,-0.3886293470859527,-0.6202614307403564,0.015739819034934,-0.0145145282149314
-0.0527627617120742,-0.0180749259889125,-0.0002541809808462858,-0.0039309347048401,0.0240073427557945,-0.0137755814939737,0.2516876459121704,-0.0015711499145254,0.0010802111355587,0.1213594228029251,-0.2729949951171875,-0.0338004380464553,0.0376250445842742,-0.059429608285427,0.0063182874582707,0.1010478660464286,0.0097468830645084,0.1384898275136947,0.0125893019139766,0.8590089678764343,1.1039921045303345,-0.011600399389863,-0.0145145282149314
-0.0096235610544681,-1.4542992115020752,-1.5016074030427262e-05,0.0011919009266421,0.035608422011137,-0.0602762661874294,-0.034237615764141,-0.0868613570928573,0.025044722482562,0.0007269853376783431,-0.0696742460131645,-0.0897231996059417,0.0029200103599578,0.007462300825864,-0.0246528089046478,0.0891066342592239,-0.0715411901473999,0.5260724425315857,0.2284534871578216,0.774150013923645,0.9445781111717224,-0.0032395019661635,-0.0145145282149314
0.0064109028317034,-1.9688842296600344,-2.6518806407693774e-05,0.0006448201020248234,0.2135295122861862,0.1822291761636734,0.0869920775294303,0.3680808842182159,0.0069836438633501,-0.1435087025165558,-0.1446812599897384,0.0039915489032864,0.0013575931079685,0.1117731183767318,0.0202273484319448,-0.0520081259310245,0.0078043676912784,0.2902555465698242,-0.0659242868423461,-0.4426267445087433,-0.6303779482841492,-0.0203280951827764,-0.0145145282149314
-0.0172947198152542,-1.6562570333480835,-2.2993037418928e-05,0.0049477089196443,0.1131429746747016,0.0398692153394222,-0.2662116587162018,-0.1019053980708122,-0.0343716479837894,0.0043405746109783,-0.1725915074348449,-0.0516875572502613,-0.0935974419116973,-0.2186329960823059,-0.0326374359428882,0.5364965200424194,0.0955565422773361,-0.2987509369850158,-0.1256177127361297,-0.3809804916381836,-0.6057852506637573,0.0165980886667966,-0.0145145282149314
0.1186001300811767,1.081451177597046,-1.741604137350805e-05,0.007486093789339,-0.0317696556448936,0.1029607728123664,0.0512831881642341,0.0230945609509944,0.0556325539946556,0.0173577535897493,-0.1373483389616012,-0.0220886822789907,-0.0955935046076774,0.0048168064095079,0.0673779919743537,-0.1054905802011489,0.0835843458771705,0.5382532477378845,-0.0980682522058487,0.6896679401397705,0.0398587472736835,0.017267607152462,-0.0145145282149314
0.0057580973953008,0.9404213428497314,-2.420474629616365e-05,0.0076868133619427,-0.0312284119427204,-0.206488087773323,0.0301701091229915,-0.1440381109714508,-0.0062356106936931,0.2200242429971695,-0.190257266163826,-0.0623788572847843,0.0428922288119792,-0.1364005953073501,0.1026791781187057,-0.3095775842666626,0.0310252681374549,0.7250334620475769,-0.1094629019498825,-0.5223625898361206,-0.6986537575721741,-0.0264278650283813,-0.0145145282149314
0.0749905928969383,1.0608333349227903,-8.997778058983386e-05,0.0036116128321737,-0.0839883536100387,0.0111705362796783,0.18942691385746,0.0287328083068132,-0.0574066191911697,0.0688300877809524,0.0194730348885059,-0.0651044175028801,0.0028245346620678,-0.1215984895825386,0.0086891800165176,0.0705804750323295,0.057275541126728,0.6124889850616455,0.0186101477593183,-0.4407707750797272,-0.6172218322753906,0.0139420153573155,-0.0145145282149314
0.0415975116193294,-0.8272801637649536,-1.5245357644744216e-05,0.0061498275026679,0.0884608551859855,-0.0203783735632896,-0.2434720993041992,0.0082269189879298,-0.0384915210306644,0.1263820528984069,-0.1462661027908325,-0.0852789580821991,0.0054293232969939,-0.0903580859303474,-0.0354827865958213,0.086675152182579,0.0104882773011922,-0.1332886517047882,-0.1437565237283706,-0.4439559578895569,-0.7372826933860779,0.0014300881884992,-0.0145145282149314
-0.0453957431018352,0.9706122875213624,-2.550188946770504e-05,0.0055660819634795,-0.0221638437360525,0.0354925207793712,0.176927700638771,0.1272961497306823,-0.0307300444692373,-0.0560046881437301,0.1500838696956634,0.2515594363212585,0.0417556017637252,0.0730117708444595,0.0341572538018226,0.1604721546173095,-0.0078564817085862,-0.0090394765138626,-0.037974577397108,0.6901664137840271,-0.0572164990007877,0.0326745137572288,-0.0145145282149314
-0.0099915908649563,-2.029747009277344,-3.851462679449469e-05,0.0014307418605312,-0.0257299691438674,0.1098910346627235,0.1110573410987854,-0.069935068488121,-0.0049682511016726,-0.0553018413484096,-0.2703304588794708,-0.0046842531301081,-0.0348087027668952,0.2120008319616317,-0.0220510102808475,-0.0948808938264846,0.0261212065815925,-0.1878505647182464,-0.0679624006152153,-0.4445990622043609,-0.7128781676292419,0.0158179923892021,-0.0145145282149314
0.0148018179461359,-1.1958532333374023,-5.122432776261121e-05,0.0049046692438423,-0.0189951378852128,-0.1629583686590194,0.0691538378596305,0.1701274514198303,-0.069371148943901,-0.013846268877387,-0.0504911690950393,-0.0758508965373039,-0.0118966717272996,-0.166813239455223,0.0576989203691482,0.0278651788830757,0.00031295971712097526,-0.2573698759078979,-0.1865877509117126,-0.4667946696281433,-0.7632549405097961,0.0133611559867858,-0.0145145282149314
0.0783564001321792,1.20240581035614,-2.27846103371121e-05,0.0089604901149868,-0.0050137410871684,0.1137787029147148,0.2933163046836853,0.5858736038208008,0.055278692394495,-0.249324694275856,0.62856125831604,0.0676650926470756,-0.0046832817606627,0.2140718847513198,0.1446439921855926,-0.1556979864835739,0.1297769695520401,-0.1051343977451324,-0.0069759446196258,-0.4023272395133972,-0.4197939932346344,0.0008390619186684489,-0.0145145282149314
0.0736850574612617,1.408283233642578,3.8379483157768846e-05,-0.0184371639043092,-0.0506917685270309,-0.1560837626457214,-0.0777188688516616,-0.1498607248067855,-0.0194303337484598,0.0125852022320032,0.3201907575130462,0.0019875857979059,0.0761069282889366,-0.0249906256794929,-0.0109333600848913,0.0333836898207664,0.0446984767913818,-0.0755810290575027,-0.024722060188651,-0.4806342422962188,-0.7413443922996521,0.0037190916482359,-0.0145145282149314
-0.0275332685559988,-1.6444681882858276,-4.194246139377356e-05,0.0021128209773451,0.0117861935868859,-0.0881185457110405,0.3400743305683136,-0.0798298493027687,-0.0256500430405139,0.0053473119623959,-0.2805217802524566,-0.0262086372822523,-0.0214532501995563,-0.1732742488384246,-0.0057205301709473,-0.0357702933251857,0.0062954518944025,-0.2753413617610931,-0.117139883339405,-0.4287968575954437,-0.7394168972969055,-0.0071351514197885,-0.0145145282149314
-0.0444463081657886,-1.066288709640503,-7.033617293927819e-05,0.0018131575779989,-0.0355979725718498,0.1157207265496254,0.4096974432468414,-0.0404166057705879,-0.0309393443167209,-0.3849886953830719,-0.2016012817621231,0.0191857349127531,-0.027779322117567,-0.1092583984136581,0.0149842156097292,0.1641279309988021,-0.1346123963594436,0.5336790680885315,0.6053155660629272,-0.4430115520954132,-0.553554892539978,-0.0278551150113344,-0.0145145282149314
0.0272426698356866,-2.1300885677337646,-1.6761186998337507e-05,0.0059184893034398,0.0057764579541981,0.0958248749375343,-0.1312565952539444,0.0284910090267658,-0.0671862959861755,-0.0790552943944931,-0.1913179606199264,-0.0052844933234155,0.0824052542448043,0.0131848463788628,-0.0476144850254058,0.4891681671142578,-0.0168414264917373,0.0011671086540445,-0.0797197669744491,-0.4321905374526977,-0.66853928565979,0.0242805406451225,-0.0145145282149314
-0.0078111179172992,-1.610437273979187,-7.498003833461553e-05,0.0022481861524283,-0.0226523056626319,0.1999868899583816,0.2938308715820312,-0.1295594274997711,-0.0100880768150091,-0.3589344918727875,-0.2908349335193634,-0.0531757548451423,0.0806524977087974,-0.1634660810232162,0.0634344220161438,-0.0812667906284332,-0.0372159332036972,-0.3333176970481872,-0.197202056646347,-0.397589772939682,-0.7169691920280457,-0.0077881342731416,-0.0145145282149314
0.0351080112159252,0.6592409610748291,-0.0002227146760560572,0.0065825707279145,0.0688603594899177,-0.0116152977570891,-0.1180916577577591,-0.1297097951173782,0.0361138023436069,0.103826530277729,-0.2004922777414322,-0.1112770438194274,0.076504111289978,-0.1967063099145889,0.01654520817101,-0.1151655912399292,-0.0277468916028738,-0.0614724941551685,-0.0176100227981805,-0.5145159959793091,-0.7580050826072693,-0.0871491730213165,-0.0145145282149314
0.0018525514751672,-1.8972482681274412,-2.2917549358680844e-05,0.0014094918733462,-0.0350151695311069,-0.0567884147167205,0.1539281159639358,-0.0786706209182739,-0.0176409259438514,-0.1177186220884323,0.0617796592414379,-0.0810196995735168,-0.0055074850097298,-0.2100425809621811,-0.0525609776377677,-0.0751152262091636,-0.0541635230183601,-0.3569011688232422,-0.1887014806270599,-0.4065551459789276,-0.7500557899475098,-0.0058742156252264,-0.0145145282149314
-0.0159878972917795,0.900456964969635,1.6741512808948755e-05,0.0053779231384396,0.4169967174530029,0.2193945497274398,-0.218739852309227,-0.1159229353070259,0.0217026807367801,-0.0330012813210487,-0.2976583838462829,-0.0480494052171707,-0.0042571523226797,0.1093492954969406,0.040318839251995,-0.0937187299132347,-0.0453562699258327,-0.3053409457206726,-0.067945159971714,-0.4778649508953094,-0.5408260822296143,-0.0380155704915523,-0.0145145282149314
0.0413312949240207,-2.2331771850585938,0.0008628801442682743,0.0043127322569489,-0.0378371737897396,-0.0728604272007942,-0.145906463265419,-0.0950319766998291,-0.1150330901145935,-0.1035452410578727,-0.2388573437929153,-0.0067456923425197,-0.0389827787876129,-0.0823277086019516,0.0030891585629433,-0.040406122803688,0.0110111935064196,-0.0487973541021347,-0.0706372112035751,-0.49580979347229,-0.8508399724960327,0.0096746040508151,-0.0145145282149314
0.0129712978377938,0.5486413836479187,-7.031962013570592e-06,0.0006938738515600562,-0.0763173922896385,-0.029926236718893,0.0329107530415058,-0.0472578927874565,-0.0450021922588348,-0.1462587714195251,-0.0875103250145912,0.0333276204764843,0.0313692465424537,0.0650884509086608,-0.0335844755172729,0.0107318116351962,-0.0481253303587436,-0.3579196035861969,0.014755624346435,0.7631930112838745,1.9964725971221924,-0.0133352288976311,-0.0145145282149314
-0.0551454573869705,0.4011993706226349,-1.7354082956444472e-05,0.0035407615359872,-0.1098403632640838,0.2257685959339141,-0.1663734465837478,-0.0741410180926323,0.0343837067484855,-0.0015641374047845,-0.1148834750056266,-0.0555526502430439,-0.0580871105194091,0.059275172650814,-0.0300096292048692,-0.0423205457627773,-0.0431829169392585,0.3144001960754394,0.0681177079677581,-0.4819328486919403,-0.7165208458900452,-0.0301707629114389,-0.0145145282149314
0.0283267628401517,1.0114004611968994,-1.3769069482805207e-05,0.00379732507281,0.0280014500021934,0.0116929002106189,-0.0835122019052505,0.0311551634222269,-0.0363959707319736,-0.0253741256892681,0.0916462242603302,-0.0057487781159579,0.0335505791008472,0.002404220867902,0.0205709096044302,-0.1614595651626587,0.0422349199652671,0.5246360301971436,0.1402213424444198,0.7019011378288269,2.1079447269439697,-0.0179676786065101,-0.0145145282149314
-0.0232399646192789,-0.342865377664566,-1.4205590559868142e-05,0.0019188835285604,0.0194288827478885,0.0219717379659414,0.1684309691190719,0.7636167407035828,0.0245454013347625,-0.0592927411198616,0.2487500756978988,0.0583108030259609,-0.006433724425733,0.0487451404333114,0.1071216985583305,0.0166869834065437,-0.0154402088373899,-0.5063080191612244,-0.1282168924808502,0.6924400925636292,0.8537420034408569,0.0116247851401567,-0.0145145282149314
-0.0048788553103804,0.5764378905296326,1.0861076589208096e-05,0.0056776157580316,-0.2398180961608886,0.0819963812828064,0.4228800535202026,-0.03375780954957,-0.0666239187121391,-0.0700463205575943,0.0602454394102096,0.1125296652317047,0.0550481677055358,0.0350479297339916,0.071004033088684,0.0902641713619232,-0.0103412959724664,-0.0334767252206802,0.0319404006004333,-0.5514510869979858,-0.7418904900550842,-0.0129229621961712,-0.0145145282149314
0.0059868828393518,1.026775360107422,-2.216117718489841e-05,0.0027511119842529,-0.0390944592654705,0.0509787052869796,-0.2636042833328247,0.2266492396593094,-0.0573957562446594,0.1751721352338791,0.2748860418796539,-0.0126263834536075,0.0107623627409338,0.1121206879615783,-0.0271905213594436,-0.1790387779474258,0.161412701010704,-0.5693596601486206,-0.1037761643528938,0.6304250955581665,1.4669584035873413,0.0341007299721241,-0.0145145282149314
0.0357086472213268,-2.1689531803131104,-0.00023627147311344743,-0.0010716067627072,0.0029185069724917,-0.0398766323924064,-0.1043797358870506,0.2034215927124023,-0.0032872690353542,-0.1940003782510757,-0.2412759214639663,-0.0093720061704516,-0.0577805861830711,-0.1736776828765869,-0.0789530724287033,0.0135464090853929,-0.0007022396894171834,-0.0621171072125434,-0.072653092443943,-0.503080427646637,-0.8253922462463379,0.0019762052688747,-0.0145145282149314
0.00022849102970212695,-2.0302183628082275,-6.439210847020149e-05,0.0026211177464574,0.0721760317683219,-0.0837680846452713,0.1401327550411224,-0.0653641149401664,-0.0203788932412862,-0.1594154387712478,-0.2953179776668548,-0.0169693399220705,0.1009114682674408,0.0450753942131996,-0.0342307612299919,-0.0379850715398788,-6.695492629660293e-05,0.1217799335718154,-0.0627015531063079,-0.4757097661495209,-0.6750707626342773,0.0035758619196712,-0.0145145282149314
-0.0122845936566591,0.7986363172531128,-1.6542155208298936e-05,0.003728637471795,-0.1084977090358734,0.0784919783473014,0.0077960612252354,0.2790009677410126,-0.0389765873551368,0.0362402163445949,0.1899628788232803,0.1762744039297104,0.1721602827310562,0.0333123058080673,0.00024222918727900836,0.0853607952594757,0.0080256182700395,-0.7471303939819336,-0.0013469163095578,0.5366617441177368,0.7767297029495239,-0.0258937571197748,-0.0145145282149314
-0.0286061465740203,-1.688794732093811,-9.75420989561826e-05,0.0004435120499692857,0.0410523451864719,-0.0269462466239929,-0.0866455659270286,-0.1943719536066055,-0.0823563709855079,-0.0255644805729389,-0.3511007130146026,-0.0206521581858396,0.0271177981048822,-0.1531985104084015,0.0290358699858188,-0.2060497403144836,-0.0435395836830139,-0.2663512825965881,-0.1533525586128235,-0.3846420645713806,-0.6885796785354614,-0.0208206921815872,-0.0145145282149314
0.0081645045429468,-0.754042387008667,-3.323654527775943e-05,0.0017234336119145,-0.0097709456458687,-0.1083509400486946,-0.0960278138518333,-0.1342123746871948,-0.0134870717301964,-0.043796207755804,-0.3090441524982452,-0.075970321893692,-0.0347008146345615,-0.1701193302869796,0.0248414557427167,-0.1605177968740463,0.0772411301732063,-0.19207064807415,0.1278908103704452,-0.4509713649749756,-0.6754762530326843,0.006658932659775,-0.0145145282149314
-0.0422203317284584,-1.431851506233215,-4.10890206694603e-05,0.0019658494275063,0.0448315665125846,-0.027847696095705,0.3442342877388,-0.0143678514286875,-0.0205144938081502,-0.106447622179985,-0.2600135207176208,-0.0417265631258487,0.046890303492546,0.0620064884424209,-0.0493339784443378,0.0023449247237294,0.0054383883252739,0.1588897109031677,0.587893545627594,-0.4526036083698272,-0.6664108633995056,-0.0006238837959244847,-0.0145145282149314
-0.0209144707769155,0.997447907924652,-3.8783175114076585e-05,0.0028771758079528,0.022275760769844,0.0183105766773223,-0.0692931786179542,0.2401919066905975,-0.0522783771157264,0.0370371118187904,0.280123621225357,-0.0280691422522068,0.0549355149269104,0.1099058389663696,0.0412777364253997,-0.0659947469830513,0.0174400154501199,0.1736264079809188,-0.0077227302826941,0.6154431700706482,2.2388617992401123,0.0027609567623585,-0.0145145282149314
0.0366069413721561,-0.804750382900238,-2.792508894344792e-06,0.0019635860808193,-0.0529521666467189,-0.0715162903070449,-0.1357212215662002,0.0837300047278404,-0.0503428690135479,0.0235365014523267,-0.1493700891733169,0.1906230449676513,-0.0128984227776527,0.1270072907209396,0.0584430322051048,0.2541175782680511,-0.0119835920631885,-0.4032273888587951,-0.0804846361279487,0.7191124558448792,0.9629250168800354,0.0477028936147689,-0.0145145282149314
0.0013045964296907,-1.906660079956055,-2.9589449695777148e-05,0.0027964038308709,0.138468936085701,0.2730732262134552,-0.349439263343811,0.3656324744224548,0.1302412301301956,0.0411863215267658,-0.2147307842969894,0.0044880677014589,0.0079391142353415,-0.0458636097609996,0.0256717875599861,0.0272790882736444,0.0070483470335602,0.002364152111113,-0.0232930891215801,-0.4341976940631866,-0.6761681437492371,-0.0063975476659834,-0.0145145282149314
0.0094089787453413,0.2235158234834671,-3.432413359405473e-05,0.0026264509651809,0.068719282746315,0.0753543376922607,0.1347097009420395,0.667337954044342,0.1490922272205352,-0.0548858828842639,0.2752314209938049,0.2576926350593567,0.0288274586200714,0.1314713358879089,-0.0384386666119098,-0.128836989402771,0.0121651627123355,0.1699526458978653,-0.0534704402089118,0.758655846118927,1.749372482299805,-0.0258163269609212,-0.0145145282149314
-0.0042499904520809,0.0803854838013649,-2.846703864634037e-05,0.0030571843963116,0.0378066375851631,-0.2148425877094268,0.0365078523755073,-0.1720025241374969,-0.0618288069963455,0.041867583990097,-0.0251875631511211,-0.0936242267489433,-0.0501746274530887,-0.208660751581192,-0.0347593948245048,-0.4478193521499634,-0.066302478313446,-0.2594163715839386,0.0489131808280944,-0.5585024952888489,-0.796205997467041,-0.061935156583786,-0.0145145282149314
0.0229206178337335,-2.191699266433716,-0.00017225038027390838,-0.0020869644358754,-0.032272633165121,-0.1912993341684341,0.0552590861916542,-0.098402515053749,-0.0499054677784442,-0.0594289973378181,-0.2505430579185486,-0.0222379211336374,-0.0345522575080394,-0.1584498584270477,-0.0116218673065304,0.0009501606691628696,0.019427778199315,-0.063701331615448,-0.0650465711951255,-0.5483098030090332,-0.8575298190116882,0.0026452708989381,-0.0145145282149314
0.0260557830333709,1.1420059204101562,-1.913396044983529e-05,0.0032097522635012,-0.1293669790029525,0.0706410631537437,0.0981905311346054,0.0125686470419168,0.0234846733510494,-0.0020653787069022,0.1536406576633453,-0.0546956732869148,-0.0118935871869325,0.0255016032606363,-0.0322918482124805,-0.1294010281562805,0.0640342682600021,0.3422675430774688,-0.0143164955079555,0.5873916149139404,0.5282530188560486,-0.010025380179286,-0.0145145282149314
0.031119605526328,1.057582139968872,-2.3851542209740728e-05,0.003171739866957,0.0543736815452575,-0.0425734631717205,0.178368330001831,0.2038617730140686,-0.0676265358924865,0.0757078602910041,0.2927037477493286,0.0144726000726223,0.0619880892336368,0.0435337200760841,-0.0062955538742244,0.1010406240820884,-0.0149849308654665,0.410856693983078,-0.0006651848088949919,0.5690277814865112,1.8344900608062744,0.0609930120408535,-0.0145145282149314
0.0506298132240772,0.0901563838124275,-2.643425978021696e-05,0.0123205063864588,0.0922956690192222,-0.1052438840270042,-0.1581989824771881,-0.0655474439263343,-0.0728342309594154,0.0381413660943508,0.0201663263142108,-0.0789354518055915,0.0484775863587856,-0.1147292256355285,0.0001010332998703234,-0.1876042187213897,-0.0396613739430904,-0.1464782655239105,0.3566327393054962,-0.5285568237304688,-0.7080367803573608,-0.0402462519705295,-0.0145145282149314
-0.0278164278715848,-1.6351011991500854,-5.990995850879699e-05,0.0008675165590830147,0.0191746074706316,-0.1019192785024643,-0.1806340366601944,-0.1246938481926918,0.0427802726626396,0.037044771015644,-0.3245338201522827,-0.0537594743072986,0.0162512529641389,-0.1682660430669784,-0.0546937137842178,-0.2050146609544754,0.0082344207912683,-0.2888019979000091,-0.2157402336597442,-0.3849086463451385,-0.7281142473220825,0.0327384136617183,-0.0145145282149314
-0.0377368070185184,-0.7366067171096802,3.599270712584257e-07,0.0013028942048549,-0.0093825301155447,-0.0910538509488105,0.6674171686172485,0.2446859925985336,-0.0120153594762086,-0.1340902149677276,0.1531546860933303,0.0042327498085796,0.0437065064907074,0.2293118983507156,0.0025771125219762,-0.1445154994726181,0.1277315318584442,0.7435778975486755,0.4492653012275696,-0.4153105914592743,-0.4892845153808594,-0.0151076940819621,-0.0145145282149314
0.0100037325173616,-0.6402702331542969,-8.91399395186454e-06,0.0016412703553214,-0.0232697911560535,-0.0464582666754722,0.3533499240875244,0.1444479674100875,0.058634128421545,0.047613188624382,-0.1694033443927765,-0.0458060875535011,-0.0287935882806777,0.0766353011131286,-0.0317654684185981,0.0429833941161632,-0.0156421549618244,0.4652973711490631,0.4203951954841614,0.6746769547462463,0.3568314611911773,0.0259093362838029,-0.0145145282149314
-0.0006390296039171517,-2.185506582260132,-0.00013140896044205874,0.0003792824863921851,0.1502888947725296,0.195154994726181,-0.2334617674350738,-0.0967614278197288,0.0412002131342887,0.0401854142546653,-0.2315040230751037,-0.0245475303381681,-0.0313688889145851,-0.1431612223386764,-0.0333281680941581,0.1010094583034515,-0.0038310978561639,-0.0015586789231747,-0.0399389006197452,-0.4141066670417785,-0.6769003868103027,-0.0085448995232582,-0.0145145282149314
0.0026431723963469,-0.0500558316707611,-3.178403130732477e-05,0.0160829704254865,0.147858127951622,0.1450074315071106,-0.1141825392842292,-0.0534413047134876,-0.0090139415115118,0.008639401756227,-0.1762756109237671,-0.0406109429895877,0.0378825776278972,-0.2286683470010757,-0.0405324883759021,0.0269569344818592,-0.0379627533257007,-0.0270571541041135,-0.0571386069059371,-0.5335215926170349,-0.7623511552810669,-0.0334212034940719,-0.0145145282149314
0.0062586236745119,0.7510401010513306,-3.8328675145749e-05,0.0036804119590669,0.0497911497950553,-0.0834143310785293,0.1077752858400344,0.212592139840126,0.027103004977107,0.0605798475444316,0.3299773037433624,-0.0172289311885833,-0.0441964454948902,0.0078519834205508,-0.0117701524868607,0.1289117932319641,0.0975798144936561,0.1913191527128219,-0.0497575849294662,0.716768205165863,2.0293900966644287,0.0319060310721397,-0.0145145282149314
-0.0041467654518783,-0.0197502169758081,-5.242163024377078e-05,0.005063998978585,0.0255857482552528,-0.1553898602724075,-0.1110688000917434,-0.112721249461174,0.060491856187582,0.2712090909481048,0.0349318906664848,-0.0577300228178501,0.0519561730325222,-0.1947999000549316,0.1947340369224548,-0.412403404712677,0.1452114582061767,-0.3957816958427429,-0.134018063545227,-0.4927448332309723,-0.7554582953453064,-0.0418031327426433,-0.0145145282149314
0.0539423301815986,1.2941205501556396,-5.580185097642243e-05,0.0088711082935333,-0.0804883688688278,0.1230586096644401,-0.0821767747402191,-0.1063736826181411,0.1173529103398323,-0.0356301516294479,-0.2672246992588043,-0.0292833689600229,0.0390461646020412,-0.0030156504362821,-0.019210260361433,-0.1689727902412414,-0.0232730023562908,0.0235869530588388,0.0592635050415992,0.774669349193573,0.0258782636374235,-0.011271690018475,-0.0145145282149314
0.0014061728725209,-1.813925504684448,-9.624914673622698e-05,0.0003736907674465329,0.0144838728010654,-0.1361368894577026,-0.0335770100355148,-0.1011595875024795,0.0902931094169616,0.1145964339375495,-0.3231316804885864,-0.0685944408178329,-0.0487089939415454,-0.1856066286563873,-0.057656180113554,0.0187673848122358,-0.0001234712835866958,0.1804398298263549,-0.1367632150650024,-0.4528350234031677,-0.7811004519462585,0.0166844557970762,-0.0145145282149314
-0.0484829805791378,-1.265853762626648,1.8847764295060188e-05,0.0025211335159838,-0.0826834589242935,0.0392161272466182,0.2818434238433838,-0.0005513009964488447,0.1286796331405639,-0.1780744642019271,0.0352971442043781,0.0894297584891319,-0.0332666411995887,-0.0233955290168523,-0.0037044407799839,0.5230035185813904,0.0292404498904943,0.474153995513916,0.4673775732517242,-0.4618411064147949,-0.6006156802177429,0.0347364358603954,-0.0145145282149314
-0.0109077934175729,-1.9513251781463623,-0.00016513153968844563,0.0016684426227584,-0.0473781749606132,-0.0044336090795695,-0.1247490644454956,-0.1079914420843124,0.0073156240396201,-0.0119104031473398,-0.3131037652492523,-0.0285266581922769,-0.0550554208457469,-0.2009327709674835,0.0697051808238029,-0.0763034522533416,-0.0585846826434135,-0.0628249272704124,-0.1119940802454948,-0.4602946639060974,-0.766100287437439,-0.0331259816884994,-0.0145145282149314
0.0133335562422871,0.955206036567688,-2.46237323153764e-05,0.0057432930916547,-0.0855823382735252,0.0070261238142848,0.0555732734501361,0.1005208566784858,0.0899543091654777,0.0059299585409462,0.2263309210538864,0.1387212574481964,0.0299962982535362,0.1013125404715538,-0.0361502841114997,0.0983816683292388,-0.0163999013602733,0.1678622364997863,-0.0461790822446346,0.6351702809333801,1.851200580596924,0.0276276487857103,-0.0145145282149314
-0.0014377471525222,0.2103247791528701,-9.410428901901469e-06,0.0026758229359984,-0.0472916662693023,-0.0347408391535282,-0.2345781773328781,0.0729119107127189,-0.012641504406929,0.1860004514455795,0.1566264331340789,-0.0730971321463584,-0.0007420796900987625,0.0480832047760486,0.0047265691682696,0.1057441383600235,0.0447981432080268,-0.1240349635481834,-0.0073413932695984,0.7607507109642029,2.01624059677124,0.0050787283107638,-0.0145145282149314
-0.0010463658254593,-1.020607590675354,-1.776518183760345e-05,-0.0004916968755424023,0.0253469105809927,0.1042275503277778,0.1678533256053924,-0.0384028293192386,0.0668529197573661,0.0149416867643594,-0.3125883936882019,-0.0505990870296955,-0.0442331135272979,-0.0595038831233978,0.0222218669950962,0.0615578070282936,0.0384467020630836,-0.0132049452513456,0.0049767065793275,-0.537142813205719,-0.7599567770957947,0.018253082409501,-0.0145145282149314
-0.0405504629015922,-1.598174810409546,-7.457313768099993e-05,0.0020999184343963,0.0157006438821554,0.0946060940623283,-0.3244949579238891,-0.06381157040596,-0.0432264022529125,0.0215394981205463,-0.2365973144769668,-0.0765347182750701,0.0502091981470584,-0.2163011282682418,-0.0203218478709459,-0.2549514770507812,-0.0320264101028442,-0.2883001863956451,-0.1528995037078857,-0.4035588502883911,-0.7100456357002258,-0.0224478207528591,-0.0145145282149314
0.0385184846818447,-1.4352039098739624,-3.798492980422452e-05,0.0029014660976827,0.0439443737268447,0.0083280112594366,0.1383410096168518,-0.0157944690436124,0.1009318381547927,0.0993956103920936,-0.1383812576532364,-0.0205453485250473,-0.0028435462154448,-0.0960419028997421,0.0341842994093894,0.0044122086837887,0.0292367525398731,0.7452496886253357,0.7216697931289673,-0.3916007280349731,-0.5456818342208862,0.0232513081282377,-0.0145145282149314
-0.0357737317681312,1.1129003763198853,-9.376210073241964e-06,0.0024955836124718,-0.0370555818080902,-0.1017224192619323,-0.0207953844219446,-0.1398014724254608,0.0712972059845924,-0.0756139159202575,-0.0297700837254524,-0.0668917074799537,0.0361388884484767,0.1078971698880195,-0.0783505514264106,-0.1844977289438247,-0.0120816752314567,-0.5907697677612305,-0.0801629722118377,0.6029422879219055,0.5549830198287964,-0.0122770927846431,-0.0145145282149314
0.0169119890779256,0.6103968620300293,-2.678021701285616e-05,0.0037750964984297,-0.0171066205948591,0.026045698672533,-0.0953679233789444,0.0666080638766288,0.0124106043949723,-0.0360085219144821,-0.1007210835814476,-0.0456481836736202,0.0036441297270357,0.0822415873408317,-0.0247433725744485,0.1118195503950119,0.0190194677561521,-0.1873966604471206,-0.0784461200237274,0.811349630355835,-0.0223606452345848,-0.00047010846901685,-0.0145145282149314
0.0314616225659847,-0.2731965780258178,-1.918304769787937e-05,0.0027336745988577,0.04648232832551,0.0580067001283168,-0.0616548098623752,0.0103120421990752,-0.0190276317298412,0.0642664358019828,-0.0611182674765586,-0.068780742585659,0.0095248483121395,0.1001424342393875,0.0600301623344421,0.1033560335636138,-0.0124550107866525,0.1614492684602737,0.0887671038508415,0.7437381744384766,1.069119572639465,0.079018659889698,-0.0145145282149314
-0.034461036324501,-1.794408917427063,-4.111659654881805e-05,0.0026358980685472,-0.0364189855754375,0.0860678553581237,-0.0332730337977409,-0.0733308568596839,0.0073605747893452,-0.036061555147171,-0.3131038546562195,-0.0766165778040885,-0.095497265458107,-0.103488452732563,0.054116602987051,0.051457580178976,-0.0566907338798046,-0.3228716254234314,-0.2222004383802414,-0.4077133238315582,-0.7187986969947815,-8.90799710759893e-05,-0.0145145282149314
-0.085831306874752,1.36066734790802,-6.886548362672329e-06,0.0041140564717352,-0.0088130608201026,0.0583229213953018,0.9000460505485535,0.3244788944721222,0.01404201798141,-0.2225564271211624,0.4916847646236419,-0.0387921817600727,0.0315686129033565,-0.0810042917728424,-0.0385488346219062,-0.1838118731975555,-0.0255315117537975,-0.3921166658401489,-0.0407318100333213,-0.3661065995693207,-0.5986819267272949,-0.0507487617433071,-0.0145145282149314
0.0325511172413826,1.2183393239974976,-2.798841887852177e-05,0.0035379405599087,0.0317327715456485,-0.1019959151744842,0.0445535108447074,0.0524369031190872,0.0263310112059116,0.1378627270460128,0.1841457486152649,-0.0310247782617807,-0.0037611904554069,0.0819947272539138,0.0021343426778912,0.0276875384151935,-0.0177496168762445,0.02586455270648,-0.016746224835515,0.7448412179946899,1.6592838764190674,0.0100579289719462,-0.0145145282149314
-0.0016124282265082,-2.1659131050109863,-5.48457755940035e-05,0.0024954134132713,0.0356449410319328,0.0808110684156417,0.3053761422634125,-0.154423639178276,-0.0028930422849953,-0.1608568429946899,-0.288133829832077,-0.0434588193893432,0.002450049854815,-0.1843006014823913,0.0434284061193466,0.2501582205295563,-0.0214374922215938,0.0152861205860972,-0.0723353624343872,-0.4528848230838775,-0.6633322238922119,0.0208551734685897,-0.0145145282149314
0.0586298257112503,1.2894577980041504,-8.167702617356554e-06,0.0077829584479331,0.0820196196436882,-0.284231036901474,0.2687930464744568,0.2510758638381958,0.0442548207938671,0.1262219548225402,0.4116527140140533,-0.0350622273981571,0.0081775244325399,-0.0793897658586502,-0.0106030097231268,-0.3256332874298095,0.1308384835720062,0.637826144695282,-0.0325949937105178,-0.3876485824584961,-0.5986056327819824,-0.0808141604065895,-0.0145145282149314
-0.0315549671649932,-1.555970311164856,-3.5672870581038296e-05,0.0019770336803048,-0.0127516239881515,-0.0166040230542421,-0.1716368198394775,-0.0901145190000534,0.0465606749057769,0.1563574075698852,-0.2130622267723083,-0.0865579694509506,-0.0799279138445854,-0.162892460823059,0.0042042336426675,-0.3264914155006408,-0.0426620990037918,-0.321383535861969,-0.1694823503494262,-0.4169126451015472,-0.7595526576042175,-0.0347565710544586,-0.0145145282149314
-0.0132327880710363,1.0927633047103882,3.161148924846202e-06,-0.0149495583027601,0.0855973213911056,-0.3057206571102142,0.0668565854430198,0.1635468453168869,-0.3036233782768249,0.1568718552589416,0.1138716638088226,-0.0144720086827874,-0.0618501529097557,-0.0093906112015247,-0.0244930014014244,0.0318955965340137,-0.0076870806515216,-0.0779575109481811,-0.0218789111822843,-0.4833981096744537,-0.7185271382331848,-0.0123750884085893,-0.0145145282149314
-0.0413875319063663,1.432416319847107,-3.113607817795128e-05,0.013490280136466,-0.0766802430152893,0.2945291697978973,-0.1023260504007339,-0.0305075943470001,-0.0397983975708484,-0.2835215032100677,0.069350428879261,-0.0328997634351253,0.0051703196950256,0.0936270654201507,-0.0226352307945489,0.0400597341358661,0.1460127830505371,0.6357866525650024,-0.0595448911190032,-0.4288801252841949,-0.607124924659729,-0.0206663403660058,-0.0145145282149314
0.0045241890475153,-1.7725945711135864,0.00016250144108198583,0.0026517757214605,-0.096011072397232,0.0875596851110458,0.4349488914012909,-0.0962187871336937,0.0161954816430807,-0.2487827539443969,-0.1151528880000114,-0.043036762624979,-0.0795954018831253,-0.1888375729322433,-0.0494927503168582,-0.2180966138839721,-0.0498134344816207,-0.0607069693505764,-0.0352281965315341,-0.5221298336982727,-0.8011478185653687,-0.0331659726798534,-0.0145145282149314
0.0298092421144247,-0.3696687519550323,-0.000609633862040937,-0.0090715223923325,-0.0449543371796608,0.0679970830678939,-0.3692598044872284,0.3214319050312042,0.0300770308822393,0.2176202684640884,-0.2450362592935562,-0.0455895289778709,0.0228930842131376,-0.1815674006938934,0.0563051402568817,0.1037121936678886,0.0153394630178809,0.0397947989404201,-0.0278152208775281,-0.5325947999954224,-0.719201922416687,0.0212862007319927,-0.0145145282149314
0.026953138411045,1.034629225730896,-8.093764336081222e-06,0.0052069067023694,-0.0916731283068656,-0.0181873328983783,-0.2995742261409759,-0.179473415017128,0.0368817672133445,-0.0552361458539962,0.2801187336444855,0.0373563840985298,-0.0188047736883163,0.1648217886686325,0.0706285387277603,-0.2119922488927841,-0.0100918877869844,-0.3677511513233185,-0.016547443345189,-0.4747743308544159,-0.6884940266609192,-0.0242375992238521,-0.0145145282149314
0.0146341854706406,0.8262797594070435,-1.7945763829629868e-05,0.0013729104539379,0.0037576216273009,-0.0355783179402351,0.0614225007593631,-0.1997077167034149,0.012578503228724,-0.000791204918641597,0.1058387830853462,-0.0657627061009407,-0.0170336812734603,0.0490042716264724,-0.0204560402780771,-0.2058563530445099,0.0559035874903202,0.2057229727506637,-0.0158593598753213,0.6741580367088318,2.6062934398651123,-0.0464597716927528,-0.0145145282149314
0.0181788448244333,-0.9324071407318116,-5.141738802194595e-05,-0.0015359019162133,0.0049597672186791,-0.0107982493937015,0.4901975095272064,0.0273226369172334,0.0013703589793294,-0.0653001219034195,-0.2600029408931732,-0.0131151396781206,0.1038747206330299,-0.1647748202085495,-0.02092438749969,0.0867139548063278,0.0377463139593601,0.0287890285253524,0.0015448343474417,-0.5306198596954346,-0.7737189531326294,-0.0024841155391186,-0.0145145282149314
-0.0529519394040107,-1.1141600608825684,-7.450747943948954e-06,-0.0076901228167116,-2.187026257161051e-05,0.110430471599102,0.0164970140904188,0.26244056224823,-0.0462319068610668,0.1321149468421936,-0.052107073366642,-0.0519648753106594,0.027953740209341,-0.055583294481039,-0.0578758157789707,-0.0481079556047916,-0.0551611483097076,0.8167370557785034,0.6491105556488037,-0.4135767221450805,-0.6046280860900879,-0.04184290766716,-0.0145145282149314
0.0413380526006221,-2.184522151947021,0.0008628801442682743,0.0043127322569489,-0.0356747470796108,-0.0650138407945633,-0.1201950758695602,-0.080331839621067,-0.1121965050697326,-0.0753505900502204,-0.2362535148859024,-0.0010097129270434,-0.0308923460543155,-0.0823317319154739,0.0032447099220007,-0.037128459662199,0.0113505600020289,-0.0400106608867645,-0.0692881941795349,-0.4951252937316894,-0.8457270860671997,0.0096746040508151,-0.0145145282149314
-0.0213833898305892,0.3683610260486603,-2.127001062035561e-05,0.000992407905869186,0.0123577807098627,-0.0605021007359027,0.1782670468091964,-0.127752810716629,0.0359015427529811,0.0050852173008024,-0.3286646008491516,0.0101721985265612,0.0366534367203712,-0.0423561409115791,-0.0150750083848834,-0.4784111082553863,0.0288005787879228,-0.2757091820240021,-0.083429716527462,-0.5607479214668274,-0.8207501173019409,0.0117931989952921,-0.0145145282149314
-0.0188928209245204,-1.175871729850769,-5.537339893635362e-05,-0.0062780976295471,0.0890659540891647,0.0490457154810428,0.0980126932263374,0.2002937942743301,0.0496697351336479,0.1349823176860809,-0.1277042776346206,0.01438420265913,0.0116541748866438,-0.1586858183145523,-0.0200538728386163,0.0997100546956062,-0.0058841635473072,0.5306649208068848,-0.0199083685874938,-0.4746628105640411,-0.6193612813949585,0.0113107142969965,-0.0145145282149314
0.001017638365738,0.5011327266693115,-0.0004642118001356721,-0.0056473100557923,0.0029650465585291,-0.0420591309666633,-0.2437247633934021,-0.110321320593357,-0.0575860142707824,0.1258322596549987,0.0354093573987484,-0.0659587606787681,0.1462218314409256,-0.1085719615221023,-0.0539005398750305,0.075598120689392,0.0234993956983089,-0.0548641085624694,-0.0155579317361116,-0.6013161540031433,-0.8652621507644653,0.0057100597769021,-0.0145145282149314
0.0099726412445306,0.3615639209747314,-2.719313488341868e-05,0.0044857379980385,-0.0605862289667129,0.0169080477207899,0.423892617225647,-0.1202897727489471,-0.1005745753645896,0.0258443802595138,0.0586395561695098,-0.0574049279093742,-0.0400889106094837,-0.1434141397476196,0.0122257648035883,-0.4810114502906799,0.0612010844051837,-0.1433434933423996,-0.0029057699721306,-0.5942287445068359,-0.8218088746070862,-0.0560009703040123,-0.0145145282149314
-0.0313773341476917,0.8715733885765076,-1.5331188478739932e-05,0.0094921514391899,0.0093586668372154,0.089296780526638,-0.3036194741725921,0.2343230098485946,-0.0304781217128038,0.1509240120649337,0.1957616209983825,-0.0379116013646125,-0.0116232810541987,-0.0419013053178787,-0.0444069430232048,-0.0230539850890636,0.1076553165912628,0.568510115146637,0.1342007964849472,0.5290457010269165,0.3673565685749054,0.0308518279343843,-0.0145145282149314
0.0163601748645305,1.0399452447891235,-4.046568210469559e-05,0.0019577082712203,-0.0982971340417862,0.0529738403856754,0.1416962891817093,-0.3019241690635681,-0.0457043536007404,-0.2466657161712646,-0.4675504565238952,0.0049769249744713,-0.056483294814825,0.0252859946340322,-0.1216226443648338,0.0304604321718215,-0.1002614870667457,0.5550193190574646,0.0041590896435081,-0.5141708850860596,-0.7403430342674255,0.0340363681316375,-0.0145145282149314
0.0378834716975688,1.0158346891403198,-1.6414243873441592e-05,0.0024137638974934,0.0272894687950611,0.0344855077564716,0.230825588107109,-0.1387650668621063,0.0473052263259887,0.0991283133625984,-0.0431788861751556,0.1893380433320999,-0.0093312533572316,0.0939859822392463,-0.006757603958249,0.0479642041027545,0.0042571406811475,0.5967162251472473,-0.0507932752370834,0.7099184989929199,1.3295369148254397,0.001758906757459,-0.0145145282149314
-0.0700888782739639,1.0993863344192505,-1.4036373613635078e-05,0.0070065362378954,-0.0104397032409906,-0.0308753699064254,-0.1503072828054428,0.0316896922886371,-0.017261927947402,-0.163493201136589,0.132151648402214,-0.0534784384071826,0.0141236279159784,0.0597114488482475,-0.0316859409213066,-0.2900319695472717,0.0103265345096588,-0.3950036466121673,-0.0796382576227188,0.5298243761062622,-0.2344290018081665,-0.0044134291820228,-0.0145145282149314
0.0086098993197083,-1.5477195978164673,-3.359482798259705e-05,0.0007783574401400983,-0.0003000475117005408,-0.0643276944756507,0.003867176361382,-0.1442983299493789,0.0189005676656961,-0.1825825870037078,-0.3291204869747162,0.0041681509464979,-0.0289694219827651,-0.0580167174339294,-0.0235854163765907,-0.1705222427845001,0.0923487320542335,0.2822217941284179,0.4296939671039581,-0.4591804444789886,-0.6976496577262878,-0.0123621299862861,-0.0145145282149314
-0.009203583933413,-0.929688274860382,-1.0116807970916852e-05,0.0014552804641425,-0.0018172388663515,-0.0870625600218772,0.1813550144433975,-0.0843615159392356,-0.0314846895635128,0.0026520781684666,-0.1578980535268783,-0.0445289984345436,0.0167083162814378,-0.0668622925877571,-0.0435075871646404,0.1547849923372268,-0.1348456740379333,0.3144309222698211,0.359639823436737,-0.457311064004898,-0.700894296169281,0.0046896892599761,-0.0145145282149314
0.0201405957341194,-1.9696240425109863,-3.463012399151921e-05,0.0017776993336156,-0.0169822108000516,0.1589034050703048,0.3194949328899383,-0.0504767224192619,0.0293530244380235,-0.398491233587265,-0.1388403624296188,-0.0426318347454071,0.016352342441678,-0.1381664872169494,-0.0154451457783579,-0.117909200489521,-0.0070395339280366,0.0267122332006692,-0.0880152210593223,-0.4611530601978302,-0.6826704740524292,-0.0250953529030084,-0.0145145282149314
-0.0206501428037881,1.0555455684661863,-1.91305298358202e-05,0.0038659521378576,-0.3648580908775329,-0.1056477800011634,0.0374475754797458,-0.0314882732927799,-0.0125838685780763,0.0022117958869785,-0.142286866903305,-0.0244919005781412,0.0025703343562781,-0.0044577196240425,-0.0244605112820863,0.1571427583694458,0.0002571453806012869,0.3911336362361908,-0.0740870609879493,0.6649277806282043,1.303520441055298,0.0352618284523487,-0.0145145282149314
0.040403839200735,0.5013291835784912,-1.5034387615742162e-05,0.0074702878482639,0.1705248951911926,0.1999885141849517,-0.4504666626453399,0.5856814384460449,0.0063795070163905,0.1664782613515854,0.4756843149662018,0.0219555236399173,-0.0200191531330347,0.1273994594812393,-0.0007699552807025611,-0.1797626465559005,-0.0124789969995617,0.4440658688545227,0.0821722447872161,-0.3638541996479034,-0.458858460187912,-0.0647983625531196,-0.0145145282149314
0.004635049495846,0.0234069786965847,-8.77780985319987e-05,0.0026885140687227,-0.0203554574400186,-0.0376925840973854,0.0598924271762371,0.0325541049242019,-0.0141176125034689,-0.0906014367938041,-0.2522779107093811,-0.0613877177238464,0.0434794127941131,-0.0968989506363868,-0.0024201476480811,0.0217598807066679,-0.0668414905667305,0.3525122106075287,0.2756056189537048,0.799714982509613,1.6685034036636353,-0.0191887225955724,-0.0145145282149314
0.0215946305543184,-0.9824249744415284,0.0002243739436380565,-0.0027155701536685,-0.03500197827816,0.0211423989385366,0.3257454633712768,0.062903344631195,0.1001608967781066,-0.1007011011242866,-0.1320458352565765,-0.0430244617164135,-0.0517290160059928,0.3052578866481781,0.0158592388033866,0.0795733481645584,0.0360727123916149,-0.0119774509221315,-0.0368648692965507,-0.4819028079509735,-0.6323308944702148,0.0333453305065631,-0.0145145282149314
-0.0042689745314419,0.8977583646774292,-2.35792322200723e-05,0.0016653947532176,0.0428302176296711,0.0034814432729035,-0.1078711375594139,0.0122463246807456,0.0293043982237577,0.1461116820573806,-0.1785658597946167,-0.048256155103445,0.0228033643215894,0.0569264777004718,-0.0808134153485298,0.1021029874682426,-0.0304689705371856,-0.1016906276345253,-0.0491102114319801,0.7958770394325256,1.7282707691192627,0.015642711892724,-0.0145145282149314
-0.0011976101668551,1.356263279914856,-3.823560837190598e-05,-0.0062277666293084,0.0902982354164123,0.2349781394004821,-0.0581078082323074,-0.0989998281002044,-0.1126753240823745,-0.3318689465522766,-0.2332526594400406,-0.0282753799110651,0.0302988030016422,0.0517661795020103,-0.0362108014523983,0.0585224665701389,0.0081175388768315,-0.0336835347115993,-0.0110920714214444,-0.470718502998352,-0.74302738904953,-0.0005330456187948585,-0.0145145282149314
-0.0070371180772781,0.594173014163971,-2.185963239753619e-05,0.0050357324071228,-0.0477514341473579,-0.1150308772921562,-0.1371475011110305,0.0448696836829185,0.1885673105716705,0.1697835028171539,0.2036136388778686,-0.0591479055583477,-0.0397682040929794,0.0191449634730815,0.1026940792798996,0.1998053938150406,-0.0573479309678077,-0.1849214285612106,-0.0638770684599876,-0.5329760909080505,-0.695270299911499,0.0346608348190784,-0.0145145282149314
-0.0114613361656665,0.1868709772825241,-3.970593388658017e-05,0.0055925277993083,0.0119475265964865,-0.0471053645014762,-0.3825234174728393,-0.1306531727313995,-0.0941983386874198,0.0655895471572876,-0.2006550580263137,-0.1092178151011467,0.0372905656695365,-0.1759501844644546,0.0027222735807299,-0.3259219527244568,-0.0599087215960025,0.0983924716711044,0.39519003033638,-0.4951525330543518,-0.8263810873031616,-0.0520550683140754,-0.0145145282149314
0.0110364342108368,0.9771175980567932,-4.9510199460200965e-06,0.0032015761826187,-0.0564704872667789,-0.1206507012248039,-0.0461501814424991,0.013615851290524,-0.0717212334275245,0.0555087476968765,-0.1045154258608818,0.1823161244392395,-0.0739627033472061,0.0718969032168388,0.0003937234578188509,0.0732301026582717,0.0198158584535121,0.0790308788418769,-0.0389486923813819,0.8006988763809204,1.7177565097808838,-0.0161377843469381,-0.0145145282149314
-0.003672586986795,0.539344310760498,-0.0001725581823848188,-0.010731840506196,-0.0298512522131204,-0.2533430457115173,-0.208687737584114,-0.0947772115468978,-0.0578246489167213,0.1521773487329483,0.07074536383152,-0.0606661364436149,0.0950597077608108,-0.1665697246789932,-0.0610830932855606,0.0167123302817344,-0.0005056082154624164,-0.066994197666645,-0.0435484424233436,-0.6442521810531616,-0.8913115859031677,0.005286097060889,-0.0145145282149314
0.0330489687621593,1.1545809507369995,-1.7048347217496485e-05,0.00594535889104,-0.18072310090065,0.0788303986191749,-0.0165662411600351,-0.0423408076167106,0.0298981871455907,0.0295189209282398,0.2693339884281158,-0.0539333336055278,-0.0420740135014057,-0.017758535221219,0.039873618632555,-0.3633942008018493,0.0601083002984523,-0.4448918998241424,-0.0965775623917579,-0.494384765625,-0.7681391835212708,-0.0602866373956203,-0.0145145282149314
-0.0286944657564163,-0.9243612289428712,-2.2293774236459285e-05,0.0032233220990747,-0.0195620469748973,0.0180991310626268,0.2193566858768463,0.1548264473676681,-0.0933891609311103,0.0183172840625047,-0.1217595860362052,-0.0271460562944412,0.012502416037023,0.0285158492624759,0.0168859176337718,0.083924263715744,0.0403386875987052,0.1004191190004348,0.2803953886032104,0.7785611748695374,1.5343908071517944,0.0174133293330669,-0.0145145282149314
0.0044255480170249,0.6206567287445068,6.173650763230398e-05,-0.0026714091654866,0.1296702921390533,0.0499074384570121,0.2941325008869171,-0.0495243705809116,-0.027002640068531,0.067937321960926,-0.1153459697961807,0.2766957283020019,0.032234564423561,0.1753205507993698,0.02031821757555,0.1588315367698669,0.0393422804772853,0.0156485121697187,0.0010927607072517,-0.5118177533149719,-0.6885550022125244,0.0153978569433093,-0.0145145282149314
-0.003449295181781,-2.022802829742432,2.2152671590447422e-05,-0.0029210255015641,-0.0438084341585636,0.0475856587290763,-0.200745090842247,-0.1202650442719459,-0.0002486751473043114,0.0377451553940773,-0.1523054987192154,0.1300495564937591,0.0387776121497154,0.0403249189257621,-0.0187456868588924,-0.0165263768285512,0.0038837355095893,-0.0463558696210384,-0.0594109147787094,-0.4935377538204193,-0.8103183507919312,0.0008987238397821784,-0.0145145282149314
0.0230585355311632,-0.1265324801206588,-4.744597390526906e-06,0.0042853117920458,-0.0131956981495022,-0.0648160353302955,0.3300025463104248,-0.0302944909781217,0.0061327624134719,0.0898552909493446,-0.0203117970377206,-0.0471399538218975,0.0344825498759746,0.0090224454179406,-0.0571026429533958,0.0225376188755035,-0.0587847717106342,0.5261731147766113,0.2050209790468216,0.7652344703674316,0.787299394607544,-0.0258307084441185,-0.0145145282149314
-0.0238883662968873,0.9076923727989196,-1.4048870070837438e-05,0.0026196185499429,-0.0333477072417736,0.0079039726406335,0.2485257387161255,0.0134992618113756,0.0141009911894798,-0.1151417717337608,0.0658466443419456,-0.0386194959282875,0.0447609312832355,0.0543781444430351,-0.0151882283389568,-0.0122878616675734,-0.0229320134967565,0.5615754127502441,0.1473619192838668,0.7557628154754639,1.6476155519485474,-0.0067420802079141,-0.0145145282149314
-0.0301675628870725,1.3859190940856934,-2.4476656108163297e-05,0.0130656668916344,0.1522583365440368,-0.0008897748193703592,-0.1283320188522339,0.2515203952789306,-0.0627136752009391,0.2660410404205322,0.3649736940860748,-0.0098339179530739,-0.0298794135451316,0.0166785530745983,0.0297426506876945,0.5151479840278625,0.0070463651791214,0.5945593118667603,-0.0261581689119339,-0.3554767966270447,-0.4375940561294555,0.0686377212405204,-0.0145145282149314
0.0142201958224177,0.0815307199954986,-0.0006122848717495799,-0.0138690285384655,-0.0356288813054561,-0.1598571389913559,-0.3492249548435211,-0.2421754300594329,-0.0298913195729255,0.1329523772001266,-0.1988670080900192,-0.0928664207458496,0.0830584168434143,-0.1504615396261215,-0.0101648783311247,0.0279952343553304,0.0454962663352489,-0.0294536557048559,-0.0158063117414712,-0.5972592234611511,-0.8072631359100342,-0.002998765092343,-0.0145145282149314
0.0110634407028555,0.9287341833114624,-2.479309478076175e-05,0.0039048073813319,-0.0421081632375717,0.0250188168138265,-0.1227618753910064,0.3076922297477722,0.0965035036206245,0.0747913047671318,0.2239270955324173,0.0345162227749824,0.0142345307394862,0.0414593927562236,0.00097922352142632,0.0143403094261884,-0.0503090023994445,0.5073032975196838,-0.0530204214155674,0.581424355506897,1.662791132926941,0.0057963808067142,-0.0145145282149314
0.011230144649744,0.7884350419044495,-1.7310871044173837e-05,0.0036206226795911,-0.0442300587892532,0.112141266465187,0.0901198834180831,0.235718086361885,0.1176402643322944,0.0138800218701362,0.2274979203939438,0.0176409184932708,-0.0099913040176033,0.1131452620029449,0.0570647493004798,0.0700041726231575,-0.0512332655489444,0.0258533582091331,-0.0379515849053859,0.6395570635795593,0.8408098220825195,-0.0093330480158329,-0.0145145282149314
0.0805218145251274,-0.8190840482711792,-5.253961717244238e-06,0.0016540195792913,-0.0108963344246149,0.0026482257526367,0.3963308036327362,0.0569802597165107,0.0649458989500999,0.0136911766603589,-0.0386947877705097,-0.062683418393135,0.0629756897687912,0.0360770709812641,-0.0282215308398008,-0.0130857964977622,0.0903224498033523,0.477723091840744,0.4894787669181824,0.7668818235397339,0.2199944853782653,0.0640042051672935,-0.0145145282149314
0.0344058573246002,0.9301655888557434,-3.506894427118823e-05,0.004723569843918,-0.1786393523216247,0.0359983928501606,-0.0394488722085952,0.1261194795370102,0.0268779825419187,0.0313715413212776,0.2774479389190674,0.0556487441062927,0.1855888664722442,0.0036125180777162,0.0431268587708473,-0.0866117775440216,0.017267508432269,0.2468892782926559,-0.0319106876850128,0.6305454969406128,0.6294785141944885,-0.0056398785673081,-0.0145145282149314
-0.0103767570108175,-2.0999464988708496,-6.717345968354493e-05,0.0005010382155887783,-0.015497819520533,0.0480954684317112,-0.2004737704992294,-0.1461865305900573,0.0296549033373594,-0.0026730422396212,-0.3333805203437805,-0.0732593983411789,-0.0566638633608818,-0.1488597393035888,-0.0055726589635014,-0.2195934951305389,-0.014061115682125,-0.3014225959777832,-0.1266612410545349,-0.4122288823127746,-0.7205145955085754,-0.032986219972372,-0.0145145282149314
-0.0219964049756526,-0.7531231641769409,-2.732540451688692e-06,0.0016526668332517,0.1006105989217758,0.0021522920578718,-0.1676236689090728,0.0319316275417804,0.0083518614992499,0.0598430447280406,-0.0678755417466163,0.1133914217352867,-0.0381823740899562,0.0851979255676269,0.0111874649301171,-0.1250990778207779,0.0520932748913764,0.5164226293563843,0.3617242872714996,0.6533348560333252,1.8571659326553345,0.0165250077843666,-0.0145145282149314
0.028983648866415,0.4374329149723053,-2.110957575496286e-05,0.0094319665804505,0.0274911858141422,-0.1919219344854354,0.1891655772924423,-0.1708273738622665,-0.0516730658710002,0.0593950003385543,-0.0502802766859531,-0.0341908074915409,0.0382619984447956,-0.0035811266861855,0.0693147182464599,-0.4017814993858337,-0.0883146598935127,0.6632362008094788,0.0291396155953407,-0.5278816819190979,-0.760840117931366,-0.0685974135994911,-0.0145145282149314
-0.0082176616415381,-1.1702016592025757,-1.7596037650946528e-05,-0.0069777742028236,-0.0078035271726548,-0.0726112052798271,-0.0498207360506057,-0.0393546558916568,-0.0380534939467906,-0.0200963113456964,-0.1763504445552826,-0.0811503604054451,0.0238972790539264,-0.0214238222688436,-0.0741951912641525,-0.0412939749658107,-0.0583595931529998,-0.1224944666028022,-0.1361613571643829,-0.4754084944725036,-0.7457427978515625,-0.0104604177176952,-0.0145145282149314
-0.031087415292859,-1.91121244430542,-0.0002169072686228901,0.0040833409875631,-0.0610215179622173,-0.0165112074464559,-0.0256036855280399,-0.1785253137350082,0.0227660275995731,0.0378487408161163,-0.3000420928001404,-0.0579539090394973,-0.0464863926172256,-0.1428009867668151,-0.0540509521961212,-0.0262267105281353,0.0032965836580842,-0.3478287160396576,-0.1931972056627273,-0.4271870851516723,-0.7923884391784668,0.0143415937200188,-0.0145145282149314
0.0135303074494004,1.206958293914795,-1.987777068279684e-05,0.002737644361332,-0.1445143520832061,0.0024701554793864,-0.0542616620659828,0.0356381200253963,0.0358010046184062,-0.0071424143388867,-0.2139710932970047,0.0456995964050293,0.0641470551490783,0.0885750874876976,-0.0001446618844056502,-0.1068318858742713,0.084564983844757,0.3401525616645813,-0.0525287352502346,0.7281728386878967,2.0278804302215576,0.0110916793346405,-0.0145145282149314
0.0660006999969482,-1.0823745727539062,0.00013204690185375512,0.0155219417065382,0.0059441411867737,-0.0302261766046285,-0.0796585008502006,-0.0104539366438984,-0.0416830405592918,0.1997935771942138,-0.2730855643749237,-0.0245833974331617,0.0475961901247501,-0.0975229665637016,0.0598089694976806,0.1088469251990318,0.0470991618931293,-0.0203328430652618,-0.0143254799768328,-0.522407054901123,-0.7889236807823181,0.010400709696114,-0.0145145282149314
0.0064354469068348,0.944905698299408,-1.0317609849153088e-05,0.0017360455822199,-0.0385585874319076,-0.1051090136170387,0.0778711587190628,0.0572399087250232,0.0118441600352525,0.0484953820705413,0.0144781880080699,0.0921482220292091,0.0320084281265735,0.1197884157299995,-0.0397664010524749,0.1084795147180557,-0.041732307523489,-0.4192936718463897,-0.0055376351810991,0.8108786344528198,0.9934592247009276,0.017540430650115,-0.0145145282149314
0.0094575434923172,-0.8962462544441223,1.7474230844527483e-06,0.0002636322751641273,-0.0495841354131698,-0.0847325399518013,-0.1303192973136901,0.21897554397583,-0.0416367165744304,0.1508318930864334,-0.1213388592004776,0.3478012681007385,0.0549830310046672,0.2789521813392639,-0.0013687452301383,0.0805660113692283,0.0085586914792656,-0.0178674161434173,0.0239589121192693,-0.4749298095703125,-0.6672239303588867,0.013703066855669,-0.0145145282149314
-0.002197234891355,-1.0771576166152954,-6.139051401987672e-05,9.858622797764838e-05,-0.0057454421184957,0.0081848492845892,0.3908922076225281,-0.08679960668087,0.0293074324727058,0.0732123032212257,-0.2435920387506485,-0.0497168637812137,-0.0608955211937427,-0.2156430929899215,-0.0259049721062183,-0.1708674877882003,0.0529975853860378,-0.2461261749267578,-0.0877008512616157,-0.4288915693759918,-0.6366032361984253,0.0034383086021989,-0.0145145282149314
0.0183772630989551,0.9829980134963988,-1.351614628219977e-05,0.0028666546568274,0.012183547951281,-0.0823651850223541,-0.2742899060249328,0.1633094251155853,-0.0145841902121901,0.0906761512160301,0.2914035320281982,0.0110354637727141,-0.074035607278347,0.0510212071239948,-0.0596579648554325,0.1972467750310897,-0.0096852350980043,0.512607753276825,0.0102646201848983,0.545887291431427,0.8118577599525452,0.0262512862682342,-0.0145145282149314
-0.025522032752633,-1.838911533355713,-0.0006325852009467781,-0.0107092531397938,-0.0301707796752452,-0.0504103787243366,-0.0623722001910209,-0.0716173499822616,-0.0921467244625091,-0.1279306858778,-0.2373397350311279,0.0068926773965358,-0.050443384796381,-0.1267105489969253,-0.0423698909580707,-0.1508378088474273,-0.0403903536498546,-0.3213281333446502,-0.1168925464153289,-0.4250682592391968,-0.8020361065864563,-0.0215400774031877,-0.0145145282149314
0.0134040657430887,0.3748829066753387,-2.293213765369728e-05,0.002823460381478,0.0366247184574604,-0.0082650640979409,-0.2067376971244812,-0.1920475512742996,-0.0140680167824029,0.2118062824010849,-0.1212794482707977,-0.0334407687187194,-0.0153403924778103,0.1450727134943008,0.025852408260107,-0.0792122408747673,0.013571536168456,-0.0115855671465396,0.0009101537289097904,-0.5476735830307007,-0.714042067527771,0.0549497306346893,-0.0145145282149314
0.0401849746704101,-2.243652105331421,-5.221374158281833e-05,0.0043024714104831,-0.0407802201807498,-0.0378164686262607,-0.1506039351224899,-0.0121498322114348,-0.0178080201148986,0.0141695262864232,-0.2036876380443573,-0.0287086889147758,0.0153444241732358,0.0238665379583835,-0.0294550359249115,0.2677778601646423,-0.0921897739171981,0.0023980408441275,-0.0461111180484294,0.7813766598701477,0.0485611297190189,0.0293603837490081,-0.0145145282149314
-0.0258562713861465,-0.1895174235105514,-1.3517441402655097e-05,0.0027110890951007,-0.1037592738866806,0.0178113505244255,0.3004820346832275,0.3131009638309479,-0.0273527447134256,-0.3934044539928436,0.1965292245149612,0.2494239807128906,0.1063601896166801,0.2787189185619354,0.021855579689145,0.330587238073349,-0.1098292097449302,-0.1512506306171417,0.0444214046001434,-0.4636378586292267,-0.5384150743484497,-0.0259323362261056,-0.0145145282149314
-0.0556552223861217,0.607955813407898,-2.6717549189925197e-05,0.0019369090441614,0.4875934422016144,0.0594264194369316,-0.0551955103874206,-0.1192738935351371,0.0646378099918365,-0.0694388747215271,-0.2394092381000518,-0.0723737180233001,-0.0202986113727092,-0.1881326287984848,-0.0610981248319149,-0.2336558699607849,0.0488968305289745,-0.377419650554657,-0.1501522958278656,-0.4676568210124969,-0.6233349442481995,0.0102712754160165,-0.0145145282149314
-0.040652722120285,-2.185208797454834,-4.208559403195977e-05,0.0017026646528393,-0.0951156839728355,0.0251676868647336,0.0093061653897166,-0.044552281498909,0.050451673567295,0.0368561707437038,-0.1073063090443611,-0.0806018412113189,-0.0954998210072517,-0.1142925322055816,-0.0011737544555217,0.0087405582889914,0.0359229631721973,-0.4728288352489471,-0.1544980108737945,0.6519297957420349,-0.1901247948408126,-0.0013220326509326,-0.0145145282149314
0.0009892000816762447,0.8913309574127197,-2.543214213801548e-05,0.0028874699492007,0.0193695332854986,0.0158803556114435,0.1797754466533661,0.1648306995630264,-0.0201439410448074,0.0344657823443412,0.2764158248901367,-0.0451602041721344,-0.0397934988141059,0.0604869648814201,-0.0167771223932504,-0.0926877111196518,0.0026499186642467,0.110071912407875,0.011266185902059,0.6475220918655396,1.8767566680908203,-0.00019549665739759803,-0.0145145282149314
-0.0102097252383828,1.097570300102234,-1.562815305078402e-05,0.0076722633093595,-0.3111710548400879,0.1474798172712326,-0.5249146223068237,0.7104106545448303,-0.0120098125189542,-0.0029263324104249,0.5060314536094666,0.0346098020672798,-0.0347402617335319,0.1416007280349731,-0.0342080704867839,0.0287442952394485,-0.0907510891556739,-0.3858892321586609,0.0073456796817481,-0.4342009723186493,-0.5654410123825073,-0.0111538665369153,-0.0145145282149314
0.0164959523826837,0.9125611186027528,-1.857829192886129e-05,0.0045983055606484,-0.0154299261048436,-0.0962274447083473,0.0283217616379261,0.0367809422314167,0.0217505004256963,0.041345365345478,0.2247416973114013,-0.0093862581998109,0.0288421511650085,0.0670851022005081,0.0176483914256095,0.1727668941020965,0.0742770433425903,-0.0833474025130271,-0.022669356316328,0.6673705577850342,1.6912939548492432,0.030209507793188,-0.0145145282149314
-0.0195845644921064,1.041462540626526,-1.733683529892005e-05,0.0041137016378343,0.0705090463161468,-0.4370087683200836,0.2512925565242767,-0.248030811548233,-0.067376472055912,0.0483224987983703,0.1395328789949417,0.1145910769701004,0.0560941137373447,0.2110310345888137,0.0408523678779602,0.0738958269357681,-0.0726882740855217,-0.099701777100563,-0.0325287133455276,-0.4643754661083221,-0.5978931188583374,-0.0101707596331834,-0.0145145282149314
-0.0168635249137878,-1.1678410768508911,-4.4835396693088114e-05,-0.0070998170413076,-0.0060955663211643,0.0125686833634972,-0.0432587899267673,-0.0615401566028595,-0.0545956119894981,0.0239898897707462,-0.2933397889137268,-0.0302611868828535,-0.0686448737978935,-0.2386296391487121,-0.0587566047906875,0.1113236322999,-0.0708665996789932,-0.1336807906627655,-0.1108996346592903,-0.4378543794155121,-0.6793753504753113,0.0244461875408887,-0.0145145282149314
-0.0101582100614905,0.3475756347179413,-1.133164914790541e-06,0.0054511930793523,-0.2135443091392517,0.0338560305535793,0.3189504444599151,0.2902217209339142,-0.0031200249213725,-0.1683756411075592,0.4653007984161377,0.2215333431959152,0.0950534045696258,0.1748828142881393,-0.0262603592127561,-0.0111635196954011,-0.0292203463613986,-0.5656843185424805,-0.0154312066733837,-0.3837600648403168,-0.6438730955123901,-0.0193869657814502,-0.0145145282149314
0.0737073197960853,0.95402193069458,-1.7024667613441125e-05,0.0016021011397242,0.0503309108316898,-0.0400845445692539,-0.0854154005646705,-0.1392214596271515,0.0343867540359497,-0.3305132687091827,-0.1902831196784973,-0.0598626472055912,0.0199702773243188,0.0666970238089561,0.1050145924091339,-0.145614892244339,-0.0228474754840135,0.054503746330738,-0.1468614935874939,0.7110016942024231,0.5519850850105286,-0.0086073148995637,-0.0145145282149314
0.054337840527296,1.3036836385726929,-2.176764974137768e-05,0.0060593029484152,-0.0693015456199646,-0.1267035454511642,-0.0631783753633499,-0.0995843037962913,-0.00015511430683545768,0.0535545982420444,0.0221066288650035,-0.0453861877322196,-0.0165934190154075,0.0643255338072776,-0.0342996343970298,-0.054545234888792,-0.0287088938057422,0.524228572845459,-0.0478982962667942,-0.4659290611743927,-0.7536857724189758,0.0208056028932333,-0.0145145282149314
0.0273020230233669,0.1244187504053115,3.94506350858137e-05,0.0110827200114727,0.1665579974651336,-0.1567457765340805,0.3631110191345215,-0.0599833466112613,0.0446144342422485,-0.2720696926116943,-0.2319943010807037,-0.0544666945934295,0.0599057301878929,-0.0646305754780769,-0.0213422700762748,0.0183291025459766,0.0323343910276889,-0.0478263534605503,-0.0005269483663141727,-0.5339158177375793,-0.5766593813896179,-0.00142728688661,-0.0145145282149314
0.0148934638127684,-1.679125189781189,-3.4213269827887416e-05,0.0019365621265023,0.0435258373618125,0.0218922179192304,0.2448441088199615,0.081122800707817,-0.0182009395211935,0.0579546354711055,0.1176422536373138,0.1567892581224441,0.1433956623077392,0.1938060224056244,-0.0011331695131957,0.0031428646761924,0.0070890095084905,0.1591593772172927,0.2338992953300476,0.7815070152282715,1.7161402702331543,0.0256799012422561,-0.0145145282149314
-0.0037673632614314,-2.170037746429444,-0.00018437934340909123,-0.0030115968547761,-0.0087318895384669,0.0301842279732227,-0.2034531384706497,-0.1753716915845871,-0.055258709937334,0.0171119254082441,-0.2713913917541504,-0.0349088571965694,-0.0137255508452653,-0.1149800419807434,-0.0341232940554618,-0.0213589519262313,0.0212185624986886,-0.0623634085059165,-0.05410011485219,-0.4961301684379577,-0.816616415977478,0.0041883564554154,-0.0145145282149314
0.00023482440155930817,0.1238716468214988,1.7334605217911303e-05,0.0019014744320884,-0.1702704429626464,0.0171242952346801,0.2829180061817169,0.6715875267982483,-0.1007789894938469,-0.5008737444877625,0.2326086908578872,-0.0806072577834129,-0.0055351848714053,0.0596285536885261,-0.0028066320810467,-0.1145827919244766,-0.0203589871525764,0.158818319439888,0.0141019457951188,0.7834835052490234,1.3361947536468506,-0.0167621802538633,-0.0145145282149314
0.0247526299208402,0.8501708507537842,-1.99611131392885e-05,0.0037998240441083,-0.1255125254392624,0.0124217001721262,0.0813665986061096,0.1834014803171157,0.0868899375200271,0.0403098836541175,0.2741726636886596,0.0170648135244846,-0.0299336723983287,-0.0449352711439132,0.0373984575271606,0.0484305508434772,0.0202602576464414,0.3289543092250824,-0.0359328724443912,0.6254593133926392,1.444315791130066,0.0030971413943916,-0.0145145282149314
0.0103785069659352,0.814058244228363,-2.378171484451741e-05,0.0069583021104335,-0.0503749288618564,0.0731226801872253,0.216732919216156,0.0665313228964805,0.0420644991099834,-0.0604076460003852,0.1366163194179535,-0.0359906107187271,-0.0307707116007804,0.0016105606919154,-0.0338261276483535,0.0823032334446907,-0.0603321082890033,0.0006499870796687901,-0.0045971805229783,0.7896679043769836,1.092145919799805,-0.0065101874060928,-0.0145145282149314
-0.0133371967822313,1.3353075981140137,-2.108608896378428e-05,0.0222390033304691,0.1447959095239639,0.2264037132263183,-0.2229001224040985,-0.1289419680833816,0.0526072978973388,0.0219733379781246,-0.3373788595199585,0.0037964729126542,-0.008501942269504,0.0985371693968772,0.0264403987675905,0.3180357217788696,0.0308687314391136,0.0380371771752834,-0.037840723991394,-0.4542783498764038,-0.5025594234466553,0.0031419286970049,-0.0145145282149314
0.0354191623628139,-0.0729964897036552,-1.396438165102154e-06,0.0026606365572661,0.0455014482140541,0.0060915416106581,0.1187188476324081,0.0105535760521888,-0.0141036221757531,-0.1238811686635017,0.1111336499452591,0.0066450606100261,-0.0724638625979423,-0.0290913637727499,0.0172231681644916,0.1366542130708694,-0.0605437122285366,-0.5328829288482666,-0.0795280262827873,0.7434062957763672,1.362071871757507,-0.0046731415204703,-0.0145145282149314
-0.0236155297607183,0.9667028784751892,5.154648533789441e-06,0.002242106013,0.0059681367129087,0.0051588546484708,0.1941740661859512,0.5190366506576538,-0.0073342625983059,0.0077450494281947,0.2460613995790481,-0.0534787252545356,-0.0184768699109554,0.0245534777641296,-0.0026161614805459,-0.0200343653559684,-0.0244627986103296,-0.2907802164554596,-0.0378015115857124,0.5401172041893005,1.8084471225738523,0.0077478382736444,-0.0145145282149314
0.0340107716619968,0.9641501307487488,-2.1885694877710197e-05,0.0020521513652056,0.0045685674995183,-0.0573430620133876,0.1996895670890808,-0.0100418217480182,-0.052605140954256,-0.1378722041845321,0.100770317018032,0.0038198989350348,0.0168957281857728,0.0749418884515762,0.0100127952173352,-0.060098148882389,0.0214584339410066,0.2805677354335785,-0.0304901394993066,0.715579092502594,2.2643520832061768,0.0104686776176095,-0.0145145282149314
-0.0296614468097686,1.1479840278625488,-5.066103767603636e-06,0.0044876709580421,-0.2170797735452652,0.0802297219634056,0.3537943363189697,0.857185959815979,0.0117458384484052,-0.0715537071228027,0.539959192276001,-0.0069555551744997,-0.0171695537865161,0.1066918149590492,0.0495260320603847,-0.1589809358119964,-0.0323421135544776,-0.3332734704017639,-0.0648131519556045,-0.3984246253967285,-0.5225536823272705,-0.0323018990457057,-0.0145145282149314
-0.0433636866509914,-1.7038359642028809,-1.6478588804602623e-05,0.0026756410952657,-0.0591236278414726,0.1057571694254875,0.1748982071876526,-0.1215376928448677,0.0050904997624456,-0.0851832404732704,-0.0443089269101619,0.0712075531482696,0.1100217401981353,0.1995396316051483,0.1174287647008895,-0.0730729922652244,-0.0156622696667909,0.6736710071563721,0.7160751819610596,-0.3742018938064575,-0.5733799934387207,-0.0078819785267114,-0.0145145282149314
-0.0031016601715236,1.0681146383285522,-2.477259113220498e-05,0.0029740452300757,-0.0157653130590915,0.086367979645729,0.00021665985696017745,0.0098508987575769,-0.0348491892218589,0.0781562551856041,0.249558612704277,0.1150272786617279,0.0257887784391641,0.0793254002928733,0.0140437688678503,-0.0931488573551178,0.1180173605680465,0.4196487069129944,-0.0287233460694551,0.6420489549636841,1.8244340419769287,0.0029304625932127,-0.0145145282149314
0.0022966293618083,1.2078722715377808,-4.547351272776723e-05,0.0094063691794872,-0.0041084182448685,-0.2729894816875458,-0.1656637638807296,0.2420444637537002,-0.0393428318202495,0.1008737236261367,0.4522691965103149,0.0090836705639958,0.005619098432362,0.0934462398290634,-0.0148432031273841,0.118674948811531,0.0018652849830687,-0.4485654234886169,0.0034828665666282,-0.4066129028797149,-0.6821295022964478,-0.0055847545154392,-0.0145145282149314
0.032489825040102,-1.2717887163162231,-0.0013779229484498,-0.008752953261137,-0.0233549363911151,-0.0694026127457618,-0.1880395710468292,-0.0562243126332759,-0.1270882338285446,-0.1962092667818069,-0.2626077234745025,0.0103201158344745,-0.0047526247799396,-0.1266559362411499,-0.0346031635999679,0.0276516359299421,0.0455427505075931,-0.0258162040263414,0.0066378549672663,-0.5409442782402039,-0.8514822721481323,0.0175901893526315,-0.0145145282149314
0.0109814414754509,0.447543203830719,-5.391371087171137e-05,-0.0035228605847805,-0.0465688854455947,0.0850332006812095,-0.12447040528059,0.1138246282935142,0.0152783868834376,0.0204903613775968,0.165267139673233,-0.0338079743087291,0.0487719550728797,-0.0652569308876991,-0.00016082159709185362,0.0085767516866326,0.0269228387624025,-0.0316952317953109,-0.0625890344381332,0.8470946550369263,1.803694248199463,0.0042726569809019,-0.0145145282149314
0.0135836154222488,0.4253370761871338,-7.032891153357923e-05,-0.0074236514046788,-0.0125620821490883,-0.1320608854293823,-0.2693669199943542,-0.1980029791593551,-0.0399534031748771,0.0980615690350532,0.1618876755237579,-0.0892956033349037,0.0950644090771675,-0.0957143157720565,-0.0084139220416545,0.0422582067549228,0.0003969174867961556,-0.031558658927679,-0.0244200620800256,-0.5309898257255554,-0.8308689594268799,0.0124143986031413,-0.0145145282149314
-0.024628946557641,-1.4133044481277466,-2.867162402253598e-05,0.0030481084249913,0.1146084368228912,-0.1448152363300323,-0.1012486442923545,-0.0584848970174789,-0.0558035336434841,0.1403592079877853,0.2850198149681091,0.0463462099432945,-0.0297940578311681,0.0760727450251579,-0.0465067476034164,0.4241591393947601,-0.1010933443903923,0.5309727191925049,0.4747782051563263,-0.391629010438919,-0.5526060461997986,0.046664509922266,-0.0145145282149314
0.0359738804399967,-1.3044724464416504,-1.3839020539307969e-05,0.0034860931336879,0.1953700333833694,-0.0627167448401451,-0.3198958337306976,-0.0883050709962844,0.0403758361935615,0.2219739109277725,0.1604889333248138,-0.0625456646084785,0.0222872048616409,-0.0383498556911945,-0.0587069243192672,-0.4046454727649688,0.185933917760849,-0.3185660243034363,-0.1044575721025466,-0.4139023125171661,-0.7391008138656616,-0.0294360853731632,-0.0145145282149314
-0.0570240430533885,0.9983844757080078,-1.0595325875328854e-05,0.0023599420674145,0.0115921767428517,0.0558496937155723,-0.0951281711459159,-0.2030918151140213,-0.0846286490559578,0.0256226249039173,-0.1097973510622978,-0.0336441732943058,-0.0045243138447403,0.0738608762621879,0.0196980293840169,-0.2305809706449508,0.0401961207389831,-0.4727844297885895,-0.080622911453247,0.7231470346450806,0.7137333154678345,0.00580958975479,-0.0145145282149314
0.0207254793494939,-0.2337037920951843,-2.468890306772664e-05,0.0020228498615324,-0.0488800704479217,0.0330212228000164,0.2825689315795898,0.0483532585203647,-0.0419667363166809,0.1225976422429084,0.0546760745346546,0.2334558367729187,0.0257619600743055,0.1357791870832443,-0.0468210913240909,0.0147975627332925,-0.0126797994598746,-0.0257894657552242,-0.0504027269780635,0.7663239240646362,1.648017168045044,0.0052352584898471,-0.0145145282149314
-0.008526848629117,0.7910928130149841,-1.870216874522157e-05,0.0030731635633856,0.0197154954075813,-0.1128613203763961,0.1067520007491111,0.1732896566390991,0.0200484283268451,0.005148597061634,0.2528773844242096,0.0745317786931991,0.0395516827702522,0.0997311770915985,0.0246662553399801,0.0051803467795252,-0.0088103134185075,0.2548120617866516,0.0056523289531469,0.6285156011581421,1.5419938564300537,-0.0113945798948407,-0.0145145282149314
-0.0237554088234901,1.016972541809082,7.686601747991517e-06,0.0042647556401789,-0.004800908267498,-0.2552714645862579,0.2738156020641327,-0.141005203127861,-0.0511480644345283,0.0200553797185421,0.1046122312545776,0.1152911260724067,-0.0289353728294372,0.1508859544992447,-0.017511261627078,0.0387211218476295,-0.0680767148733139,-0.3834009170532226,-0.072933591902256,-0.4426503181457519,-0.6715400815010071,0.0174559522420167,-0.0145145282149314
0.006957983598113,-0.3241009712219238,-1.982779212994501e-05,0.0026647027116268,-0.022661879658699,-0.0698975324630737,-0.0311325527727603,-0.0226606521755456,0.1104555875062942,-0.0031706737354397,0.1863242834806442,0.0163874197751283,-0.0126093374565243,0.0925781577825546,0.027395810931921,0.1189636439085006,0.0231201276183128,-0.2077903151512146,0.0122434115037322,0.699576199054718,-0.008615743368864,0.0400884188711643,-0.0145145282149314
0.0008609569049440324,1.185483694076538,-4.308803909225389e-06,0.0017078061355277,-0.0239078812301158,-0.081901840865612,0.3093754351139068,-0.2038256078958511,0.0820165053009986,-0.1412031054496765,-0.1272642910480499,0.0119086746126413,0.0231525711715221,0.0246945712715387,-0.0294660311192274,-0.2437362074851989,0.1164686530828476,-0.2908411026000976,-0.0194633640348911,0.7404013872146606,0.890536904335022,0.0111784758046269,-0.0145145282149314
0.0505808219313621,-1.9523513317108157,-1.2284112017368898e-05,0.0012881977017968,0.2303135693073272,0.0108813904225826,-0.2531450688838959,-0.0429531447589397,-0.0229735188186168,0.1589516848325729,-0.0660296157002449,-0.0502147525548934,-0.0012831874191761,0.0091175101697444,-0.0582458637654781,-0.0172515045851469,-0.0005986237665638328,-0.2545113265514374,-0.0479696691036224,-0.3834181725978851,-0.7278574705123901,0.0249207708984613,-0.0145145282149314
0.0303291231393814,-2.235537528991699,-0.0006051956443116069,-0.0027294817846268,-0.139441579580307,0.1469073593616485,-0.0664592012763023,-0.2000830471515655,-0.0669457763433456,0.0379218235611915,-0.2854929864406585,0.000291300006210804,-0.0474737659096717,-0.1634254306554794,-0.0435285940766334,-0.0200569313019514,0.026459576562047,-0.0633998364210128,-0.0537342466413974,-0.4918812811374664,-0.8037450909614563,0.0066649662330746,-0.0145145282149314
-0.0464689470827579,-0.613670289516449,7.201189873740077e-06,0.0024390697944909,0.1111875623464584,0.0494088046252727,0.3351086676120758,-0.062031865119934,-0.0185256619006395,-0.2432369887828827,-0.2148850113153457,-0.04688211530447,0.0456054508686065,-0.0394720584154129,0.0387252457439899,0.0571469441056251,0.0076837721280753,0.7233184576034546,0.6968255043029785,-0.3961498439311981,-0.5506040453910828,0.0174388699233531,-0.0145145282149314
0.0683329030871391,-1.16467547416687,-3.811193892033771e-05,-0.00364884105511,0.0551511906087398,0.110067494213581,-0.0369301922619342,-0.0387000367045402,-0.0514128766953945,-0.1020714342594146,-0.2963762581348419,-0.0075525538995862,0.0324042588472366,0.1485676765441894,-0.0135262059047818,0.0408405177295208,-0.0155109819024801,0.0050916639156639,-0.0580957718193531,-0.4363115727901459,-0.6271796822547913,0.0015268080169335,-0.0145145282149314
-0.0445949248969554,-2.220863580703736,-1.9839659216813743e-05,-0.0016486520180478,0.0417436882853508,0.1531569510698318,-0.1667673140764236,-0.1127096638083458,-0.0225458964705467,0.0531017892062664,-0.3660078644752502,0.0117857893928885,-0.0286224018782377,0.0813104286789894,-0.0604976490139961,-0.0872685983777046,-0.0059582144021987,-0.267286092042923,-0.1818790882825851,-0.4021763205528259,-0.7312061190605164,-0.0081149935722351,-0.0145145282149314
-0.031646654009819,0.7760905623435974,-2.4988687073346227e-05,0.0024085133336484,0.0214394889771938,-0.1578988879919052,-0.3066979348659515,-0.134068101644516,-0.0605154298245906,-0.1155285984277725,0.1987943947315216,-0.0054002711549401,-0.0538544170558452,0.1686821281909942,-0.063915878534317,-0.1582395732402801,-0.0717158615589141,0.3242990970611572,-0.0262915268540382,-0.4353597164154053,-0.791854202747345,-0.0587454997003078,-0.0145145282149314
-0.0064121577888727,0.5846927762031555,-2.7416877856012437e-05,0.0036995641421526,-0.0846402645111084,-0.0230046119540929,0.3215122520923614,0.1067336052656173,-0.0549546554684639,0.0414516441524028,-0.0184292923659086,-0.0611551515758037,-0.0158500373363494,-0.1305511891841888,-0.0769866704940795,0.2614165842533111,-0.1075405925512313,0.1595349311828613,-0.0802705362439155,-0.5540390610694885,-0.7612941861152649,0.0779568254947662,-0.0145145282149314
-0.0405149757862091,0.0174927879124879,1.1702839401550593e-05,0.003256702562794,-0.0805178433656692,-0.1642461121082306,0.3618747591972351,-0.0400620140135288,0.0509777180850505,-0.0548539496958255,-0.0009185376111418008,0.1787399351596832,-0.0175769049674272,0.1999535858631134,-0.0168799236416816,-0.0662906244397163,-0.0450290814042091,0.183162122964859,0.2540751099586487,-0.5188755989074707,-0.6630405187606812,-0.0406235083937644,-0.0145145282149314
0.0480330996215343,-1.8937726020812988,-2.7525944460649043e-05,0.0011376332258805,-0.020116776227951,0.0158152598887681,-0.1002714037895202,-0.2659118771553039,-0.0150193069130182,-0.0286017153412103,-0.1705029159784317,-0.0190935414284467,0.0375995934009552,0.0186060722917318,0.0307911392301321,0.2539381384849548,0.0199865214526653,0.5283348560333252,0.500681459903717,0.6797418594360352,1.5568305253982544,0.0599347911775112,-0.0145145282149314
-0.0222488958388566,1.0993729829788208,-7.505837857024744e-06,0.0056125144474208,0.0920459404587745,-0.1368470340967178,-0.293007493019104,-0.1377091109752655,0.0993686020374298,0.176870509982109,-0.0870203673839569,0.1749427169561386,0.0125035643577575,0.0931645184755325,0.1298467367887497,0.3379167318344116,0.0092788767069578,0.4406156241893768,-0.0784533470869064,0.6405415534973145,-0.058076161891222,-0.0142322368919849,-0.0145145282149314
0.0115110594779253,0.1804105937480926,4.811602411791682e-05,-0.0187857169657945,-0.0976302921772003,-0.050930131226778,-0.0987126678228378,-0.0544346719980239,0.0417302474379539,0.0131186563521623,-0.1561070382595062,0.0964050367474556,-0.0190347209572792,-0.0545482672750949,-0.002501563867554,0.0825924947857856,0.0325677543878555,-0.0499470233917236,-0.0385750979185104,-0.599305272102356,-0.7887287735939026,0.0022759472485631,-0.0145145282149314
0.0079114837571978,0.5484288930892944,-2.1519190340768542e-05,0.0018389532342553,-0.0672506839036941,0.00032132930937223136,-0.1828929483890533,-0.0426266118884086,-0.0441424436867237,-0.0023949667811393,0.0415836311876773,-0.0494459718465805,0.0049241557717323,0.0542552098631858,-0.0142610622569918,-0.1010358184576034,-0.076680451631546,0.274681806564331,0.1863982081413269,0.8018337488174438,2.2838335037231445,-0.0644349604845047,-0.0145145282149314
-0.0048884190618991,0.6641046404838562,-3.679767542053014e-05,-0.0040560821071267,0.0303776413202285,-0.0618668310344219,-0.406437873840332,-0.2424478381872177,-0.0530479699373245,0.1787711232900619,-0.2800962328910827,0.0465866290032863,-0.021772937849164,0.156905248761177,-0.0118473088368773,-0.0046816179528832,0.0098055722191929,-0.08261688798666,-0.0166568625718355,-0.5718260407447815,-0.8036978840827942,-0.0102728782221674,-0.0145145282149314
-0.0338765196502208,0.89366215467453,-3.1380892323795706e-05,0.0035898932255804,0.0225040502846241,0.0331547260284423,0.0728447511792182,0.204041451215744,0.0692874938249588,0.000956164498347789,0.2164737433195114,-0.0557691864669323,-0.0188527796417474,-0.0242341514676809,-0.0573769733309745,-0.0419903621077537,0.0099148387089371,0.0015826019225642,0.0202591251581907,0.5471814274787903,0.9994447827339172,0.0069082318805158,-0.0145145282149314
0.000101026744232513,0.1269286274909973,-2.7434762159828097e-05,0.0054983808659017,-0.0168719217181205,-0.1190892979502677,0.1458840668201446,-0.1468149274587631,-0.0434126704931259,-0.044995442032814,-0.250452846288681,-0.00430887658149,-0.0137386545538902,0.1588183939456939,-0.0184372290968894,0.1133401542901992,-0.0140171470120549,0.1339798867702484,-0.0691947937011718,-0.4875731468200683,-0.6742011904716492,-0.0017099941615015,-0.0145145282149314
0.0554225593805313,-1.468872308731079,-6.025733455317095e-06,0.00011511171760503204,0.0081286765635013,-0.0141474083065986,-0.1395639479160308,-0.0669201835989952,-0.0045684301294386,-0.0212059933692216,-0.0217045582830905,-0.0449304841458797,-0.0526540726423263,0.1598800867795944,-0.0362865589559078,-0.3616649210453033,0.0388622507452964,-0.2420217841863632,-0.1378683745861053,-0.4410010874271393,-0.7916635870933533,0.0041123810224235,-0.0145145282149314
-0.0013226714218035,0.8592479825019836,-1.6860260075191036e-05,0.0037893878761678,-0.0398677326738834,-0.2011347860097885,0.055279191583395,0.110446311533451,-0.018942903727293,-0.1122441738843917,0.270930677652359,0.0317746140062809,0.0016648907912895,0.0700166448950767,0.0267555825412273,0.0760259106755256,-0.0875739008188247,0.4019842743873596,-0.0007174949278123677,0.6341866254806519,0.3117315471172333,0.0167238041758537,-0.0145145282149314
0.0267684813588857,0.4565960466861725,-2.1552674297709015e-05,0.0020541746634989,0.0317740626633167,0.0106042278930544,-0.0153294336050748,-0.0129046160727739,0.00015906211046967655,0.1723615676164627,-0.1179385259747505,-0.0191500931978225,0.1111565455794334,0.0250867418944835,0.0187852140516042,0.1785117834806442,0.0215373616665601,0.4719703793525696,-0.0110393529757857,0.7344954609870911,2.0195066928863525,0.0790263190865516,-0.0145145282149314
-0.0062591196037828,-1.624845266342163,1.2483025784604251e-05,-0.0027414420619606,-0.0527474917471408,0.0397957488894462,-0.2178041934967041,-0.2254519909620285,0.052571415901184,0.1957682818174362,-0.2204638719558715,0.2060763239860534,0.0498506985604763,-0.0550589300692081,0.1121672466397285,0.0368840433657169,0.0127000585198402,-0.0510762482881546,-0.03456262499094,-0.4797413647174835,-0.750967800617218,0.0249202121049165,-0.0145145282149314
-0.0123937400057911,-1.882063150405884,-0.00013564593973569572,-0.0034426262136548,0.0397041887044906,-0.068287156522274,-0.1532801240682602,-0.1393064558506012,-0.052312146872282,-0.044786874204874,-0.2694154381752014,-0.062388252466917,0.0552994161844253,-0.1273799836635589,-0.0187477730214595,0.0119854742661118,0.0145478574559092,-0.0656527578830719,-0.0476336069405078,-0.4722864031791687,-0.8269078731536865,0.0020169676281511,-0.0145145282149314
0.0277172420173883,0.8602702617645264,-8.861799869919196e-06,0.0087066413834691,0.0030332605820149,0.0985525846481323,-0.5431175231933594,-0.2046110481023788,-0.0751267448067665,0.0510210767388343,0.2099549770355224,0.052865169942379,-0.0306389443576335,0.0704560354351997,0.0427504405379295,-0.2289335280656814,-0.0635830610990524,-0.4998036623001098,0.0165369436144828,-0.4762930274009704,-0.7464061379432678,-0.0432758927345275,-0.0145145282149314
0.0083583472296595,0.8293489217758179,-1.4075405488256363e-05,-0.0064049707725644,0.0246882513165473,0.0082527417689561,-0.2527157068252563,0.030980460345745,-0.0222425013780593,0.0475527942180633,0.0695856064558029,-0.0114117171615362,-0.012916705571115,-0.007914351299405,0.0037656433414667,0.0141909578815102,0.048871386796236,0.0979695096611976,-0.0207758229225873,0.7967308163642883,1.967637062072754,-0.0030374207999557,-0.0145145282149314
-0.0849668234586715,-0.0568571500480175,-2.023983688559383e-05,0.0074616679921746,-0.0343463905155658,0.1374335438013076,-0.2644572556018829,-0.0440551824867725,-0.0074291196651756,-0.0276125483214855,-0.2497535198926925,-0.034332875162363,-0.0427017509937286,0.04217129945755,0.0509953275322914,0.0746367275714874,0.0196462571620941,0.4550980925559997,0.3252057433128357,0.6797477006912231,-0.1461880803108215,-0.0020883490797132,-0.0145145282149314
0.0090939980000257,0.5577106475830078,-6.341837433865294e-06,0.002258306602016,0.0132249044254422,-0.0494771972298622,0.4709590673446655,-0.0124250352382659,0.0222338289022445,-0.141527384519577,0.0207749623805284,-0.0485273972153663,0.0663042441010475,0.0772083923220634,-0.0293376091867685,-0.2012007981538772,-0.0632609501481056,-0.465619146823883,-0.0494662374258041,0.8377761244773865,-0.0721224471926689,-0.0331354029476642,-0.0145145282149314
0.0082353735342621,-2.0270931720733643,-6.773354107281193e-05,0.002049860311672,-0.1446891129016876,0.0945909544825553,-0.2343000471591949,-0.0784054696559906,-0.024204347282648,0.0496977902948856,-0.1699106097221374,-0.0318158939480781,-0.0676202848553657,-0.0466431751847267,-0.0359709933400154,-0.1160104423761367,-0.0613453462719917,-0.0894864201545715,-0.0668471828103065,-0.4667403399944305,-0.7567219138145447,-0.0250082165002822,-0.0145145282149314
0.024635387584567,-1.8102988004684448,-0.0007862934144213796,0.0043388889171183,-0.0455480590462684,0.0279980860650539,-0.1532206088304519,-0.0342088975012302,0.0052758548408746,0.0612131208181381,-0.2641091644763946,-0.0443139374256134,0.0128815453499555,-0.2046428322792053,-0.0320861265063285,0.4018073976039886,-0.0420661345124244,-0.0262707993388175,-0.0490699559450149,-0.4696440696716308,-0.7718209028244019,0.0191121064126491,-0.0145145282149314
-0.0232605505734682,-1.5801451206207275,-3.595199814299121e-06,0.003205215325579,0.0696238055825233,-0.140600100159645,0.2309408485889434,-0.0186027511954307,0.1435709744691848,0.0447667092084884,-0.0628178119659423,-0.0244300179183483,0.0036638474557548,-0.0863744765520095,-0.0607280246913433,0.1336427181959152,-0.0879629403352737,-0.1732018440961837,0.430016815662384,-0.4372113049030304,-0.6930446624755859,-0.0248074419796466,-0.0145145282149314
0.0064356517978012,-0.0719983354210853,-3.3994088880717754e-05,0.0035002829972654,0.0104205729439854,-0.2727031409740448,-0.0952430218458175,-0.07561956346035,-0.0074835359118878,-0.0261842776089906,0.179363414645195,-0.076905757188797,0.0220907256007194,-0.2211589068174362,0.0130616417154669,-0.2566925883293152,-0.0702118054032325,-0.4027614295482635,-0.1316886097192764,-0.508341372013092,-0.7210484147071838,-0.0623378716409206,-0.0145145282149314
0.0177276823669672,-2.384116649627685,-0.0001833816641010344,-0.0008990017231553793,-0.0170761346817016,0.003797001671046,0.0263553634285926,-0.1331458091735839,0.0064217448234558,0.0861497223377227,-0.2291821092367172,-0.038360696285963,-0.0504691042006015,-0.2039285451173782,-0.0681348890066146,0.0069063110277056,0.0236988440155982,-0.0837437435984611,-0.0835274830460548,-0.5005877017974854,-0.8390209674835205,0.0008892928599379957,-0.0145145282149314
-0.0649027600884437,1.1460278034210205,-2.852710895240307e-05,0.0049310745671391,0.0861268788576126,-0.1603392511606216,-0.1298170536756515,-0.1151083111763,-0.043846134096384,0.1912458688020706,0.414993017911911,-0.0713329687714576,-0.0211173295974731,-0.173292651772499,-0.057332657277584,-0.1506312042474746,-0.0188922025263309,0.0688912570476532,-0.0632858276367187,-0.5052013993263245,-0.7292550802230835,-0.0254184901714324,-0.0145145282149314
-0.0278337858617305,-0.3023175895214081,-1.5595251170452684e-05,0.0047977771610021,-0.0172380972653627,-0.0683434084057807,-0.0247439090162515,0.218556672334671,0.0285806190222501,0.1536778807640075,0.2105417251586914,-0.0553647726774215,0.0312513262033462,-0.0653780996799469,0.0936204046010971,-0.0903996750712394,0.0167393945157527,-0.3089128136634826,-0.1294681578874588,-0.4358839094638824,-0.685092568397522,0.0095166768878698,-0.0145145282149314
-0.0399264656007289,-1.449922800064087,-5.027191218687221e-05,0.0019752425141632,-0.0976448655128479,-0.0309484302997589,0.1240563541650772,-0.0826034098863601,-0.0268379561603069,0.0324555970728397,-0.0914476439356803,0.1749467104673385,-0.0416733361780643,0.0426657944917678,-0.0131150251254439,0.0984952226281166,-0.0573425218462944,0.6173665523529053,-0.0445784404873847,-0.4564464688301086,-0.6987535953521729,0.0011388062266632,-0.0145145282149314
0.0274096596986055,0.4685976803302765,-1.862597855506465e-05,0.0028325165621936,0.0767874494194984,0.0754511654376983,0.3113006055355072,-0.0311132334172725,0.1041471883654594,0.0504135489463806,0.0364373214542865,0.3413642644882202,0.0419618971645832,0.113506831228733,0.0589737892150878,0.211062803864479,0.0280259698629379,0.3780499696731567,-0.0337152630090713,0.7194662690162659,0.811992883682251,0.0625339373946189,-0.0145145282149314
0.0188413225114345,1.0639050006866455,-1.4947418094379827e-05,0.0022699579130858,0.0245695803314447,0.062079694122076,-0.0425074025988578,0.0248517412692308,0.0248072072863578,-0.0172020606696605,-0.0972135961055755,-0.0260718893259763,0.0393239557743072,0.0350660644471645,-0.0015018008416518,-0.1776956170797348,-0.0440541692078113,0.5354312658309937,-0.0494357235729694,0.8031518459320068,2.131141662597656,-0.0225776527076959,-0.0145145282149314
0.0095552550628781,0.6389460563659668,-1.3270473573356869e-05,0.0028208754956722,-0.0239499770104885,0.0091578736901283,0.2514221668243408,-0.0171051379293203,0.0220093093812465,-0.023627134039998,0.0623239614069461,0.2337181568145752,0.0494888424873352,0.1067045107483863,0.0573228523135185,0.0949946641921997,-0.0040743108838796,0.1404551416635513,0.0651471763849258,0.8699579834938049,2.1147406101226807,0.0064560226164758,-0.0145145282149314
0.0462411493062973,-2.23965835571289,0.0011263102060183,-0.0030445652082562,-0.0219730380922555,-0.0436951145529747,-0.0728285610675811,-0.0962162166833877,-0.122444100677967,-0.0973565652966499,-0.1697949171066284,-0.0071363379247486,-0.044159960001707,-0.0942248106002807,-0.0103189134970307,-0.0506470613181591,0.0154476407915353,-0.0448367409408092,-0.0837952867150306,-0.5033110976219177,-0.851194441318512,0.0101796304807066,-0.0145145282149314
0.0488389581441879,1.1046533584594729,-2.8411632229108363e-05,0.00350416242145,0.0308806281536817,0.0225226487964391,0.2052454948425293,0.1019652262330055,-0.0061846720054745,0.209080696105957,0.1975916773080825,-0.0471524335443973,0.007073204498738,0.0012472515227273,-0.0939862728118896,-0.0363608710467815,0.023940460756421,-0.0582636892795562,-0.0554483421146869,0.6897192597389221,0.8941328525543213,0.02828374132514,-0.0145145282149314
0.0315028503537178,0.7303115725517273,-4.12391236750409e-05,-0.0150351207703351,0.0113014914095401,-0.5029327273368835,0.0258889608085155,0.2680674493312835,-0.0629834830760955,0.1657053828239441,0.2864706516265869,-0.0231050234287977,-0.1133570522069931,0.1149075478315353,0.0191155970096588,0.0351094603538513,-0.0417135469615459,-0.0316323675215244,-0.0288165472447872,0.5049102902412415,-0.2073613256216049,-0.0276300720870494,-0.0145145282149314
-0.0006647594855166972,1.010926604270935,-1.84452765097376e-05,0.0033285052049905,-0.0696224123239517,0.0517299883067607,0.2479768842458725,-0.0192698631435632,0.0052949958480894,-0.03949910774827,0.1848271042108535,-0.0467597991228103,-0.0075877313502132,0.0918816924095153,-0.0978016257286071,0.1295193284749984,0.0440287850797176,0.0491030924022197,-0.0589883662760257,0.7060034871101379,0.434940367937088,0.0481619536876678,-0.0145145282149314
-0.0052588712424039,0.0464308857917785,-1.9825682102236897e-05,0.0037990508135408,0.0213951971381902,-0.0471423491835594,0.3140336275100708,0.757991373538971,0.0284602604806423,-0.0520163923501968,0.4303224682807922,-0.0273190885782241,0.039232563227415,0.0646799802780151,-0.0113825099542737,-0.2960797250270843,0.0149733433499932,0.3045801222324371,-0.1160295307636261,0.7086582779884338,-0.1724326759576797,-0.0347710214555263,-0.0145145282149314
-0.0261982753872871,-1.7713940143585205,-1.5587807865813375e-05,0.0041013043373823,0.090303935110569,0.1142815425992012,-0.2654283344745636,-0.1290543526411056,0.0065946411341428,0.1272298097610473,-0.2991124987602234,-0.0488228946924209,0.0891039744019508,0.1422365456819534,-0.0425909496843814,-0.1827073693275451,-0.045506939291954,-0.3261618316173553,-0.181795135140419,-0.4058617055416107,-0.6443495750427246,-0.0414797104895114,-0.0145145282149314
-0.0152287585660815,-1.9909756183624268,-9.250504081137478e-05,0.0035156887024641,-0.028697220608592,-0.0226477235555648,0.1140015125274658,-0.1474595069885254,0.0605263374745845,-0.0039302944205701,-0.2617813646793365,-0.0512421391904354,-0.097332015633583,-0.1592433005571365,-0.0558045171201229,-0.0778567194938659,-0.1050843819975853,-0.0870278775691986,-0.0485845580697059,-0.5108746290206909,-0.8184118866920471,-0.0021328907459974,-0.0145145282149314
0.014127604663372,0.935560941696167,-3.524992644088343e-05,0.0042030392214655,0.0396819114685058,0.0804779455065727,0.0218576248735189,0.2353186756372451,0.0139746125787496,0.1096350476145744,0.2637133598327636,-0.001854256610386,0.0375999473035335,0.0798144489526748,0.0161743368953466,0.2103132307529449,-0.1368026882410049,0.1052402704954147,0.0106222247704863,0.6025543212890625,1.3870311975479126,0.0419978238642215,-0.0145145282149314
0.0443112067878246,0.9804651737213136,-1.0916020983131602e-05,0.0035602576099336,0.0997829735279083,0.1924608200788498,-0.0092050191015005,-0.0611854754388332,-0.0069997669197618,0.011842131614685,-0.002908973256126,-0.0411451868712902,0.0609521977603435,-0.0858190655708313,-0.0210548602044582,0.0732330232858657,-0.0330199860036373,0.8408712148666382,0.1915255337953567,-0.4051699936389923,-0.5462031364440918,0.0379977375268936,-0.0145145282149314
0.0061530712991952,0.5104139447212219,-1.2886011973023416e-05,0.002262552967295,0.144987404346466,0.0606364756822586,0.3493071496486664,-0.0207634009420871,0.0367726907134056,-0.0749347805976867,0.0828746408224105,-0.060083232820034,0.0049226554110646,0.0197425335645675,-0.0416394546627998,0.1295726746320724,0.008515641093254,0.4665038287639618,0.0845819562673568,0.7457579970359802,0.7389138340950012,0.005367110017687,-0.0145145282149314
-0.0307354740798473,-2.047849655151367,-6.978967576287687e-06,0.0023725177161395,0.0114457290619611,-0.0206978451460599,-0.2185990512371063,-0.1480231285095214,-0.0073153520934283,0.0228576306253671,-0.2481459826231002,-0.0341086834669113,-0.0888380333781242,0.0198172274976968,0.0112054506316781,0.139610081911087,-0.0216217134147882,-0.34481281042099,-0.1170963570475578,-0.4078360497951507,-0.7319246530532837,0.0108614424243569,-0.0145145282149314
0.0544678345322608,0.5476060509681702,-1.329115912085399e-05,-0.0040230420418083,0.0278378818184137,0.0567353591322898,-0.3012163937091827,0.0278945863246917,-0.0142988953739404,0.0024582748301327,-0.1064770221710205,0.0401848964393138,0.0115348324179649,0.0639777109026908,0.0603728294372558,0.048337735235691,0.0213407929986715,0.0158114358782768,-0.0408159904181957,0.8197711706161499,1.1392264366149902,-0.005170352756977,-0.0145145282149314
-0.0107237724587321,-1.78522789478302,-0.0003565959632396698,-0.0027889609336853,-0.0563703812658786,-0.0173738077282905,-0.034426711499691,-0.1390043944120407,-0.0255407392978668,-0.1456929743289947,-0.2319817095994949,-0.0158383678644895,-0.1110591441392898,-0.169896051287651,-0.0559891313314437,0.0210017133504152,0.0040634418837726,-0.0957433730363845,-0.0465765409171581,-0.5482379794120789,-0.8061771392822266,0.0170064941048622,-0.0145145282149314
0.012181369587779,0.0856834053993225,-3.3952208468690515e-05,0.0028002166654914,-0.0116367535665631,-0.0577393732964992,0.0170635841786861,0.1263084858655929,-0.0610911957919597,0.2789144217967987,0.1852478981018066,-0.0075878449715673,-0.0344242379069328,0.1041366681456565,-0.0729939267039299,0.0401545986533165,0.1277858018875122,-0.2196604907512664,-0.0890076085925102,0.7135521173477173,1.3772778511047363,0.0634957253932952,-0.0145145282149314
0.0361581966280937,0.177421897649765,-6.325505091808736e-05,0.0038308352231979,-0.0577067248523235,-0.0456069931387901,0.1410505771636963,-0.2017410695552826,0.0617814734578132,0.0144278658553957,-0.24455226957798,-0.0302270222455263,-0.0057380413636565,0.2225032746791839,-0.0067686331458389,-0.092499203979969,-0.090168185532093,0.2939043641090393,0.0239383932203054,-0.4840748608112335,-0.6981977820396423,-0.0114384368062019,-0.0145145282149314
0.0398030541837215,1.4163732528686523,-1.3472334103425965e-05,0.0042382427491247,0.0412190370261669,0.0272020474076271,0.108211949467659,-0.134817749261856,-0.0522565767168998,0.1124645620584487,-0.1176850199699401,-0.0190900899469852,-0.023422809317708,0.0663036331534385,0.0125296050682663,-0.193905770778656,-0.0914284735918045,0.6106260418891907,-0.0752818435430526,-0.4346930086612701,-0.6906070113182068,-0.0263926107436418,-0.0145145282149314
0.0231789723038673,-2.1810107231140137,-0.0003916626155842096,-0.0038971807807683,-0.0630201175808906,-0.0448990613222122,-0.1485431492328643,-0.1117005199193954,-0.0906446725130081,-0.0971021130681037,-0.0870943292975425,-0.022340266034007,-0.0204410515725612,-0.0719717293977737,-0.0054567740298807,0.1988399177789688,-0.034954510629177,0.0191367231309413,-0.0685432702302932,-0.4893105626106262,-0.8527641296386719,-0.0287241470068693,-0.0145145282149314
0.0031355305109173,0.8649513125419617,-1.3301272701937704e-05,0.0028072923887521,0.0093873618170619,-0.0251170974224805,0.199286475777626,0.2088427543640136,-0.0124462749809026,0.0643228814005851,0.2556740939617157,-0.0436957702040672,0.024556366726756,0.0934246852993965,0.0310540813952684,0.1559437662363052,-0.0474003925919532,-0.1065087914466857,0.0115145333111286,0.6174108386039734,1.706689715385437,0.0167463719844818,-0.0145145282149314
0.033281784504652,1.0806059837341309,-1.849778709583916e-05,0.0024884662125259,-0.0137629965320229,0.0692562237381935,0.2123216688632965,-0.0400845855474472,6.318680243566632e-05,-0.0708324015140533,0.143637329339981,-0.0194021239876747,0.0650518462061882,0.0005553602240979671,0.0775564089417457,-0.0404979139566421,0.041953220963478,0.4487439095973968,-0.0801961123943328,0.7107228636741638,0.8086581826210022,0.0133610283955931,-0.0145145282149314
0.0124552771449089,-0.1005111783742904,0.0011557469842955,-0.0150976786389946,-0.01574950478971,-0.0549884550273418,-0.1575918048620224,-0.0844267830252647,-0.1268742829561233,-0.1528341770172119,-0.1555552035570144,0.0159529391676187,-0.0233898069709539,-0.0934824123978614,0.0452807545661926,0.0524405948817729,0.0301538109779357,-0.0138163277879357,-0.038879744708538,-0.5852512717247009,-0.851843535900116,0.03131989762187,-0.0145145282149314
-0.0464778281748294,0.5108102560043335,-1.7831822333391756e-05,0.0074173086322844,0.097083106637001,0.0587063692510128,0.204284980893135,-0.1119092106819152,-0.0446465350687503,-0.0499797090888023,0.2804081439971924,0.2100578546524047,0.1445123851299286,0.2261484861373901,-0.0216078944504261,0.0966643020510673,0.0012355635408312,0.2056693136692047,0.2031814754009246,-0.4318685531616211,-0.6086586117744446,0.0181440133601427,-0.0145145282149314
0.0037614263128489,0.607823371887207,-1.3112225133227184e-05,0.0033884942531585,-0.0299489721655845,0.0547462105751037,-0.105809599161148,0.1159381568431854,0.0047238911502063,-0.0198791120201349,0.1808077096939087,0.0441416837275028,0.0202681943774223,0.1224581003189086,0.0170974340289831,0.0522222556173801,-0.0204758718609809,-0.0626037716865539,-0.0324960052967071,0.7886606454849243,2.7816004753112797,-0.013428627513349,-0.0145145282149314
-0.0282618626952171,-0.032637745141983,-2.449310704832897e-05,0.0040020598098635,0.0498259104788303,0.0188825596123933,-0.2356641888618469,-0.0049920179881155,0.014290646649897,0.2232964187860489,0.1544304192066192,-0.035037562251091,-0.009456131607294,0.0739597231149673,0.0102137029170989,0.3219530582427978,-0.027236483991146,0.4766629636287689,0.2555764317512512,0.638018012046814,-0.207372784614563,0.0551069602370262,-0.0145145282149314
-0.0143485367298126,0.1104015335440635,-2.194955595768988e-05,0.0060397861525416,-0.1018413454294204,-0.0137352095916867,0.1690230965614318,-0.1256273090839386,-0.0540945641696453,-0.0300310961902141,-0.2503186464309692,-0.0432167649269104,-0.021606994792819,-0.1381087154150009,-0.0166059769690036,-0.1023331955075264,-0.0644595101475715,-0.052842229604721,-0.0277957301586866,-0.5963435769081116,-0.818114161491394,0.0089552020654082,-0.0145145282149314
0.0232029240578413,0.4075604975223541,-3.467053466010839e-05,0.0031338839326053,0.03547228500247,-0.0590555854141712,-0.2398599684238433,-0.1978186964988708,-0.0700497403740882,0.2370181232690811,0.1313560754060745,-0.065578855574131,-0.0688656717538833,0.0307699963450431,0.0946625769138336,0.0027588151860982,0.0007879738113842905,-0.1233443543314933,0.0064258608035743,-0.4973365366458893,-0.6672852635383606,0.0068523194640874,-0.0145145282149314
0.0743727833032608,-1.9163957834243772,-6.1953098338563e-05,0.0039341137744486,0.0657190233469009,-0.0241140518337488,-0.0438605211675167,-0.0752603635191917,0.0243997294455766,0.0199242178350687,-0.2913236916065216,-0.0504229329526424,0.0373938344419002,0.0912685170769691,0.1228923350572586,-0.0426796711981296,0.0128883775323629,-0.144871100783348,-0.1723551154136657,-0.4231320321559906,-0.6512886881828308,0.0042326990514993,-0.0145145282149314
-0.0207238961011171,-1.1987426280975342,-4.827692464459688e-05,0.0010462565114721,-0.0905507132411003,-0.0318227261304855,-0.1247738152742385,-0.0777338147163391,-0.0560709126293659,0.027437238022685,-0.2440619319677353,-0.0977044329047203,0.0300953816622495,-0.1899213790893554,-0.0187559463083744,-0.2922656238079071,-0.0549003593623638,-0.3767609298229217,-0.3518814146518707,-0.4481961727142334,-0.7559316754341125,-0.0296418964862823,-0.0145145282149314
-0.0768968164920806,1.1988288164138794,-5.728790711145848e-06,0.0066860108636319,0.2107077986001968,0.2467400878667831,0.0380525402724742,-0.1673079580068588,-0.0224634725600481,-0.1501719057559967,0.1621376723051071,0.2087123543024063,0.0696226730942726,0.1401994675397873,-0.0161262620240449,-0.1407239735126495,-0.0421634577214717,-0.0420000925660133,-0.0044776685535907,-0.4369110465049743,-0.6164913773536682,-0.0300683751702308,-0.0145145282149314
0.0012769148452207,0.9398328065872192,-2.669350942596793e-05,0.0034541164059191,0.1148860529065132,0.2102089077234268,-0.062044370919466,-0.0321097336709499,-0.049470204859972,0.000285827845800668,-0.2322918027639389,0.08479043841362,-0.0265175141394138,0.1926494389772415,-0.0195446778088808,-0.0666361972689628,0.0135253509506583,0.5436968207359314,-0.00018070211808662864,-0.4381036162376404,-0.612245500087738,0.0109632182866334,-0.0145145282149314
-0.0062937168404459,-0.0187750216573476,-5.31465484527871e-05,0.0041223396547138,0.0089550800621509,-0.0843921676278114,-0.1889266371726989,-0.1090828329324722,-0.0957686677575111,-0.0258029084652662,-0.2970004677772522,-0.1008027791976928,-0.0140533363446593,-0.127844825387001,-0.0390463285148143,-0.0162397697567939,0.0148583129048347,-0.1653349250555038,0.2227468937635421,-0.5431373715400696,-0.7796946167945862,0.0027235466986894,-0.0145145282149314
0.0150083042681217,1.094321608543396,-7.033275323919952e-06,0.0046405736356973,-0.101934902369976,0.1308752000331878,0.361788272857666,-0.1386673301458358,0.1877272427082061,-0.3483563959598541,-0.3364738225936889,-0.0336527973413467,-0.0333828330039978,0.1044852212071418,-0.0003089224628638476,-0.2871581315994262,0.0477291569113731,-0.3916572630405426,-0.1642757207155227,-0.4468368291854858,-0.6851934790611267,0.0144825829192996,-0.0145145282149314
0.0014729700051248,0.3113624155521393,1.5014877135399727e-05,0.0024781771935522,-0.0219301767647266,0.0307979993522167,0.1806056350469589,-0.1134071052074432,-0.0481399744749069,0.080094575881958,-0.2308732569217682,-0.1123957335948944,-0.0354048982262611,0.1502451300621032,-0.02830046787858,-0.474840372800827,0.0469816885888576,-0.3091265857219696,-0.0973243489861488,-0.5771482586860657,-0.7640331983566284,-0.0768457204103469,-0.0145145282149314
-0.0041805771179497,1.053255319595337,-5.336894537322223e-05,0.0043966905213892,-0.1025924012064933,-0.142501950263977,-0.0100820250809192,0.0012322652619332,0.1299628764390945,0.2291184067726135,-0.1694063693284988,-0.0894580408930778,0.0118343578651547,-0.0265390053391456,-0.0107165789231657,-0.1747204810380935,0.0279691237956285,0.0461783781647682,-0.0391502007842063,0.7347792983055115,0.9616129398345948,-0.0216754600405693,-0.0145145282149314
-0.0389581285417079,-1.273332118988037,-3.802682476816699e-05,0.0021538629662245,-0.09877909719944,0.104034699499607,0.0493871495127677,-0.1039255037903785,-0.0047616474330425,0.048981636762619,-0.2283650636672973,-0.0612720921635627,-0.0525729842483997,-0.057962991297245,-0.0541836880147457,0.1229323744773864,-0.0391856916248798,0.7885802388191223,0.6354977488517761,-0.3920492529869079,-0.6297436356544495,0.0013665283331647,-0.0145145282149314
-0.0028293596114963,1.1525721549987793,-2.1380903490353376e-05,0.0023571064230054,0.0046135797165334,0.0058349799364805,-0.100419633090496,0.1352379918098449,-0.0293785780668258,0.1256265938282013,0.1829438209533691,-0.039433766156435,0.0509188547730445,0.0891628712415695,-0.0073271645233035,-0.1366339176893234,0.0325170382857322,-0.4863241314888,-0.0403541587293148,0.6513517498970032,2.02048134803772,-0.0593590475618839,-0.0145145282149314
0.0399121232330799,0.0379748791456222,-3.478467260720208e-05,0.0054965470917522,-0.0329350568354129,-0.0290050469338893,0.256114512681961,-0.0666737109422683,-0.063987597823143,0.1289955228567123,-0.1233613938093185,-0.0861761718988418,0.0027464129962027,-0.1654554307460785,-0.0173939745873212,-0.0987802371382713,-0.0294995121657848,0.1982501298189163,-0.1834546625614166,-0.5068745017051697,-0.701792299747467,-0.0034188863355666,-0.0145145282149314
-0.0168037023395299,-2.0863614082336426,-3.618685877881944e-05,-0.0019393021939322,-0.0282279457896947,0.1753197014331817,-0.0512676425278186,-0.1063482239842414,0.0220252014696598,-0.0920935347676277,-0.3048976957798004,-0.0133549738675355,-0.0330110937356948,0.0204754192382097,0.0331362076103687,-0.0618176162242889,0.0549688152968883,-0.3000815510749817,-0.2489497363567352,-0.4065341353416443,-0.7023993730545044,0.0100071039050817,-0.0145145282149314
-0.0124877458438277,1.1441326141357422,-4.088066634722054e-05,0.0052482546307146,0.1687542349100113,-0.2217573970556259,-0.1321703642606735,0.0263853631913661,-0.0104572810232639,0.1509083211421966,0.1884887516498565,-0.0419206693768501,0.019737746566534,-0.2179142385721206,0.0630713030695915,-0.295541763305664,0.114830769598484,-0.2317767441272735,-0.0503057390451431,-0.4672524631023407,-0.6787286400794983,0.0346827134490013,-0.0145145282149314
-0.0422492288053035,-0.0755867511034011,-1.7327511159237474e-05,0.0034014908596873,-0.2115664333105087,0.1173163875937461,-0.0397215858101844,0.1187798902392387,-0.0072669801302254,0.0163849387317895,0.2163827717304229,0.0100130597129464,-0.0169411208480596,0.1197302490472793,-0.0729224681854248,-0.0325110405683517,0.1039575338363647,-0.3690118491649627,-0.0285673048347234,-0.4446994364261627,-0.7013489603996277,0.0338467545807361,-0.0145145282149314
0.0062264548614621,-2.022395133972168,-0.00021232233848422768,0.0023964429274201,-0.1047780364751815,0.0663510784506797,-0.0670084208250045,0.3927686512470245,-0.0151019869372248,0.0448093488812446,-0.2493577003479004,-0.0136270262300968,0.0048540830612182,-0.1754748970270156,-0.0548694841563701,0.0048391106538474,-0.0457338988780975,-0.0500961504876613,-0.0691934525966644,-0.4816415309906006,-0.8062403798103333,-0.0596365183591842,-0.0145145282149314
0.0171281788498163,0.3133323192596435,-2.836429484887049e-05,-0.0037468576338142,-0.0067842556163668,-0.0301076043397188,-0.1660177409648895,0.3148205578327179,0.1031341254711151,0.0364110730588436,0.1705552041530609,0.0520321540534496,0.0120132165029644,0.1228838935494422,-0.0234120637178421,0.0165386125445365,0.0370224304497242,0.0639456138014793,-0.0559787899255752,0.6270656585693359,1.700214147567749,0.0113529227674007,-0.0145145282149314
-0.0080680446699261,0.0424580462276935,2.0025290723424405e-05,0.0024376241490244,-0.0343348607420921,0.0876459702849388,0.2300341874361038,-0.053622730076313,0.0411558337509632,-0.1329791694879531,-0.1689126044511795,0.3892808258533478,0.0268757939338684,0.0986681580543518,0.0238370262086391,-0.037452109158039,-0.0527122244238853,-0.2978948652744293,-0.0774462223052978,0.7984402179718018,1.6066933870315552,-0.0137983867898583,-0.0145145282149314
-0.0005141746369190514,0.8489341139793396,-1.1036983778467402e-05,0.0013280477141961,-0.1688838303089141,0.0412222370505332,0.190544918179512,0.0063871615566313,-0.0066913897171616,-0.2766639292240143,0.0489059351384639,-0.0213179476559162,-0.0237893536686897,0.0400250256061553,-0.0310352854430675,-0.2145540118217468,0.0772559866309166,-0.1975148171186447,-0.0201231464743614,0.858610212802887,1.232011795043945,-0.012661999091506,-0.0145145282149314
0.0276232492178678,0.1432019621133804,-7.988826837390661e-06,-0.0185607969760894,-0.0092095490545034,-0.1400799602270126,0.1388926655054092,-0.0116960359737277,-0.0745679065585136,0.1714132875204086,0.2818853855133056,0.0177283398807048,0.0576241835951805,-0.0899821892380714,0.0177868269383907,0.063868798315525,0.0058349505998194,-0.0336112603545188,-0.0234579276293516,-0.5460308790206909,-0.7320095300674438,0.0230096764862537,-0.0145145282149314
-0.0399695448577404,-0.4719822704792022,-2.814627077896148e-05,0.0035983179695904,0.2415116429328918,0.0299081485718488,-0.3047139346599579,-0.1078432872891426,0.0240325611084699,0.1104541346430778,-0.2743563055992126,-0.0639461204409599,-0.0374041646718978,-0.1879543364048004,-0.0125503288581967,-0.4152823090553283,0.115103080868721,-0.2470588088035583,-0.1953672617673874,-0.5137537717819214,-0.7110570669174194,-0.0423215925693511,-0.0145145282149314
-0.0622957833111286,1.282616138458252,-4.0556966268923134e-05,0.0061462293379008,0.0162351913750171,-0.0135348550975322,-0.2576898038387298,0.2198020219802856,0.0246433652937412,0.2783576846122741,0.0540789626538753,0.1526889950037002,0.0066698850132524,0.1561111211776733,0.0490606054663658,0.1861648708581924,0.0184322409331798,0.2243733257055282,-0.0036182519979774,-0.4412036836147308,-0.5786365270614624,0.0607731528580188,-0.0145145282149314
-0.0248053818941116,0.9427491426467896,-2.9926843126304448e-05,0.0053797913715243,-0.0170167814940214,-0.0034504609648138,-0.1959606260061264,0.1551754921674728,0.0112626180052757,0.0468387380242347,0.2734307646751404,0.1111778020858764,0.0272379051893949,0.1025531142950058,0.1568172574043274,-0.1457835733890533,-0.0066420147195458,0.0549481324851512,-0.0106568774208426,0.6544326543807983,0.6313187479972839,-0.0323030911386013,-0.0145145282149314
0.070865198969841,-1.2366387844085691,-3.661106893559918e-05,0.0020814123563468,0.0280442107468843,0.0399030558764934,-0.3224743008613586,-0.1017967090010643,0.061914823949337,0.054641518741846,-0.2619446516036987,0.0756074786186218,-0.0549439266324043,0.0712403580546379,-0.0100997621193528,-0.0228179395198822,-0.0171416960656642,0.4750320613384247,0.4012735486030578,0.6324708461761475,0.6780211329460144,-0.0033158496953547,-0.0145145282149314
0.0736230611801147,-1.7804940938949585,-5.408511788118631e-05,0.0018856101669371,-0.0068208179436624,0.0034402180463075,0.142901599407196,0.1807565838098526,0.0837383642792701,0.0446074083447456,-0.0141235142946243,-0.0524068847298622,-0.0046583041548728,-0.0830883830785751,-0.0593424886465072,-0.1173391193151474,-0.0150581439957022,-0.5074324011802673,-0.112586461007595,0.6724764108657837,-0.1189178004860878,-0.0277942214161157,-0.0145145282149314
-0.0082753645256161,-1.8523675203323364,-0.0006239460781216621,-0.0017157322727143,-0.0450992807745933,-0.0221797488629817,-0.0520026385784149,-0.1058862879872322,-0.0213335659354925,-0.1386000663042068,-0.2415536046028137,0.0178592465817928,0.0606248266994953,-0.16017647087574,0.0527268648147583,0.017667694017291,0.0138023300096392,-0.0442518182098865,-0.0400018170475959,-0.4964213073253631,-0.7519669532775879,0.0215200055390596,-0.0145145282149314
-0.0095081217586994,0.1067521050572395,-0.0002491759951226413,-0.0090585770085453,0.0680700987577438,-0.0625433251261711,-0.1264058947563171,-0.176361471414566,0.0450931712985038,0.1409693360328674,-0.1679033786058426,-0.0868511125445365,0.0233973376452922,-0.1735202670097351,-0.0704184770584106,0.0382132120430469,0.0201910808682441,-0.0834490805864334,-0.0380459241569042,-0.5252959728240967,-0.6684316992759705,0.0020813110750168,-0.0145145282149314
0.0342913828790187,-1.1087366342544556,-1.1290612746961417e-06,0.0013614152558147,-0.0230619739741086,-0.0286892224103212,0.2748955190181732,0.0033562812022864,0.0328466296195983,0.0281590577214956,-0.1392757296562194,0.0020866973791271,-0.05048568546772,0.116921342909336,-0.0468141213059425,-0.0050655002705752,-0.0072748269885778,0.5621816515922546,0.2466631084680557,0.7662476897239685,0.7211206555366516,-0.0191723071038723,-0.0145145282149314
-0.0394648611545562,-1.898915410041809,-0.00010842696065083146,0.004453110974282,0.0033927562180906,0.0618432164192199,-0.1190124824643135,-0.1247515454888343,0.0444907806813716,0.0787279531359672,-0.336062341928482,-0.0532050468027591,0.0359192118048667,-0.1804514825344085,-0.0691094398498535,0.0470616370439529,0.0153735391795635,-0.3341429829597473,-0.1325921565294265,-0.4039766788482666,-0.7609935402870178,0.0260127168148756,-0.0145145282149314
0.0047961585223674,-2.301328182220459,-0.00040296430233865976,-0.002852042671293,-0.0425809435546398,0.1742841899394989,0.170672059059143,-0.1276168525218963,-0.0540972538292408,-0.1045250073075294,-0.3223330080509186,-0.0291309244930744,-0.0897364765405654,-0.1330503970384597,-0.0613843463361263,-0.0336723923683166,0.0258575994521379,-0.079953134059906,-0.060893390327692,-0.5283140540122986,-0.7803597450256348,0.0122724473476409,-0.0145145282149314
0.0077595328912138,1.143979549407959,-1.089671059162356e-05,0.0039310790598392,0.4263086318969726,0.00421236269176,0.1964136213064193,-0.0284016672521829,0.0140121942386031,-0.1582997590303421,0.2975061237812042,-0.0491665005683898,-0.0045283460058271,0.1002856343984603,0.0191069338470697,0.3061988651752472,0.0263979732990264,-0.3310018479824066,0.007193187251687,-0.3963448703289032,-0.4292376637458801,0.0286989007145166,-0.0145145282149314
0.072144329547882,1.3632049560546875,-8.101688581518829e-05,-0.0208852179348468,0.1129408702254295,-0.0145743582397699,-0.5339264273643494,0.2125283032655716,-0.0925038456916809,0.127370223402977,0.411215215921402,-0.0518397390842437,0.0272059701383113,-0.1331382393836975,0.0010011594276875,0.0798408240079879,0.0003776275261770934,-0.0458861254155635,-0.0314803123474121,-0.4176655113697052,-0.5320306420326233,0.0013268925249576,-0.0145145282149314
0.0451630055904388,0.1878818422555923,-2.1737119823228568e-05,0.0030186481308192,-0.0384471602737903,0.0373045951128006,-0.0694329142570495,-0.0302188787609338,-0.0390952378511428,-0.1349638998508453,-0.1414536982774734,-0.1279815286397934,-0.0053313737735152,0.053035594522953,-0.1021413803100586,0.0052408380433917,-0.0517093129456043,-0.2538219094276428,-0.11182402074337,0.8131319284439087,0.9892821907997132,-0.004052136093378,-0.0145145282149314
0.0034527615644037,0.5266715884208679,2.7283967938274145e-06,0.0031742546707391,-0.016091076657176,-0.1971578449010849,0.4142229855060577,-0.0670051649212837,-0.0450842678546905,0.0078575937077403,0.2895283102989197,0.0410668216645717,-0.0023214740213006,0.2226049453020095,0.0225564371794462,0.4192838668823242,-0.0171078331768512,-0.283546894788742,0.0655204132199287,-0.4414760768413543,-0.522794783115387,0.0382312946021556,-0.0145145282149314
-0.0128943435847759,-2.072651624679565,-0.00014433612523134798,-0.0087020108476281,-0.0282955057919025,-0.0889494195580482,-0.2239606082439422,-0.1108024716377258,-0.0619991533458232,-0.0371329598128795,-0.2511488795280456,-0.0479574650526046,-0.0351605713367462,-0.1784074455499649,0.0284876022487878,0.0849213153123855,-0.0374279953539371,-0.0777214393019676,-0.1194291189312934,-0.4566588699817657,-0.7068158388137817,0.0006230685394257307,-0.0145145282149314
0.0380999334156513,0.3924043178558349,-8.845741831464693e-06,0.0042580366134643,0.1222656294703483,-0.1926320940256118,0.2300214916467666,-0.0765620991587638,-0.0226579140871763,-0.0210401266813278,-0.0537583492696285,-0.0592514723539352,0.0414954125881195,0.0281922202557325,0.0145316598936915,0.2675002515316009,0.0117706963792443,-0.4821877479553222,-0.1118255332112312,-0.4406738877296448,-0.6898053288459778,0.0618976317346096,-0.0145145282149314
-0.017814926803112,-1.4371991157531738,-3.168330295011401e-06,0.000909414782654494,0.0607265681028366,0.0673175305128097,-0.3244344592094421,-0.0874852761626243,-0.0419214554131031,-0.0225515160709619,-0.2656819820404053,-0.0777017548680305,-0.0315499864518642,-0.2112158834934234,0.0040306001901626,0.1411626785993576,-0.0974129363894462,-0.0571662411093711,-0.05502700060606,-0.4873056709766388,-0.7165165543556213,0.0020348250400274,-0.0145145282149314
-0.0031764914747327,1.411543369293213,-8.768029510974884e-05,0.0146400872617959,0.06392203271389,0.0535280220210552,-0.1364280879497528,-0.1127067953348159,-0.0165541358292102,0.151590496301651,-0.3063393831253052,-0.0527743026614189,0.0571949779987335,-0.1747364997863769,-0.039356280118227,0.1759646385908126,-0.0220885295420885,-0.4276488125324249,-0.1058049276471138,-0.4714301228523254,-0.7411500811576843,0.0512199513614177,-0.0145145282149314
0.0144799463450908,-1.523012399673462,-1.4396740880329162e-05,0.0033270346466451,-0.1182009428739547,-0.0238790027797222,-0.0079054664820432,-0.0322341695427894,-0.0122382249683141,0.0489930920302867,-0.2217757999897003,-0.0398886427283287,-0.0489842146635055,-0.071627028286457,-0.0776260644197464,-0.0383600369095802,0.0225954763591289,-0.0415129512548446,-0.0458080768585205,-0.5188782215118408,-0.8759769797325134,-0.0130976475775241,-0.0145145282149314
-0.0010125032858923,0.9321354031562804,-2.9738534067291766e-05,0.0027954736724495,0.0404861606657505,-0.0037962184287607,0.1042602136731147,0.1298257857561111,-0.0545781813561916,0.0354364477097988,0.0325236767530441,-0.0204164609313011,0.0234636534005403,-0.0308608096092939,-0.0248666312545537,0.0978410392999649,-0.1693845689296722,0.1205975413322448,-0.0808872878551483,0.691153883934021,1.7967581748962402,-0.0080348858609795,-0.0145145282149314
-0.0029477686621248,-1.1545125246047974,-2.347669214941561e-05,0.0006371676572598517,-0.1277231723070144,0.1033702045679092,-0.0539636686444282,-0.176920473575592,0.0605889074504375,0.0034625981934368,-0.2420472353696823,0.0736225247383117,0.0049268994480371,0.0568101666867733,0.1079454571008682,0.0495127253234386,0.0252764429897069,-0.0365496911108493,0.0068783904425799,-0.4682905673980713,-0.7255373001098633,0.0019819065928459,-0.0145145282149314
-0.0717595741152763,0.1131439134478569,-8.430029993178323e-06,0.0026582933496683,-0.0037211498711258,0.0155458087101578,0.2352615892887115,-0.0774658992886543,-0.0204376224428415,-0.2501106560230255,-0.0944588482379913,0.2434051930904388,0.0465020164847373,0.1303891092538833,0.0228639524430036,-0.0773809850215911,-0.0065194903872907,0.2841382920742035,0.0472631193697452,0.7479403018951416,1.9146287441253664,-0.0346243754029274,-0.0145145282149314
-0.0746834278106689,1.0238443613052368,-3.6681922210846096e-05,0.0027462369762361,-0.0865616872906684,-0.1168908402323722,-0.1441870778799057,0.0622814111411571,-0.076857790350914,0.0231172274798154,0.1565352082252502,-0.0512954927980899,-0.0334210097789764,0.0970162153244018,0.0797255858778953,0.020000347867608,0.0295264739543199,0.2128170281648636,-0.0371077172458171,-0.473466157913208,-0.7909616827964783,-0.0018985716160386,-0.0145145282149314
-0.0294334683567285,0.22012959420681,-1.426981543772854e-05,0.0019873294513672,-0.1806448400020599,-0.1891231536865234,-0.0695181116461753,0.0055609550327062,0.112769529223442,0.1004355922341346,-0.0759660825133323,-0.0663258954882621,0.0320895761251449,-0.0255403611809015,-0.0518874153494834,0.1565968245267868,0.0046825055032968,0.2319936752319336,-0.0019558917265385,0.7091693878173828,1.4686052799224854,-0.0125709157437086,-0.0145145282149314
0.0041336482390761,-0.2365808486938476,2.821216912707314e-05,0.0027782879769802,-0.4473260641098022,0.0236675310879945,0.4935371577739715,0.7057859897613525,-0.0642411038279533,-0.0731361582875251,0.4055235385894775,0.2004396617412567,0.1002120897173881,0.2581192553043365,-0.0169426780194044,0.2276130020618438,-0.0438169166445732,-0.3619259595870971,-0.0352772027254104,-0.3438343107700348,-0.5476781725883484,-0.0030461025889962,-0.0145145282149314
-0.0533743798732757,1.0536054372787476,-1.6051351849455386e-05,0.0058169467374682,-0.0088179074227809,-0.3780430555343628,-0.1344966888427734,0.0722594559192657,-0.0378647036850452,0.1989832818508148,0.4023358225822449,-0.0490550585091114,-0.0140500301495194,0.1428451091051101,0.0638132989406585,-0.0072824428789317,0.0017672757385298,-0.5120853185653687,-0.0213192515075206,-0.4739441573619842,-0.664404034614563,-0.0059902458451688,-0.0145145282149314
-0.0162516981363296,0.0281246434897184,-4.8675763537175953e-05,0.0022837673313915,0.0263626035302877,0.0529253110289573,0.2350246459245681,-0.0255200080573558,-0.0353567898273468,-0.0310786198824644,0.1454885154962539,0.004186347592622,-0.1407487690448761,-0.0984067618846893,0.0510014817118644,0.1504504829645156,-0.0297215413302183,0.3123244941234588,-0.0294476673007011,0.7354877591133118,1.4963055849075315,0.0724628716707229,-0.0145145282149314
0.0170178320258855,-1.9606726169586184,0.0001517839264124632,-0.0034451414830982,0.1078745201230049,-0.142404556274414,0.2455342411994934,-0.138422816991806,0.1234893575310707,0.0430822074413299,-0.1323801130056381,-0.0424690805375576,-0.0869379118084907,-0.1554611176252365,-0.0177819207310676,-0.0212390720844268,0.0137317730113863,-0.0297983791679143,-0.0408933423459529,-0.5329185724258423,-0.8142702579498291,0.0038439421914517,-0.0145145282149314
0.0161946732550859,0.4448407292366028,-0.0003963655326515436,-0.012638377957046,-0.0631606206297874,-0.1516201943159103,0.3991182744503021,-0.2110786139965057,0.1736675053834915,0.1193941608071327,0.407426118850708,-0.0496818982064724,0.016656881198287,-0.1587568372488021,-0.0377559810876846,0.0431183986365795,0.0112434150651097,-0.0270959567278623,-0.0002665227511897683,-0.5090200901031494,-0.7058322429656982,0.0393468663096427,-0.0145145282149314
-0.0091770458966493,0.9264230132102966,-1.8145150534110144e-05,0.002408968983218,0.0232522096484899,0.0117761436849832,-0.0249760709702968,0.1823897063732147,0.0180842038244009,0.1259088069200515,0.0272385869175195,0.042228415608406,0.0316605120897293,0.10149846971035,-0.0093268612399697,0.0673533678054809,0.1784042418003082,0.0035368807148188,-0.0164347849786281,0.7603884935379028,1.659151554107666,0.0284478496760129,-0.0145145282149314
0.1104556694626808,1.0893125534057615,-1.3328590284800155e-05,0.0095126898959279,0.0283476505428552,0.1497797220945358,0.0653413757681846,-0.0284403432160615,0.0313898101449012,-0.1078511327505111,0.137431263923645,-0.0362800396978855,0.0103785283863544,0.1288818269968032,-0.0426637828350067,-0.1134833171963691,0.0976383090019226,0.4389085173606872,0.1204475760459899,0.6170848608016968,-0.1046545729041099,0.0072864522226154,-0.0145145282149314
0.0056756446138024,-2.161354780197144,-0.0005934933433309197,-0.0019098265329375,-0.0638668090105056,-0.023898147046566,-0.0338282957673072,-0.1263703107833862,-0.0120229357853531,0.0242422167211771,-0.2651446461677551,-0.0158615913242101,0.0267314501106739,-0.1238740608096122,-0.006034308578819,0.0437602028250694,0.0206537377089262,-0.0613566599786281,-0.0650410428643226,-0.4713382422924042,-0.8166590929031372,0.006677714176476,-0.0145145282149314
0.0934992358088493,1.1487401723861694,-2.477979433024302e-05,0.0097590517252683,-0.0659220367670059,0.0513561256229877,0.0307955052703619,0.085383340716362,0.032984297722578,-0.0463807024061679,0.0934904143214225,0.2920373678207397,0.1190776601433754,0.1310281306505203,0.0395260043442249,0.065911017358303,0.0171689577400684,0.6212631464004517,-0.0404339469969272,0.6813291907310486,0.1000481322407722,0.0255171209573745,-0.0145145282149314
0.0841878429055213,1.0470740795135498,-1.6860696632647887e-05,0.0051666107028722,0.149862453341484,-0.0626740828156471,-0.2695704698562622,-0.0015537427971139,0.0423637591302394,0.1802899688482284,0.4228864312171936,0.203251838684082,0.0221515372395515,0.1977379620075225,0.0387345850467681,0.0539644472301006,0.0117617873474955,0.62003093957901,-0.0171928107738494,-0.3748022317886352,-0.554954469203949,0.0393840260803699,-0.0145145282149314
-0.0181549806147813,0.6398296356201172,-3.155367448925972e-05,0.0015239567728713,0.0266380049288272,0.0932702273130416,0.3601930439472198,0.0141243655234575,-0.0570401661098003,0.0016412700060755,-0.1759947091341018,-0.0016694149235263,0.0423391684889793,0.0460998341441154,-0.0143223796039819,-0.1889896243810653,0.1208782419562339,0.1558891534805297,0.0293097905814647,0.927956223487854,0.988558828830719,0.0032824603840708,-0.0145145282149314
-0.0045859459787607,-1.9918506145477293,-3.766916779568419e-05,0.00166037294548,-0.063200294971466,0.1000174209475517,-0.2075346261262893,-0.1276863515377044,-0.0272660385817289,-0.0755315721035003,-0.2137313783168792,-0.0587110109627246,0.002784244948998,-0.0713623240590095,0.0162713639438152,-0.1342291980981826,-0.0389971099793911,-0.1866751760244369,-0.1869612038135528,-0.4390043914318084,-0.7945173978805542,-0.018909528851509,-0.0145145282149314
0.0988805368542671,1.0974931716918943,-2.8731497877743092e-05,0.0035683640744537,0.0150192826986312,-0.0522040650248527,0.3760580718517303,-0.082081027328968,-0.0198627710342407,-0.0953989028930664,-0.0355130322277545,-0.0416962541639804,-0.013505526818335,0.0777317956089973,-0.0046066180802881,-0.09597098082304,0.024174328893423,0.2492145001888275,0.0083063701167702,0.7573402523994446,0.1724910289049148,-0.0221148822456598,-0.0145145282149314
-0.0393557846546173,1.0728780031204224,-1.860590055002831e-05,0.002023167675361,-0.301012247800827,0.0141676571220159,-0.1050321459770202,0.1325647979974746,-0.0492832623422145,0.0149177545681595,0.2613520920276642,-0.0706451162695884,0.017288114875555,0.0026199456769973,0.0173498373478651,-0.0769314020872116,0.0335396602749824,0.2298746109008789,0.0098375929519534,0.5755676031112671,1.524796724319458,0.012697322294116,-0.0145145282149314
-0.0204721204936504,0.4242942929267883,-1.5536370483459905e-05,0.0013092391891404,0.0237292740494012,-0.0146608753129839,0.0722743198275566,-0.0084006255492568,0.0027894701343029,0.0879450440406799,-0.1562321484088897,-0.0957625284790992,0.056888747960329,-0.0240592025220394,-0.0067547271028161,-0.2700049877166748,-0.0303145162761211,-0.2077009975910186,-0.0962955430150032,0.8527957797050476,2.4221315383911133,-0.01917639747262,-0.0145145282149314
0.0021218922920525,-0.2277281284332275,1.7228012438863519e-07,-0.0074474094435572,-0.1121293157339096,0.1040181592106819,-0.4031351804733276,0.1114307418465614,0.0108330668881535,0.1423427164554596,-0.1235145330429077,0.0226533524692058,-0.0996798276901245,0.0147496238350868,0.0189157743006944,0.0911373794078826,0.031199675053358,-0.0374332852661609,-0.0573699437081813,-0.5090163350105286,-0.6969176530838013,0.0244070719927549,-0.0145145282149314
0.0493514202535152,-2.037532091140747,-2.544299786677584e-05,0.0014763785293325,-0.0993339493870735,0.0532116331160068,-0.0647522509098053,-0.1579666882753372,-0.0210624318569898,-0.00044943325337953866,-0.1912688314914703,-0.0267384890466928,-0.0005841257516294718,-0.0639748722314834,-0.0614610835909843,-0.2430833429098129,-0.0286160986870527,-0.2666670083999634,-0.1832660436630249,-0.4058452248573303,-0.8010143637657166,-0.0180209595710039,-0.0145145282149314
-0.0552269332110881,0.5424628257751465,1.3518067135009916e-05,0.0031775599345564,-0.1056300550699234,-0.0550946556031703,-0.0986304730176925,-0.1008800789713859,0.0233899410814046,-0.0038513848558068,-0.2562649846076965,-0.069873571395874,-0.000868743285536766,0.0881952196359634,0.0538376420736312,-0.0220199692994356,0.0215602815151214,-0.3074079751968384,-0.0570781528949737,-0.5741708278656006,-0.8098911643028259,0.0515782497823238,-0.0145145282149314
0.0177961084991693,-0.2469004094600677,-1.4072225894778969e-05,0.0024996835272759,0.0080373678356409,-0.1042210012674331,-0.0022219701204448,-0.0120529001578688,-0.025502311065793,0.1040341705083847,-0.1550229340791702,-0.1322050094604492,-0.0030928689520806,0.0665725395083427,0.0196711849421262,-0.0678882971405983,-4.37586750194896e-05,0.1106115877628326,0.3180108964443207,0.7270128130912781,2.0259034633636475,0.0074984366074204,-0.0145145282149314
-0.0118024544790387,0.5011908411979675,-3.3772441383916885e-05,0.0066925920546054,-0.0145493419840931,0.0456578209996223,0.3338671028614044,0.2579786479473114,0.0721325278282165,0.1640986651182174,0.2994288206100464,0.1328029781579971,-0.0299335625022649,0.1418177783489227,0.0702913329005241,0.1319454312324524,0.010568113066256,0.2221428155899047,-0.0125291869044303,0.4736396074295044,-0.2514922618865967,0.0313616879284381,-0.0145145282149314
0.0203537698835134,0.7016822099685669,-5.9457452152855694e-06,0.0047868411056697,0.2283580899238586,0.1182089149951934,0.2739354968070984,-0.1033692061901092,0.032887402921915,-0.287054181098938,-0.1042668521404266,0.0499715991318225,0.0071526868268847,0.1144943162798881,-0.0280535332858562,0.6305536031723022,0.0215574875473976,-0.4877315461635589,-0.0822455585002899,-0.4252942502498626,-0.5059366226196289,0.0446216017007827,-0.0145145282149314
0.0064728488214313,0.993861734867096,-1.892488944577053e-05,0.0017184873577207,-0.0312714353203773,-0.3875764310359955,0.1247641593217849,0.2055905163288116,0.0660015344619751,0.1432055830955505,0.1244066357612609,0.00024777918588370085,-0.0029590136837214,0.0577580220997333,-0.0027871327474713,0.0285747703164815,0.0457555018365383,0.4042591154575348,-0.0250077936798334,0.5518953800201416,2.060537576675415,0.0123446248471736,-0.0145145282149314
0.0189913436770439,1.0822566747665403,-1.4724155334988607e-05,0.0043371515348553,-0.0023665507324039,0.0707118883728981,0.246647760272026,0.0026827238034456,0.0182949770241975,-0.2566940784454345,0.2606874704360962,-0.0168032012879848,0.012457737699151,0.0994297266006469,0.0773998871445655,-0.0482158288359642,-0.04126488417387,-0.0130668487399816,-0.0610277950763702,0.7086024284362793,0.9791447520256042,-0.0079609993845224,-0.0145145282149314
-0.0016641229158267,1.095561981201172,-1.231496935361065e-05,0.0061041880398988,-0.036918431520462,-0.0551818385720253,-0.3013453185558319,0.1046829670667648,-0.0021332295145839,-0.020684365183115,-0.1289496570825576,0.0819990187883377,-0.0160504095256328,0.1745691299438476,-0.0265830997377634,0.0357991233468055,-0.125054195523262,-0.1043170541524887,-0.0334418974816799,-0.521526038646698,-0.7556431889533997,0.0082144727930426,-0.0145145282149314
0.0150928581133484,0.5109113454818726,-2.876834332710132e-05,0.0080503402277827,0.1122576519846916,0.1062319502234458,-0.0098556634038686,0.2014464735984802,0.0822389274835586,-0.0052624344825744,0.3216678500175476,0.2140715271234512,-0.0166064966470003,0.1310486197471618,-0.0039764088578522,0.2761755287647247,0.0475865490734577,0.0741861313581466,-0.0406682975590229,0.4745584428310394,-0.2901591062545776,0.0322982855141162,-0.0145145282149314
0.0495758838951587,0.5720028877258301,2.874348865589127e-06,0.0056161652319133,0.2410852015018463,0.1746846586465835,-0.047986764460802,-0.0701254978775978,0.0016885941149666,0.0021347815636545,-0.050479594618082,0.1612310111522674,0.0055045904591679,0.2601164877414703,0.0387873947620391,0.6047906875610352,-0.015194565989077,-0.4021142125129699,-0.0900433734059333,-0.3838650584220886,-0.5482640266418457,0.002690686378628,-0.0145145282149314
-0.0300293266773223,0.487206220626831,-1.2697837519226596e-05,0.0022078421898186,-0.0228644590824842,0.0218265168368816,-0.0044907280243933,0.2327893525362014,-0.0786147639155387,0.0097174458205699,0.1617190092802047,-0.1060534790158271,0.0025461816694587,0.0941279232501983,-0.0333261974155902,0.0472870096564292,-0.0538654513657093,0.4387828409671783,0.071142554283142,0.593169093132019,1.2299950122833252,-0.0203885380178689,-0.0145145282149314
0.0406637601554393,1.2091100215911863,-1.6240261174971238e-05,0.0017250116216018,0.0434485003352165,0.0278215818107128,0.198388859629631,0.0984045267105102,0.0361781232059001,-0.085497185587883,-0.1393086314201355,-0.0514409728348255,0.0014131704811006,0.0423219762742519,-0.0046766516752541,-0.1402467787265777,-0.0491978600621223,0.6024917960166931,0.0208471249788999,0.6649589538574219,1.0131840705871582,0.0081687709316611,-0.0145145282149314
0.0091084893792867,0.3681927025318146,-1.8132828699890524e-05,0.0024388749152421,0.05336894094944,0.0394270084798336,0.1003994047641754,0.5895087122917175,0.0333332568407058,0.0313645936548709,0.2867511510848999,-0.0272232610732316,0.0446826070547103,0.0822204574942588,-0.0392986312508583,0.1160070672631263,-0.0141244875267148,0.5218021273612976,-0.0160375647246837,0.525163471698761,1.102738380432129,0.0284541379660367,-0.0145145282149314
0.0194312315434217,0.5434957146644592,-1.4574714441550896e-05,0.0042067770846188,0.2152976542711258,-0.1757163405418396,0.3589830100536346,-0.1205652579665184,-0.0151153281331062,-0.1416660696268081,0.0634070932865142,0.1391573697328567,0.0280004702508449,0.1307586878538131,0.015914000570774,0.3187921643257141,-0.0664232894778251,-0.0244886502623558,-0.0236019399017095,-0.5160964727401733,-0.5822014808654785,-0.0055580418556928,-0.0145145282149314
0.0337576195597648,-0.0614386163651943,-2.055126242339611e-05,0.0084558418020606,-0.0301646962761878,0.1179723218083381,0.2557524740695953,-0.0924277752637863,0.0698008239269256,-0.0750006735324859,-0.0856662839651107,-0.0079626617953181,0.0170552786439657,-0.0450984947383403,0.0713304281234741,0.5896934866905212,0.0875910297036171,0.4908211231231689,0.1753991693258285,-0.4576645493507385,-0.5147771239280701,0.0948660373687744,-0.0145145282149314
0.0258929971605539,1.1143277883529663,-1.1239812010899186e-05,0.0044841063208878,-0.0203570779412984,0.0478045679628849,-0.3197031021118164,-0.0024134784471243,0.0248621124774217,0.1183541119098663,0.1369595527648925,0.1750423461198806,0.0242568273097276,-0.0056233070790767,-0.0272537544369697,0.0951489508152008,0.0109212584793567,0.0878536105155944,0.0012364806607365,0.68858802318573,0.9776990413665771,0.0235468819737434,-0.0145145282149314
-0.0294702127575874,0.5614030361175537,-3.712364559760317e-05,0.0016990570584312,-0.0076736719347536,-0.0215854682028293,0.186550036072731,-0.0603596530854702,0.0646633207798004,-0.2265205681324005,-0.3174010515213012,-0.026603253558278,-0.0035343205090612,0.0754037275910377,-0.0576537735760211,-0.0647937357425689,0.0960426479578018,0.4531036615371704,-0.0929318964481353,0.702097475528717,0.614404022693634,0.0010867994278669,-0.0145145282149314
0.0098051941022276,-0.5672641396522522,-3.386770549695939e-05,0.0039277300238609,-0.2501396536827087,0.0009872728260233998,0.2270484268665313,-0.0117854438722133,0.0287065897136926,0.181300550699234,-0.1911833733320236,-0.033573891967535,-0.010282608680427,0.1398215293884277,-0.0621444135904312,0.0101925656199455,-0.052861463278532,-0.0259156059473752,-0.0118225533515214,-0.5127596855163574,-0.7735675573348999,-0.0032659650314599,-0.0145145282149314
-0.011175618506968,-0.3058875799179077,-4.753189568873495e-05,0.0062513784505426,-0.1425191462039947,0.1473771035671234,-0.2392419129610061,-0.0559383891522884,-0.0487898029386997,0.0671269595623016,-0.1642414182424545,-0.0247153807431459,-0.0057434127666056,-0.1662450283765792,0.0053262799046933,-0.1671190857887268,-0.0908775627613067,-0.2383254319429397,0.0217121746391057,-0.4981964826583862,-0.7574888467788696,-0.0300737395882606,-0.0145145282149314
0.0160668287426233,0.4249404370784759,-6.992726412136108e-06,-0.0071200779639184,0.0098162312060594,-0.1940726339817047,-0.4226629137992859,-0.1506993025541305,-0.0089314188808202,0.0695528462529182,-0.1614763140678405,-0.1204355433583259,0.0088587393984198,-0.0851798728108406,-0.0774090588092804,0.0050683193840086,-0.0255315024405717,-0.0758013874292373,-0.0333882868289947,-0.5307507514953613,-0.8212836980819702,0.0043968297541141,-0.0145145282149314
-0.0436409525573253,0.7286357879638672,-1.932524173753336e-05,0.005256017204374,-0.2327654361724853,0.1265384703874588,0.2307961285114288,-0.0136267226189374,0.0600270368158817,0.0739282071590423,-0.1482777744531631,0.2745868861675262,0.0116008426994085,0.2594171166419983,0.0072036795318126,0.335037350654602,-0.0098552806302905,0.3174479901790619,-0.034277819097042,-0.4779982566833496,-0.6261410117149353,0.0265894699841737,-0.0145145282149314
-0.025981618091464,0.9320717453956604,-2.8189169825054705e-05,0.0039307507686316,-0.025428719818592,0.0095843486487865,0.1935915201902389,0.0595665723085403,-0.2973474264144897,-0.0683547556400299,0.1027338430285453,-0.0359791927039623,-0.0780096724629402,-0.0702715292572975,0.0668264776468277,-0.0171902440488338,-0.0478377342224121,0.039092868566513,0.0114445248618721,0.7462263703346252,1.1472086906433103,-0.0052084284834563,-0.0145145282149314
-0.0155627317726612,0.4223014414310455,-0.0001009767729556188,0.006417753174901,-0.2134630531072616,-0.0341491140425205,-0.3094150722026825,0.2402479946613311,-0.0225294362753629,0.1316873729228973,0.1874690502882003,-0.0377693772315979,-0.0185673646628856,-0.1087531149387359,0.0647269040346145,0.277870774269104,0.0223774500191211,0.073009505867958,-0.0396179147064685,0.6307111382484436,-0.2998448312282562,0.0289796702563762,-0.0145145282149314
-0.0053903451189398,0.4428783059120178,-8.856563363224268e-05,-0.0071415291167795,-0.3535899519920349,0.1589249670505523,0.2486404329538345,0.6882076263427734,-0.2292486429214477,0.0492850430309772,0.4806159734725952,-0.0375964343547821,0.0324477218091487,-0.1200485303997993,-0.0336947776377201,0.0976427197456359,0.0213999897241592,-0.047482956200838,-0.0157111212611198,-0.4717680215835571,-0.6390015482902527,0.0449146777391433,-0.0145145282149314
-0.0112756341695785,0.4035075306892395,5.147518095327541e-06,0.0020392618607729,0.0535845942795276,0.0880372151732444,0.2255726605653762,-0.1473900824785232,0.01107466686517,-0.281026154756546,0.1632045805454254,0.2008326947689056,0.1350437253713607,0.1551471501588821,0.0325213298201561,-0.1539987474679947,-0.0118553899228572,-0.5956811904907227,-0.0967651754617691,-0.4252326190471649,-0.5848789215087891,0.0126456916332244,-0.0145145282149314
-0.0300224069505929,-2.0295205116271973,-0.00014432871830649674,-0.0106894606724381,0.1569647341966629,-0.0409242212772369,-0.1123006790876388,-0.1280808299779892,-0.0695180669426918,-0.13620325922966,-0.3309237957000732,0.0357080325484275,-0.0051991078071296,-0.1647958904504776,0.0118110133334994,-0.1070985272526741,0.0070720980875194,-0.29030641913414,-0.1659268289804458,-0.3884546160697937,-0.713959813117981,-0.0041760606691241,-0.0145145282149314
-0.0658264309167862,1.122145175933838,-1.775758937583305e-05,0.0040719211101531,0.0348505638539791,-0.0548366196453571,-0.0820353776216507,0.2451997101306915,-0.0458770655095577,-0.1919230669736862,0.2004984468221664,-0.0486115515232086,-0.0255583152174949,0.0217070747166872,0.0837237536907196,-0.1644065529108047,-0.0270088333636522,-0.1860398203134536,-0.0241473726928234,-0.4689811766147613,-0.7468844056129456,-0.0015888703055679,-0.0145145282149314
-0.0377492010593414,1.029797077178955,-4.2360501538496464e-05,0.0029870157595723,0.0325474217534065,-0.1748942732810974,-0.0971611216664314,0.1890809535980224,-0.0638191625475883,0.1895256340503692,0.2559346854686737,0.0361367128789424,0.0506925657391548,0.0118068773299455,0.1271338462829589,-0.1759703159332275,-0.004336692392826,0.1661238074302673,0.0055949646048247,0.6868799328804016,-0.0630791112780571,-0.0565186217427253,-0.0145145282149314
0.0453457981348037,-1.7588932514190674,-6.544921780005097e-05,0.0018171776318922,-0.0930510088801384,0.102264404296875,-0.0020894240587949,-0.1208199858665466,-0.0297411624342203,0.0907480344176292,-0.2141021639108657,-0.0090959817171096,-0.0038305388297885,-0.1168235689401626,0.1307753622531891,0.0685806944966316,0.0353188030421733,0.0660836026072502,-0.1295848488807678,-0.4367513656616211,-0.7218624353408813,0.013709869235754,-0.0145145282149314
-0.0196252707391977,-1.9765976667404173,-0.00012683293607551605,0.0016442778287455,0.0363538675010204,0.0466045886278152,0.0777988582849502,-0.087473027408123,0.004106496926397,0.036177322268486,-0.2325369715690612,-0.0301400702446699,0.0059079062193632,-0.1772463470697403,0.0581146664917469,-0.1066642180085182,-0.0439296700060367,-0.0258363559842109,-0.1224633306264877,-0.4221691191196441,-0.7202607989311218,0.0009309357847087084,-0.0145145282149314
-0.0099125327542424,1.1322888135910034,-5.806222907267511e-05,-0.0050787036307156,-0.0609320290386676,0.0675521716475486,-0.2239948660135269,-0.1002305373549461,0.0460338667035102,0.011409412138164,-0.1739063858985901,-0.0302701853215694,0.0020468821749091,0.0335605852305889,-0.0570397228002548,0.0129611697047948,-0.0211074892431497,-0.0428918004035949,0.0263180769979953,0.7377703785896301,0.4750530421733856,-0.0164326019585132,-0.0145145282149314
-0.0322403088212013,0.1630308479070663,-2.4154163838829845e-05,0.0069178156554698,-0.1958776116371154,0.0282038077712059,0.2395774275064468,-0.076749250292778,0.025374911725521,-0.1517378240823745,-0.1000114902853965,-0.0597745738923549,0.0405757389962673,-0.0827794000506401,-0.0298842526972293,0.0695425197482109,-0.0382429622113704,0.1541015356779098,0.0532048232853412,-0.5175788402557373,-0.7315443158149719,-0.0060028154402971,-0.0145145282149314
-0.0064792349003255,1.2878646850585938,-0.00022170640295371413,-0.0127972960472106,0.0392001718282699,0.0009661925141699612,-0.1781632006168365,-0.125371366739273,-0.0529897212982177,-0.0155689194798469,-0.195454716682434,-0.0361778065562248,0.0073407446034252,-0.1288856714963913,0.0250410679727792,0.0803737565875053,0.0453827418386936,-0.0075932294130325,-0.0049546593800187,-0.4886119365692138,-0.805020809173584,-0.0038673877716064,-0.0145145282149314
0.0366321541368961,0.5530111193656921,-2.3386462999042124e-05,0.0023238197900354,0.0437756069004535,0.066085048019886,0.1545771658420562,-0.0059099723584949,0.0264494586735963,0.0187560822814703,0.0988025218248367,0.2873842418193817,0.0440512113273143,0.1182155311107635,-0.0036536867264658,0.1549497544765472,0.021222461014986,0.4671363234519958,-0.0550501160323619,0.738892138004303,1.530633807182312,0.0403802171349525,-0.0145145282149314
0.0070905098691582,1.084149718284607,-1.9467188394628465e-05,0.0043983296491205,-0.0951266810297966,0.0007645747973583639,0.2060139030218124,0.0686845928430557,0.0014927906449884,0.0236805323511362,0.2602487206459045,-0.0012226875405758,-0.0035224980674684,0.0079637123271822,0.0033296728506684,-0.0594315975904464,0.108356088399887,0.0172251220792531,-0.0126921385526657,0.6698015928268433,2.064373254776001,-0.0075174220837652,-0.0145145282149314
-0.0149119300767779,0.9307074546813964,-1.33773974084761e-05,0.0018675398314371,0.0323113426566123,0.016275992617011,0.0981156826019287,0.0601892434060573,0.118807204067707,0.0017544806469231,0.0511148199439048,0.1967996656894683,0.0195254478603601,0.080278992652893,0.0437580719590187,0.0841869562864303,0.0206396374851465,-0.065357506275177,-0.0251217428594827,0.8421117067337036,2.192768096923828,0.0320389345288276,-0.0145145282149314
-0.0117014832794666,0.2886765599250793,-0.0003974111750721932,-0.0148951215669512,-0.0035630741622298,-0.2036355882883072,0.1979647427797317,0.2518627047538757,-0.053768765181303,0.1393335312604904,0.5626899003982544,-0.0575161129236221,0.0327507592737674,-0.1623483300209045,-0.0635136663913726,0.0866296365857124,0.0014680330641567,-0.0198026411235332,-0.0411855988204479,-0.4874266684055328,-0.6998094320297241,0.0213449969887733,-0.0145145282149314
-0.0316047109663486,-1.1119967699050903,5.278910975903273e-06,0.000633546500466764,0.0316090807318687,0.0685764178633689,-0.1303664892911911,-0.0780307054519653,-0.034743171185255,-0.2333321720361709,-0.288309782743454,-0.0122877620160579,-0.0058734202757477,0.1912772059440612,0.0159184169024229,-0.0055517749860882,-0.0213424172252416,-0.2200067192316055,-0.2084081172943115,-0.4206306040287018,-0.7307966351509094,-0.0002091573114739731,-0.0145145282149314
0.005756969563663,0.8872334361076355,-2.8091315471101552e-05,0.0019472462590783,-0.0186647940427064,0.1298763453960418,-0.0345125272870063,0.2202121615409851,0.0390029437839984,-0.0374076478183269,0.1445568054914474,0.0695420429110527,-0.0311254691332578,0.0925348699092865,-0.1040088012814521,-0.1091017946600914,-0.0502086393535137,0.0575080029666423,-0.028661873191595,0.6207752823829651,0.3861227631568908,-0.0028025417122989,-0.0145145282149314
0.0492808073759079,-2.2213258743286133,0.0006323534762486815,0.0054878741502761,-0.0318104512989521,-0.073953665792942,-0.1360151916742324,-0.0854169055819511,-0.1166066601872444,-0.0685179978609085,-0.1784989982843399,-0.013100485317409,-0.0399660021066665,-0.0968321338295936,-0.0034805813338607,-0.0240673702210187,0.0120608415454626,-0.0314561501145362,-0.0848876014351844,-0.504145085811615,-0.8391469717025757,0.0104375053197145,-0.0145145282149314
-0.0186154711991548,-0.1773025095462799,-9.378072718391197e-06,0.003258355660364,0.0294876396656036,-0.1371211856603622,-0.0569923520088195,-0.0567026697099208,-0.0390245541930198,0.0697299167513847,-0.1497458070516586,-0.1042326688766479,0.0099639017134904,0.0426620431244373,-0.0243375655263662,-0.3428562879562378,-0.0463812798261642,-0.5870320200920105,-0.0848148837685585,0.6976450085639954,-0.0869430750608444,-0.0387953333556652,-0.0145145282149314
0.0230389274656772,-1.7839845418930054,-6.539376045111567e-05,0.0033075127284973,-0.0980132222175598,0.0436896905303001,0.0058008241467177,-0.0639421269297599,-0.0356711149215698,0.1811877787113189,-0.175143152475357,-0.0363823734223842,0.035424206405878,0.1513245850801468,0.0784372761845588,0.1880105435848236,-0.017479857429862,0.0795867145061492,-0.0683219507336616,-0.4480665624141693,-0.6425013542175293,0.0390330515801906,-0.0145145282149314
-0.003373576560989,-0.3671427369117737,-7.52759660826996e-06,-0.0046815183013677,-0.0491155982017517,0.1239262074232101,-0.4580960571765899,-0.1011163368821144,-0.0043919659219682,-0.060410838574171,-0.2874626219272613,0.0372449047863483,-0.0359314195811748,0.1307069361209869,-0.0003872914821840823,0.0528626926243305,0.0174151193350553,-0.0196629799902439,0.0425402298569679,0.7747944593429565,-0.1324400454759597,-0.0230385959148406,-0.0145145282149314
0.0021640895865857,0.9400884509086608,-8.264669304480776e-06,0.0027167599182575,-0.0664706900715828,-0.0770948156714439,0.2033363729715347,-0.0013773884857073,-0.0408493131399154,-0.3599177598953247,0.1031719297170639,-0.0225938353687524,0.0040080114267766,0.0296120028942823,0.065725564956665,-0.0734866335988044,0.0551006384193897,0.6444137692451477,0.0867114067077636,0.6736868023872375,1.133758783340454,-0.0122216008603572,-0.0145145282149314
0.0382847189903259,1.1860291957855225,-1.952961974893697e-05,0.0066175488755106,0.0039017654489725,-0.0426637344062328,0.163125142455101,-0.1440229713916778,0.082267977297306,-0.0272553600370883,-0.0238902978599071,0.017806738615036,-0.004344712011516,0.0622596032917499,0.0154483886435627,0.0789816230535507,-0.0561563670635223,0.3416916728019714,-0.105859026312828,0.735759973526001,-0.0717267394065857,0.0140346894040703,-0.0145145282149314
-0.0282066278159618,0.347217321395874,-2.631487586768344e-05,-0.0047063222154974,-0.0119127789512276,-0.0272401329129934,-0.0785818174481391,-0.0872048139572143,0.0572228133678436,0.0734447538852691,-0.0920770764350891,-0.0070316046476364,0.0631909668445587,-0.025334246456623,-0.0282028280198574,0.0364088155329227,-0.0159085411578416,0.1049146503210067,0.0382115468382835,0.7540684342384338,1.6898540258407593,0.004259742796421,-0.0145145282149314
-0.0043211225420236,0.4377568960189819,-1.5848749171709642e-05,0.0067353672347962,0.0518297329545021,0.1238603815436363,-0.0644886940717697,-0.1093315854668617,0.0376386828720569,0.0226243827491998,0.2422250360250473,-0.0781786143779754,0.0341106280684471,-0.0883759558200836,-0.0259447079151868,0.2943569123744964,-0.0191967505961656,0.4954932034015655,-0.0479915402829647,-0.4422463476657867,-0.5597772598266602,0.0430330373346805,-0.0145145282149314
0.0249001774936914,0.2310962527990341,5.13757549924776e-06,-0.0048298416659235,0.2211138606071472,-0.2523488700389862,0.1630502492189407,-0.1164712235331535,-0.0031720947008579,-0.0193384122103452,-0.1060462296009063,0.0665804371237754,-0.0203442014753818,0.1817120760679245,0.0076180901378393,0.011314551346004,0.0237884819507598,0.0080862445756793,-0.0264446809887886,-0.5141283869743347,-0.6610868573188782,0.0006209623534232378,-0.0145145282149314
-0.0270978473126888,-2.1616334915161133,-9.137505549006164e-05,-0.001998861785978,-0.0098124574869871,-0.1473851054906845,-0.0836166888475418,0.1171166524291038,-0.0893038138747215,0.0708398446440696,0.0580837838351726,-0.021673047915101,0.0218756832182407,-0.1977682709693908,-0.0506358258426189,-0.0253653582185506,0.0051161884330213,-0.1049475073814392,-0.0835283249616622,-0.5026313662528992,-0.8247397541999817,0.0051280879415571,-0.0145145282149314
-0.02741514518857,-1.9688445329666135,-7.768483919790015e-05,-0.0104245049878954,0.0253446511924266,-0.0074274442158639,0.0035160351544618,-0.1470256298780441,-0.0499761849641799,0.002824914176017,-0.3392225801944732,-0.0397942289710044,-0.0793761536478996,0.0093296151608228,0.1937657594680786,-0.3211629688739776,-0.0436286330223083,-0.3330825567245483,-0.1858482956886291,-0.3670881986618042,-0.7203459739685059,-0.0271629523485898,-0.0145145282149314
-0.0206691082566976,0.9877909421920776,5.27920201420784e-06,-0.0020754667930305,0.0816575959324836,0.1904922425746917,0.0545042231678962,-0.1868465393781662,0.0208770669996738,0.0019309632480144,-0.3498535454273224,-0.0443242639303207,-0.0496802814304828,0.1780186146497726,0.057465124875307,-0.2935410141944885,0.0192651320248842,-0.414761483669281,-0.1464010030031204,-0.4740153849124908,-0.599998950958252,-0.0041085057891905,-0.0145145282149314
0.0169523898512125,0.4732513427734375,-3.64619554602541e-05,0.0025450224056839,-0.1470591276884079,0.0119559299200773,-0.0637220442295074,-0.1070565581321716,0.0487497970461845,0.0975459963083267,0.0024577903095632,0.0308165866881608,-0.0129278125241398,0.2035573571920395,0.2550449967384338,-0.2669610977172851,0.0723683387041091,0.1205984577536583,0.0060516111552715,-0.556387722492218,-0.7171398997306824,-0.0309891495853662,-0.0145145282149314
-0.0152705814689397,-2.296761512756348,0.00048085767775774,-0.0013443268835544,-0.0266091115772724,-0.0817237794399261,-0.1425091326236724,-0.1070195659995079,-0.117812730371952,-0.0870998129248619,-0.2633676826953888,-0.0142696592956781,-0.0435640625655651,-0.0985262542963028,-0.001460685278289,-0.0468490533530712,0.008263194002211,-0.0478469505906105,-0.0656197592616081,-0.4963891208171844,-0.8371442556381226,0.0077302348800003,-0.0145145282149314
-0.0086626475676894,-0.1528970897197723,-1.7288723029196262e-05,-0.0046651801094412,-0.0090855071321129,-0.2354041934013366,0.51983642578125,-0.0297085251659154,-0.0806869193911552,-0.0416547283530235,0.0192329920828342,0.0137582318857312,0.0244448687881231,0.0324711017310619,0.0088557675480842,0.0499178133904933,0.0188112910836935,0.0279352124780416,-0.0071110296994447,-0.5627327561378479,-0.7576765418052673,0.014967349357903,-0.0145145282149314
0.0668655857443809,1.320468187332153,-2.55752238444984e-05,0.0136370752006769,-0.1544362157583236,-0.0196499768644571,0.2167045325040817,-0.0750612318515777,0.3245865702629089,0.2848348915576935,0.0410551875829696,-0.0355673506855964,0.0413960553705692,-0.0701631158590316,-0.0110363001003861,0.1145747900009155,-0.12538743019104,0.0112313348799943,0.0028640215750783,-0.5133947134017944,-0.7064821720123291,0.0466659404337406,-0.0145145282149314
-0.0096805691719055,0.9337784051895142,-2.0799870981136337e-05,0.0031292922794818,-0.0218570046126842,0.0501574799418449,0.0038215303793549,0.049325194209814,0.0541531555354595,-0.0022326637990772,0.1184206455945968,0.2026034891605377,0.036211609840393,0.088658683001995,-0.0418386571109294,0.1383921802043914,-0.115782618522644,0.2648956775665283,-0.0396894477307796,0.6682645678520203,1.855203986167908,0.0302313081920146,-0.0145145282149314
0.0892724692821502,0.3349982500076294,-1.039916242007166e-06,0.0044619417749345,-0.1195644065737724,-0.0318974517285823,0.2224017828702926,-0.1031702756881713,-0.0814149379730224,0.0868451446294784,0.0649861842393875,0.364259660243988,0.1082545444369316,0.2045211941003799,0.0150670520961284,-0.0597055703401565,-0.012478619813919,-0.2363311797380447,-0.1072919964790344,-0.5197408199310303,-0.7563121318817139,-0.0038708259817212,-0.0145145282149314
0.0109349871054291,0.186031088232994,-9.443381713936104e-06,0.0075416318140923,-0.0445871800184249,0.0451349206268787,-0.0964279770851135,0.0999317988753318,-0.0402104035019874,-0.270123153924942,0.2057388722896576,0.0103957056999206,0.0451933667063713,0.0327916890382766,-0.03868343308568,0.0512208752334117,-0.0667739063501358,-0.4617346525192261,-0.1234274879097938,-0.477384865283966,-0.7769305109977722,0.0029901869129389,-0.0145145282149314
-0.0713336765766143,1.4035810232162476,-2.0257335563655943e-05,0.0107045909389853,0.1458924859762191,0.240589365363121,-0.3438090682029724,0.0726774185895919,-0.0321315452456474,0.1159527003765106,0.1927496045827865,-0.0217294842004776,0.0049041761085391,0.1070181503891944,-0.0466649457812309,-0.0291058588773012,0.0206433869898319,0.2895009219646454,-0.0411176308989524,-0.4010358154773712,-0.6572976112365723,0.0065708570182323,-0.0145145282149314
0.0405954867601394,-1.8763811588287356,-6.601124187000096e-05,-0.0028802163433283,0.1936419457197189,-0.1522198021411895,-0.069453939795494,-0.1014260277152061,-0.0739601776003837,0.1132115870714187,-0.1673384755849838,-0.0575369298458099,-0.0401455387473106,-0.1623554080724716,-0.0617300458252429,-0.0052641313523054,0.0143394572660326,-0.0424316823482513,-0.0794886574149131,-0.4726245701313019,-0.7499492168426514,0.0097654871642589,-0.0145145282149314
-0.0788627490401268,0.980183243751526,-5.193358811084181e-05,0.0004367862711660564,-0.1477024406194687,-0.0337415300309658,0.2792217135429382,-0.1068345606327056,0.0368732959032058,-0.1700572669506073,-0.1540787070989608,-0.0495569668710231,-0.0941037908196449,-0.1876946538686752,-0.0206627696752548,-0.1483364850282669,-0.0704162940382957,0.2108366936445236,-0.0624288879334926,-0.4981155693531036,-0.8271996974945068,-0.0341376662254333,-0.0145145282149314
-0.0522006563842296,1.0323255062103271,-4.865268419962376e-05,-0.016948789358139,-0.0036722202785313,-0.1568460613489151,0.4837367832660675,0.1046346276998519,0.0220879092812538,-0.1937376409769058,0.1077373027801513,-0.0572255030274391,-0.1558113843202591,-0.0927839130163192,-0.0347505323588848,0.008185994811356,-0.0062344381585717,0.0010986315319314,-0.0408241897821426,0.6723240613937378,-0.0384815856814384,0.0087874084711074,-0.0145145282149314
0.0976716205477714,1.3672209978103638,-0.00016089942073449492,-0.0246485061943531,-0.0749828219413757,0.2258286476135254,0.3226972222328186,0.0939778462052345,-0.0122321844100952,-0.0564707368612289,0.549481987953186,-0.01268897857517,-0.0345300212502479,-0.0817020535469055,-0.0214532930403947,0.1111475303769111,0.0253456886857748,-0.0348224490880966,-0.0153742181137204,-0.4505888223648071,-0.60759037733078,0.0148083437234163,-0.0145145282149314
0.0047685643658041,0.7994507551193237,-1.2399574188748376e-05,0.0031521646305918,-0.0423568487167358,-0.2428833842277526,0.1149685829877853,0.1095242127776146,0.0537906475365161,-0.0435417369008064,0.1525266319513321,0.1309325397014618,-0.0355139188468456,0.0888994112610817,0.2584825158119201,-0.093536265194416,0.0018516000127419,-0.2097107619047165,-0.0510616824030876,0.6372480988502502,0.5344772338867188,0.0130789726972579,-0.0145145282149314
0.0477696880698204,1.604583740234375,-5.441322718979791e-05,-0.0087083540856838,0.0518662221729755,-0.114853523671627,-0.0659219399094581,-0.2163877338171005,0.0031453135889023,-0.0115900617092847,0.0789862647652626,-0.0133838737383484,0.0194086506962776,-0.0799869298934936,-0.0308820400387048,0.0248533580452203,0.0383494198322296,-0.066651627421379,-0.0367091596126556,-0.4597432017326355,-0.700593888759613,-0.0017822454683482,-0.0145145282149314
-0.019916795194149,1.1783589124679563,2.345819666516036e-06,0.0125991944223642,0.1526423692703247,0.0018941179150715,-0.3615666627883911,0.2193911075592041,0.0933314114809036,0.190077319741249,0.4636439085006714,0.1754345893859863,-0.019013412296772,0.1674393564462661,0.0055183130316436,-0.0633052438497543,-0.0396055430173873,-0.0046440004371106,-0.0075418865308165,-0.4615367352962494,-0.6515754461288452,-0.0093081928789615,-0.0145145282149314
0.0465072132647037,1.4580408334732056,-5.541254358831793e-05,0.014729973860085,0.0080521721392869,0.2250132858753204,-0.1117836460471153,0.1161970049142837,0.0105240168049931,0.0044583464041352,0.2525544166564941,-0.005969924852252,-0.0360621102154254,-0.0845174342393875,0.0162850990891456,0.0395745821297168,0.016702203080058,0.4914079904556274,-0.0752362832427024,-0.4172087013721466,-0.5672194361686707,0.0281703788787126,-0.0145145282149314
0.0382929854094982,-0.8891741633415222,-3.4915799915324897e-05,0.0018069912912324,0.0003130657714791596,0.0724374875426292,0.0022506713867187,-0.1268052458763122,-0.0187266990542411,0.0263210218399763,-0.2869701683521271,0.2602953910827636,-0.0101257404312491,0.3315327167510986,-0.0328649505972862,0.5498619079589844,-0.0202950369566679,0.2853999733924866,0.0793369635939598,-0.4256894290447235,-0.5364267230033875,0.0578631497919559,-0.0145145282149314
-0.02511578053236,1.2046689987182615,4.505534889176488e-05,-0.011330310255289,-0.0375544764101505,-0.21582792699337,0.4815401434898376,-0.0848386511206626,0.3129281103610992,0.1507384926080703,0.2109339088201522,0.0074610407464206,0.0034703707788139,0.1007835566997528,-0.0387922003865242,0.0495673790574073,0.0223987866193056,-0.0188554227352142,-0.0203177072107791,-0.468299925327301,-0.61054927110672,0.0196153670549392,-0.0145145282149314
-0.0536478832364082,-2.1335082054138184,-1.2788477761205286e-05,0.0025756563991308,0.0274473410099744,0.0433197356760501,-0.1468862444162368,-0.118699163198471,-0.0725554227828979,-0.0243355985730886,-0.3306400775909424,-0.0592217817902565,-0.068642258644104,-0.0713420510292053,-0.039187878370285,-0.2059634625911712,7.542570529039949e-05,-0.3123539388179779,-0.1631986796855926,-0.3959119915962219,-0.8257794380187988,-0.0214915294200181,-0.0145145282149314
0.0351133421063423,0.3051891028881073,-1.355491258436814e-05,-0.0074730226770043,-0.0222902204841375,0.0457619726657867,-0.3825917243957519,-0.0792377218604087,-0.0476008094847202,0.0220824889838695,0.0322328582406044,-0.0447675064206123,0.0017590979114174,0.0687877759337425,0.0709394738078117,0.0508213639259338,0.0456715337932109,0.0509153418242931,-0.0645775124430656,0.8235023021697998,1.409628987312317,-0.0043924157507717,-0.0145145282149314
-0.0291349086910486,-2.1561501026153564,-1.7659462173469365e-05,0.0004023266083095223,-0.0117242634296417,0.0296974573284387,-0.1275758594274521,-0.1497339904308319,-0.0074645532295107,0.0017537905368953,-0.0912035182118415,0.0215809401124715,0.0025345052126795,0.1599008440971374,-0.004608760587871,-0.1528836339712143,0.0073034833185374,-0.3542495369911194,-0.2070550769567489,0.6450760960578918,0.0259614139795303,-0.0047104451805353,-0.0145145282149314
-0.0459891073405742,-1.5448009967803955,-9.408047480974346e-05,0.0013081498909741,-0.038851261138916,-0.0468791238963604,-0.1090147793292999,-0.0668792203068733,-0.0288917012512683,0.0222907103598117,-0.2292035967111587,0.0024647763930261,0.0316911526024341,-0.1097109764814376,0.0481780134141445,-0.1048908755183219,-0.0370896644890308,0.590658962726593,0.6733953356742859,-0.4598790109157562,-0.6549898386001587,-0.0532950274646282,-0.0145145282149314
0.0457376949489116,0.4981968998908996,-7.688729965593666e-06,0.0029739013407379,-0.0796906650066375,-0.0613945201039314,-0.0915076434612274,-0.0101908175274729,-0.0256657823920249,0.0452435500919818,-0.1957662850618362,-0.0618552826344966,-0.0056301089935004,0.2108799964189529,0.0491656176745891,0.2549135982990265,0.1363908499479293,0.6075537800788879,-0.000856506172567606,-0.4644940197467804,-0.648576021194458,0.067404881119728,-0.0145145282149314
-0.0100436555221676,0.5828108191490173,-1.4336390449898316e-05,0.0032777816522866,0.3199940919876098,-0.1867449730634689,0.1764459609985351,-0.0772921442985534,0.0325615890324115,-0.0693965926766395,-0.1002958491444587,0.0223477873951196,0.0176120419055223,0.088581308722496,-0.0010492529254406,0.1577834486961364,-0.0171231180429458,0.276756078004837,-0.05134729295969,-0.4719168841838836,-0.5883467197418213,0.0633363649249076,-0.0145145282149314
0.011853783391416,0.4841772317886352,-1.6513615264557302e-05,-0.0046314294449985,-0.1378391534090042,0.107213519513607,0.1150857582688331,-0.182743489742279,-0.2476706057786941,-0.1635746955871582,0.0166448503732681,-0.0189835578203201,-0.0280565954744815,-0.0923693552613258,0.0147921573370695,0.1109709069132804,0.0192749071866273,-0.0295448713004589,-0.0172615442425012,-0.5878937244415283,-0.8149548172950745,0.0256698038429021,-0.0145145282149314
0.0321593433618545,-0.2342518866062164,-2.580293221399188e-05,0.0017981278942897,0.0389860793948173,0.1298246830701828,0.2601032555103302,-0.1761761158704757,0.0112461522221565,-0.2836704850196838,-0.384614884853363,0.0359743572771549,-0.0234373193234205,0.2428215593099594,0.0139006553217768,0.196360096335411,-0.0512124747037887,-0.1083840951323509,0.1221457198262214,-0.4299865365028381,-0.5880582332611084,0.0350826159119606,-0.0145145282149314
0.0329429730772972,-1.1875152587890625,-4.8964568122755736e-05,0.0045830230228602,-0.0971569865942001,0.1397658437490463,-0.0641388893127441,0.2246055603027343,0.0985008180141449,-0.0949189066886901,0.5559359192848206,0.3278474807739258,0.1076980978250503,0.3311212658882141,-0.052245020866394,-0.0846727192401886,-0.0267299581319093,-0.3441224098205566,-0.0886003822088241,-0.3701185584068298,-0.6090704202651978,0.0242750775068998,-0.0145145282149314
0.0139838708564639,0.7752959132194519,-1.926518598338589e-05,0.002625121269375,0.0040982505306601,0.0903943702578544,0.0626689121127128,0.2565644085407257,-0.0441479794681072,0.0343781225383281,0.2476715892553329,0.0371187329292297,-0.0483767017722129,0.0467438288033008,-0.0065973345190286,-0.1499368548393249,0.1077342331409454,-0.408111572265625,-0.0480573326349258,0.5236157774925232,1.909993886947632,-0.0198061857372522,-0.0145145282149314
0.0286484472453594,-2.231020927429199,-0.0029597431421279,-0.0014442175161093,-0.0398008748888969,-0.0464552640914917,0.1451985388994217,-0.1633402705192566,0.1493066251277923,0.0151632027700543,-0.2410808205604553,-0.0556198246777057,-0.0636127293109893,-0.2169419229030609,-0.0192344896495342,-0.0150093585252761,-0.0073061175644397,-0.0901453793048858,-0.0664217323064804,-0.514126718044281,-0.8424950242042542,-0.000441969750681892,-0.0145145282149314
0.0104270689189434,-0.8351109027862549,-1.0629344615153968e-05,0.0079541848972439,-0.0476876199245452,0.0410285331308841,-0.1068046540021896,0.0452302955090999,0.155422106385231,-0.0227332096546888,0.017953610047698,-0.0467999316751956,0.0696986541152,-0.0830157697200775,0.0542889796197414,0.1391204744577407,0.0417693294584751,-0.0318427681922912,0.0328545346856117,-0.5082772374153137,-0.8017052412033081,0.000386407453333959,-0.0145145282149314
-0.0170696321874856,-0.7177707552909851,-4.5356457121670246e-05,0.0024542245082557,0.0186779741197824,0.0365915969014167,0.2570217549800873,0.0246235243976116,0.1605200171470642,0.1358790248632431,0.0205073095858097,-0.0411773882806301,-0.1566655337810516,-0.0695074722170829,0.0026424929965287,0.0607034005224704,0.1386524736881256,0.0596191138029098,0.0700781345367431,0.8895865678787231,2.189902067184448,0.0328228361904621,-0.0145145282149314
-0.0211978796869516,-1.2877365350723269,-0.00013872998533770442,0.0050492202863097,-0.0058852918446063,-0.023237220942974,-0.1137195825576782,-0.1092739850282669,-0.0839338675141334,-0.185033231973648,-0.2282170951366424,-0.0502346009016037,-0.0259326696395874,-0.1071519702672958,-0.0292804632335901,-0.0810099244117736,0.0232272017747163,-0.3037349879741668,-0.1550900340080261,-0.4478018581867218,-0.742713451385498,0.0545198284089565,-0.0145145282149314
-0.0046047042123973,-2.0232295989990234,-0.00010695165838114916,-0.0007178023224696517,-0.0426150113344192,-0.0269764009863138,-0.0698921233415603,-0.1460885405540466,-0.0200226437300443,0.0721839070320129,-0.2304293662309646,-0.0172763150185346,0.0536314025521278,0.0165196359157562,0.0542376302182674,-0.0211068764328956,0.0314559414982795,-0.0795583724975586,-0.0591462776064872,-0.4760769605636596,-0.7753427624702454,-0.0040969052352011,-0.0145145282149314
-0.0053313607349991,-0.1901567876338958,-1.0883584764087573e-05,0.0025639217346906,0.1114746555685997,0.0307582039386034,0.4132992029190063,-0.0075035914778709,0.0010161789832636,0.1387282609939575,-0.0608008354902267,-0.0227051097899675,0.0158440228551626,0.1625478714704513,-0.0056742536835372,-0.1716252118349075,-0.0511514209210872,-0.0101342238485813,0.5797038078308105,-0.4413953125476837,-0.5980437397956848,-0.0522378496825695,-0.0145145282149314
0.0036820156965404,-2.1738171577453613,1.69973645824939e-06,-0.0027273828163743,0.0043998011387884,0.1312329024076461,0.6407290697097778,-0.1165526509284973,0.007355804555118,-0.1745662093162536,-0.2298341542482376,-0.0296801812946796,0.0724666267633438,-0.0361563861370086,-0.0272153820842504,0.0406233966350555,0.0243747681379318,0.0162529479712247,-0.0249993465840816,-0.4792227447032928,-0.7513647079467773,0.0085086310282349,-0.0145145282149314
-0.0194977447390556,1.2313835620880127,-1.0274397936882451e-05,0.0077250036410987,0.2196401506662368,0.078679084777832,0.0216753426939249,0.0823590457439422,0.1388409435749054,-0.0020112984348088,0.2767031490802765,-0.0312248785048723,-0.0181365516036748,0.0082737952470779,0.1442434191703796,-0.0445134490728378,-0.0614412277936935,-0.3607945740222931,-0.0006411618087440729,-0.3988955318927765,-0.5955451130867004,-0.0229771174490451,-0.0145145282149314
0.0329511575400829,-1.3171262741088867,4.767353675561026e-05,-0.0049008429050445,-0.0427436232566833,-0.1348841786384582,0.2664124667644501,-0.0546498149633407,0.0270856190472841,-0.0732751786708831,-0.2046375125646591,-0.0608140006661415,-0.0959077253937721,-0.0338624529540538,-0.0427463427186012,-0.2115369737148285,0.0940826460719108,-0.0406362488865852,-0.059275921434164,-0.5785786509513855,-0.8158704042434692,0.0677674189209938,-0.0145145282149314
0.0117052821442484,0.4751537442207336,-4.557392094284296e-05,0.0031401354353874,-0.0020214722026139,0.0174279622733593,-0.1180250123143196,-0.1179974600672721,-0.1669954657554626,0.0474660098552703,0.159045785665512,-0.049714621156454,0.0265801567584276,-0.1972383111715316,-0.0732452198863029,0.0406850464642047,0.1755736619234085,-0.2436347603797912,-0.1121349483728408,-0.5247377753257751,-0.771816611289978,0.0888956487178802,-0.0145145282149314
-0.0687901452183723,0.6168457865715027,-2.113525988534093e-05,0.0031992522999644,-0.023207077756524,-0.0056199985556304,0.2890654802322387,-0.1292829662561416,-0.0620966739952564,0.1713728457689285,-0.0356374308466911,-0.0820438414812088,-0.0464878119528293,-0.0249564219266176,-0.0016373631078749,-0.0895033106207847,-0.0636559203267097,0.4461068212985992,-0.0637470260262489,-0.4579645991325378,-0.7267357110977173,-0.1301426291465759,-0.0145145282149314
-0.0117550510913133,0.5945783257484436,-1.2977179721929133e-06,0.0053507611155509,-0.1301236152648925,0.0522421598434448,0.6187019944190979,-0.0838407278060913,0.0240084398537874,-0.2082882970571518,0.120924137532711,0.1919258832931518,0.081269696354866,0.2591537535190582,-0.0020819071214646,0.5190369486808777,0.0065993065945804,0.5908005237579346,-0.05012658983469,-0.4253398776054382,-0.541388213634491,0.081563301384449,-0.0145145282149314
-0.0155517095699906,0.91887104511261,-5.989084456814453e-06,0.0023020247463136,-0.0257097817957401,0.0512428469955921,0.1575241833925247,0.0185225903987884,0.058592539280653,-0.0068041519261896,0.1152279004454612,0.1759092658758163,0.0042434716597199,0.0969139486551284,0.0173238366842269,0.1718149334192276,-0.1252644211053848,-0.0872887670993805,-0.0253545492887496,0.7616210579872131,2.0938045978546143,0.0101182227954268,-0.0145145282149314
-0.0280949175357818,0.8178900480270386,-4.508212441578507e-06,0.0041472492739558,-0.0214106459170579,-0.00601836014539,0.2866920232772827,0.1868967860937118,-0.1069209575653076,0.0938736274838447,-0.0264974646270275,-0.0372749045491218,0.0130031453445553,-0.1038331538438797,-0.0361885987222194,0.1014991924166679,0.1004338264465332,-0.3690353333950043,0.1106131002306938,-0.5146554112434387,-0.7338919043540955,0.0443856343626976,-0.0145145282149314
-0.0832595154643058,0.4558030664920807,-1.370789686916396e-05,0.0024156677536666,-0.1957287937402725,-0.0313042551279068,-0.1589943170547485,-0.190865084528923,0.0083615696057677,0.0356116518378257,0.1469339430332183,0.1970372498035431,0.0210364703088998,0.1724384278059005,-0.0364476554095745,-0.1041276678442955,-0.0417220219969749,0.5743423700332642,-0.0693451389670372,-0.4713703691959381,-0.784803569316864,-0.0010225925361737,-0.0145145282149314
0.0381915979087352,-0.0286060851067304,-2.2782747691962868e-05,0.0064124404452741,0.0486504547297954,0.2182196080684662,-0.1714003682136535,-0.0800073966383934,-0.032591588795185,-0.0108466353267431,-0.0955162197351455,-0.0473846569657325,-0.0211087670177221,-0.0997412502765655,0.0494970008730888,0.1294267624616623,-0.0424012839794158,0.0808886289596557,0.1177067533135414,-0.4655589163303375,-0.6507887840270996,0.0295635908842086,-0.0145145282149314
0.0275846533477306,-0.8869627714157104,-4.246852768119425e-06,0.0085935648530721,0.1886689364910125,-0.1146872490644455,-0.0163923669606447,0.023271556943655,0.027432756498456,-0.0549648255109787,-0.0905353501439094,0.3050853610038757,0.0205120965838432,0.3154330849647522,0.0035649905912578,0.0351956263184547,0.0143277887254953,-0.0102681666612625,-0.0093071954324841,-0.468936562538147,-0.6468806266784668,0.0022990899160504,-0.0145145282149314
0.0047986512072384,0.6445407867431641,-3.0204682843759656e-07,0.0017363384831696,0.0340322144329547,-0.0012566739460453,0.1250355392694473,0.1849409341812133,0.034679178148508,-0.0098234843462705,0.284892737865448,-0.0677216500043869,0.0274862423539161,0.1001527607440948,0.0182975269854068,0.1374027132987976,0.0109984092414379,-0.3537921011447906,-0.0158433523029088,0.6396973729133606,2.659006834030152,0.0212715491652488,-0.0145145282149314
0.0305304322391748,1.0750190019607544,-1.4325389201985672e-05,0.0033716566395014,0.0437967367470264,0.0039283065125346,0.1306495368480682,0.0267778746783733,0.1073523238301277,-0.0324594192206859,0.1821803897619247,0.0148342121392488,0.048179492354393,-0.0137371700257062,0.0319179594516754,-0.1532699465751648,0.0909613817930221,0.4604394435882568,-0.029755076393485,0.6918520331382751,1.5374436378479004,-0.0316547229886055,-0.0145145282149314
0.0078265750780701,0.2560161054134369,-1.4579090930055829e-05,-0.0103709138929843,0.0017130891792476,0.0505176782608032,-0.3210128545761108,0.0360217280685901,0.010588894598186,0.0864525437355041,-0.1228514313697815,-0.0348147265613079,-0.0418217070400714,-0.139216348528862,-0.0345013476908206,0.1012336686253547,0.014575214125216,-0.0154335359111428,-0.0570856295526027,-0.5169612169265747,-0.7713886499404907,0.0121177937835454,-0.0145145282149314
0.0394813865423202,0.5984514355659485,-2.889864845201373e-05,0.0020614105742424,-0.1434621810913086,-0.0317177027463912,0.2964600324630737,-0.1516716927289962,-0.0482980720698833,-0.0435839146375656,-0.1893296092748642,-0.0322279408574104,-0.0691991746425628,-0.1248187348246574,0.0206733811646699,-0.2044563442468643,-0.0338184759020805,0.7735960483551025,-0.0209854580461978,-0.458414763212204,-0.7240225076675415,-0.0747825279831886,-0.0145145282149314
0.0201000496745109,-0.0732006207108497,0.0004468434490263462,-0.0186275281012058,-0.0245982948690652,-0.0216191597282886,-0.1156356111168861,0.0039985128678381,-0.1266356110572815,-0.0939686000347137,-0.2145662158727646,0.0551462173461914,-0.0155383255332708,-0.0500289313495159,0.0782907456159591,0.0334769636392593,0.0179787725210189,-0.0292205456644296,-0.0144220888614654,-0.5642690658569336,-0.8363402485847473,0.0282620042562484,-0.0145145282149314
0.0036966567859053,-0.0406302474439144,-1.5797697415109724e-05,0.0037184425164014,-0.0256265997886657,-0.1185418665409088,-0.0515997111797332,-0.1281802356243133,-0.0206825099885463,0.0541423894464969,0.1402703076601028,0.1558296233415603,-0.0161481294780969,-0.0395010001957416,-0.0025161940138787,-0.3685451149940491,-0.0924580320715904,-0.1022931486368179,-0.1080700531601905,-0.5765188336372375,-0.8034315705299377,-0.0302290953695774,-0.0145145282149314
-0.0737055540084838,-1.964038372039795,-0.00026363262441009283,-0.0013531511649489,-0.0218681935220956,-0.0232760366052389,0.0465258434414863,-0.2286351472139358,-0.0460068546235561,0.0773093178868293,-0.2523575723171234,-0.0787713602185249,0.0247710440307855,-0.0646287947893142,-0.0318839214742183,0.0187445767223835,0.0448046512901783,0.0560411661863327,0.0526372753083705,0.7499516606330872,0.7423856854438782,-0.0112391347065567,-0.0145145282149314
-0.0347134359180927,0.0157828461378812,-7.033158908598125e-06,0.0008734535658732057,-0.0425395742058754,0.0333726927638053,0.3139641582965851,-0.1583428382873535,0.0867621079087257,-0.0573781877756118,-0.3275914788246155,-0.0211402308195829,0.0899957790970802,-0.0235588010400533,-0.0208469610661268,-0.3330545723438263,0.0600554719567298,-0.2984637916088104,-0.1056515648961067,-0.5517434477806091,-0.7547076344490051,-0.028850357979536,-0.0145145282149314
-0.0461511351168155,0.4890255033969879,-3.36422526743263e-05,0.0041556106880307,0.0236919727176427,0.029860520735383,0.0374958217144012,-0.0364363230764865,0.0556215047836303,0.0260737538337707,-0.2409278005361557,-0.0841109082102775,0.0216186419129371,-0.0243091117590665,-0.0016953498125076,0.0659746378660202,-0.0198659896850585,0.0762741267681121,-0.0115582607686519,0.8652535080909729,1.3818888664245603,0.0137453125789761,-0.0145145282149314
0.0275597386062145,0.4262955784797668,1.3067619875073433e-08,0.0030757780186831,-0.5653664469718933,0.0274021178483963,0.4913109540939331,0.3565634191036224,0.0075784781947731,-0.3597901165485382,0.3424310684204101,0.1010064408183097,0.016447514295578,0.1307414323091507,-0.0452503822743892,-0.0308684632182121,-0.0138427764177322,-0.5608557462692261,-0.0464958250522613,-0.3833359479904175,-0.5790573358535767,-0.0118930162861943,-0.0145145282149314
-0.0401762910187244,-1.1269984245300293,-2.991355722770095e-05,-0.0003932927211280912,0.075404591858387,0.0125294299796223,-0.1792489886283874,-0.1862324476242065,-0.0516312420368194,-0.1299234926700592,-0.2601898312568664,-0.0460510328412056,0.0151440137997269,-0.1744191795587539,-0.0472144000232219,-0.3128453195095062,0.0084931831806898,-0.2859324812889099,-0.277917206287384,-0.4496032297611236,-0.7653940320014954,0.031505599617958,-0.0145145282149314
0.0020439522340893,0.8158300518989563,-2.3598586267326027e-05,0.0018349036108702,-0.0689130052924156,0.0605679452419281,-0.0405961014330387,-0.0084907989948987,0.0207006968557834,0.0472634844481945,0.0324851088225841,-0.0823382437229156,-0.1798308044672012,-0.0884572714567184,-0.0264026056975126,0.0722377076745033,-0.076869286596775,0.3904812633991241,-0.0848322957754135,0.6601300835609436,1.3208497762680054,0.013446819037199,-0.0145145282149314
0.0170758608728647,0.4281275272369385,-1.7203605239046738e-05,0.0031179175712168,0.1164023205637931,0.0044446461834013,-0.2001778930425644,0.2510057985782623,0.0347655937075614,0.0689121037721633,0.2879553139209747,0.0750863477587699,0.0385134629905223,0.0565236546099185,-0.009437539614737,0.121653527021408,0.0452367439866066,0.3885440230369568,-0.0550040751695632,0.5890958309173584,1.5765172243118286,0.0264034755527973,-0.0145145282149314
-0.0119835911318659,0.8646547794342041,-2.197617868660018e-05,0.0018359160749241,-0.0376255698502063,0.0143026122823357,0.0786092430353164,-0.0247634276747703,0.0540807656943798,-0.0059273173101246,-0.0038491182494908,-0.0392770618200302,0.0186151601374149,-0.000519098190125078,0.0170526131987571,-0.091891624033451,-0.0231052879244089,0.0876723825931549,-0.0157391913235187,0.7463318109512329,1.9968630075454712,-0.0290410351008176,-0.0145145282149314
-0.0172992516309022,-1.7101203203201294,-5.658602458424866e-05,0.0066890795715153,-0.0496452264487743,-0.0188058372586965,-0.1278457939624786,-0.0575505197048187,-0.089752584695816,-0.2146980613470077,-0.2481958270072937,-0.0256094709038734,0.0510084927082061,-0.1091866865754127,-0.0377248078584671,-0.1007034704089164,-0.0222941264510154,-0.3102569282054901,-0.1358580440282821,-0.4106749892234802,-0.7624348998069763,-0.0269283168017864,-0.0145145282149314
0.0263923238962888,-1.8746341466903689,-1.4427430869545788e-05,0.0034607537090778,-0.0823414474725723,0.0099246306344866,0.1987997591495514,0.0632160529494285,0.0768174529075622,0.0332556441426277,0.0589517764747142,0.0373666249215602,-0.0159367583692073,0.0657003596425056,-0.0252258293330669,0.0788017138838768,0.0015767948934808,0.1044359430670738,0.0016422496410086,0.9121263027191162,0.1028278917074203,-0.0084531996399164,-0.0145145282149314
0.0136625533923506,1.146787405014038,-1.253881782758981e-05,0.004838787484914,-0.092353381216526,-0.0099832192063331,-0.3442473709583282,-0.0098541481420397,0.0325629226863384,0.1394530087709427,0.3017072677612304,-0.0555807165801525,-0.0330587103962898,-0.0046122907660901,-0.1046324297785759,-0.0066973897628486,0.1013767123222351,0.4332800805568695,0.0521166287362575,0.5831696391105652,1.0552184581756592,0.0063252910040318,-0.0145145282149314
0.0033717646729201,-2.322678804397583,-0.00017524504801258445,-0.0078605255112051,-0.1177067458629608,0.0089232819154858,0.1660085022449493,-0.1162047833204269,-0.0351168848574161,0.0677449777722358,0.064552903175354,-0.0029342661146074,0.1266615986824035,-0.1215767636895179,-0.0489538796246051,0.0206566359847784,0.0256474073976278,-0.0568446777760982,-0.0491031818091869,-0.5061439871788025,-0.8393471240997314,0.0076446342281997,-0.0145145282149314
0.0112767936661839,-0.4500758945941925,-1.133048499468714e-06,0.0028654674533754,-0.2383966445922851,0.0558533556759357,0.2702075541019439,0.7789966464042664,0.0417286120355129,0.0521576255559921,0.5455931425094604,0.1728732734918594,0.0740364268422126,0.3532574772834778,-0.0127928555011749,0.14499232172966,0.0145107237622141,-0.3817073404788971,-0.0353254899382591,-0.3561477363109588,-0.5056012868881226,-0.0045229839161038,-0.0145145282149314
-0.0142529066652059,0.4829215705394745,-1.1966283636866136e-05,0.0015133392298594,-0.008596078492701,0.0169588886201381,0.0911323651671409,0.2060860842466354,0.0294418539851903,-0.0584074072539806,0.2143009155988693,-0.0079100914299488,0.0053907469846308,0.0656019672751426,-0.0210601314902305,0.0023135019000619,-0.0549894161522388,0.3737410008907318,-0.065127246081829,0.5723027586936951,1.3565226793289185,0.0146226258948445,-0.0145145282149314
-0.0191676970571279,-0.0421529896557331,-0.00011499490938149393,0.0149866761639714,0.2114776670932769,-0.166564404964447,-0.15006685256958,0.0039125136099755,-0.0236219353973865,0.1406230628490448,0.0334174633026123,-0.0339834615588188,0.0302955415099859,-0.1835327297449112,0.0593923851847648,0.0601993836462497,-0.0069831227883696,0.1254703104496002,0.198000892996788,-0.4815670549869537,-0.595667839050293,0.0397088453173637,-0.0145145282149314
0.0062809595838189,0.3665335178375244,-1.337894718744792e-05,0.0114327203482389,0.0158046763390302,0.0513325594365596,0.1438397914171219,0.65777587890625,0.0297283865511417,0.0218278542160987,0.2498008012771606,0.226421907544136,0.0441407263278961,0.1304966658353805,-0.0124865937978029,0.1916386783123016,-0.022692559286952,0.393675833940506,-0.0233402103185653,0.6284101605415344,1.4710001945495603,0.035765491425991,-0.0145145282149314
-0.0709235519170761,-1.9648672342300413,-1.8200866179540757e-05,0.0010381678584963,0.0025533526204526,0.1122883260250091,-0.0589170791208744,-0.1807629615068435,0.1997327357530594,0.0637240186333656,-0.2621794939041137,-0.0540535487234592,-0.0521718859672546,-0.1753694117069244,-0.0563686043024063,-0.238310694694519,-0.0391877330839633,-0.3210178911685943,-0.1809989213943481,-0.3839234709739685,-0.7894684076309204,-0.0063404846005141,-0.0145145282149314
-0.0039434065110981,-0.4122956097126007,-5.133806553203613e-07,0.0034883478656411,-0.0069610471837222,0.0122934114187955,-0.3688469231128692,-0.0673107355833053,0.0390307605266571,0.1870665103197097,-0.1924497485160827,-0.1112645864486694,0.0626663789153099,-0.0398236438632011,-0.0705394148826599,-0.3110162317752838,-0.0554087162017822,-0.3367673754692077,-0.1573759615421295,-0.4613505899906158,-0.7687880396842957,-0.0866522938013076,-0.0145145282149314
-0.0005326091195456684,-1.349129319190979,-1.954282924998552e-05,-0.0066008879803121,-0.0575199127197265,0.0596572831273078,-0.0349315516650676,-0.0515077337622642,-0.0520080737769603,0.0010371204698458,0.2568978369235992,-0.0221517663449049,-0.0493500940501689,-0.1838696151971817,-0.0212813466787338,-0.2788698673248291,0.0131071051582694,-0.3479185700416565,-0.1804876327514648,-0.4411901831626892,-0.7680768966674805,-0.0278124138712883,-0.0145145282149314
-0.0474613420665264,0.8618206977844238,-3.714673948707059e-05,0.0065504177473485,0.0179568845778703,-0.1597244590520858,0.1335820853710174,0.1733422726392746,-0.0513244085013866,0.2283839732408523,0.1928589344024658,0.0129558928310871,-0.0220820866525173,0.0415118485689163,-0.0443284213542938,0.182693675160408,-0.0759415477514267,0.2834018766880035,-0.0781343728303909,0.5908187627792358,-0.1483090817928314,0.0384030975401401,-0.0145145282149314
0.0217158831655979,0.1874329447746276,-0.0006084187189117074,-0.0088222054764628,-0.0412385277450084,0.0303097441792488,-0.2695819437503814,-0.0608179233968257,0.2489068508148193,0.1675543785095214,-0.2146421074867248,-0.0978033617138862,0.063002735376358,-0.1897744387388229,-0.0568428896367549,0.0799807384610176,0.0262377765029668,-0.0640344694256782,-0.039804108440876,-0.5798420310020447,-0.758780837059021,0.0228263940662145,-0.0145145282149314
0.0205802991986274,-0.5410244464874268,-2.198477159254253e-05,0.0022810234222561,0.0034229978919029,-0.0560371056199073,0.4303498566150665,-0.160378098487854,-0.0264920070767402,-0.0709441229701042,-0.1639263033866882,-0.1055381596088409,-0.0066554439254105,0.007379496935755,-0.0214512981474399,-0.1138433218002319,-0.0440837629139423,-0.5788949131965637,-0.0937766954302787,0.7214099168777466,0.046743981540203,-0.0037683993577957,-0.0145145282149314
-0.0376345813274383,0.413362592458725,-1.993134355871007e-05,0.002048666588962,-0.0403317362070083,0.0092351399362087,0.3152655959129333,-0.1267133057117462,-0.0076685855165123,-0.1184640899300575,0.1050584092736244,0.316175103187561,0.1496903300285339,0.1284901946783065,-0.000474259810289368,-0.1580530554056167,-0.0535777136683464,0.4851185083389282,-0.0282980576157569,0.6781294941902161,-0.06791552901268,-0.0076822759583592,-0.0145145282149314
-0.0237543303519487,-2.237218379974365,-1.6350066289305687e-05,0.0003851460351143032,0.0144260171800851,0.167855903506279,-0.0151876909658312,-0.0931798964738845,0.0253446958959102,-0.0772808566689491,-0.3711835443973541,-0.0439512729644775,-0.0018405538285151,0.106183648109436,-0.0351352989673614,-0.0332911014556884,-0.0362969785928726,-0.1789672523736953,-0.131401240825653,-0.4182917177677154,-0.7227477431297302,0.0286440644413232,-0.0145145282149314
-0.0416412577033042,-0.0627401545643806,-1.925645483424887e-05,0.0039997231215238,-0.1157513037323951,-0.0034817385021597,-0.0757945254445076,-0.0612857826054096,-0.0194395147264003,-0.009188387542963,0.1883661895990371,-0.0996215790510177,-0.0242960397154092,0.1984957307577133,0.0607457347214221,0.1495227217674255,-0.0536378622055053,0.17061847448349,0.3055582344532013,-0.4314792156219482,-0.6170147657394409,0.011864791624248,-0.0145145282149314
-0.0495805591344833,-0.5190290212631226,-1.2695272744167596e-06,0.0036779805086553,0.1746273636817932,0.0426072776317596,0.2421498596668243,-0.0096851782873272,0.0196082703769207,-0.003876531496644,-0.0823354497551918,-0.0223003979772329,0.0235444623976945,0.1039227619767189,-0.0104345334693789,0.5203074812889099,-0.0431994348764419,0.6852989792823792,0.5634012818336487,-0.3764021694660187,-0.5020731091499329,0.0820188224315643,-0.0145145282149314
0.0169045813381671,-2.2945384979248047,0.0002669083187356591,-0.0012954082340002,-0.0461140125989913,-0.0609719417989254,-0.176676869392395,-0.0765947476029396,-0.1052067875862121,-0.0762557685375213,-0.2013046890497207,-0.0074349343776702,-0.0281144045293331,-0.0949001759290695,0.0068731065839529,0.5343587398529053,-0.0352724231779575,-0.0030724161770194,-0.071988858282566,-0.4594651162624359,-0.744628369808197,-0.0109606897458434,-0.0145145282149314
0.1138775721192359,1.3702421188354492,-1.1807205737568438e-06,0.0075000822544097,-0.0278516039252281,0.1031562387943267,0.3261351883411407,0.0239167045801877,-0.0806320831179618,-0.1255323886871338,0.0844107866287231,-0.0001556406496092677,-0.0261130649596452,-0.0371914803981781,-0.0073599922470748,0.0459066964685916,0.100970521569252,0.4901917576789856,-0.0212288703769445,-0.4683918356895447,-0.6878320574760437,0.0310847871005535,-0.0145145282149314
-0.0275961589068174,0.9144720435142516,-3.3318989153485745e-05,0.0023866917472332,-0.0139903211966156,0.1187000200152397,0.0957392230629921,0.0477038137614727,-0.0400002561509609,0.056745920330286,0.0988093987107276,0.0316464304924011,-0.0173382461071014,0.0699169263243675,-0.0527485497295856,0.0488918200135231,0.011865765787661,0.2079907208681106,0.1440579444169998,0.6323477625846863,0.5411689281463623,-0.0346875749528408,-0.0145145282149314
0.0448446907103061,-1.5451818704605105,-4.821896436624229e-05,0.0018855078378692,-0.1549688428640365,0.0194957889616489,-0.024173691868782,-0.0882610529661178,-0.0417959243059158,0.0283098686486482,-0.1697125881910324,-0.0418203584849834,0.0058603822253644,-0.147153303027153,0.0487800277769565,-0.2689846754074096,-0.0337373949587345,-0.2643469572067261,0.8975634574890137,-0.397274911403656,-0.6965116262435913,-0.0388215407729148,-0.0145145282149314
-0.0236848462373018,-1.622408747673035,-4.650820483220741e-05,0.0028227074071764,-0.0636663362383842,0.1794288903474807,0.0683336704969406,-0.0856926366686821,0.0427131429314613,-0.1076267585158348,-0.2101151198148727,-0.0605015493929386,0.0237884856760501,-0.1201138123869896,-0.0482217632234096,0.1883734464645385,0.00486476207152,-0.2601272463798523,-0.1982359439134597,-0.4208034574985504,-0.7696797847747803,0.0102217523381114,-0.0145145282149314
0.0112888989970088,0.6370607018470764,4.180361429462209e-06,0.0028957903850823,0.1868943274021148,-0.0900688394904136,-0.283314973115921,-0.0413857884705066,0.0051403469406068,0.0106670930981636,-0.0472860522568225,0.4555822610855102,0.0450723581016063,0.2302041351795196,0.0385542698204517,-0.1051433458924293,0.0790209546685218,-0.0108586912974715,-0.0493131838738918,-0.4877234697341919,-0.6819199323654175,0.0281490329653024,-0.0145145282149314
-0.0423519983887672,-1.7712669372558594,-4.90526290377602e-05,0.0012181233614683,-0.0444022938609123,-0.017215421423316,-0.1818783581256866,-0.1112313121557235,-0.0275895055383443,0.0052379914559423,-0.1730261445045471,-0.1488970220088958,0.06358602643013,-0.1089239791035652,0.1428069919347763,-0.171533390879631,-0.0631608664989471,-0.4587790369987488,-0.2223957479000091,0.6030759811401367,-0.1189043670892715,-0.0212048701941967,-0.0145145282149314
-0.0401443913578987,1.03800630569458,-2.214385312981904e-05,-0.0084281284362077,0.0346831791102886,-0.0034817401319742,-0.4073004424571991,-0.021966028958559,0.0379601567983627,0.0809966474771499,0.061748269945383,-0.0633789896965026,0.0164830517023801,0.0809393897652626,0.0492321774363517,0.0256352331489324,-0.0148738697171211,0.0073807924054563,-0.0006903018220327795,0.8168403506278992,1.3098962306976318,-0.0212987642735242,-0.0145145282149314
0.0259106829762458,0.8913218975067139,-3.482485772110522e-05,-0.0033523505553603,-0.3238882720470428,0.1982657313346862,-0.1909562796354293,0.2172294408082962,-0.0178235229104757,0.0717565566301345,-0.1649586707353592,-0.0266984142363071,0.1038038283586502,-0.1180099323391914,-0.0093717034906148,0.0951191857457161,0.0517178289592266,-0.0391498357057571,-0.0241427738219499,-0.5557531118392944,-0.7565284371376038,0.0128654530271887,-0.0145145282149314
-0.012018060311675,1.0979024171829224,-2.1665859094355252e-05,0.0029572048224508,-0.0376330241560936,0.0318457745015621,-0.0933763980865478,0.054896030575037,-0.0140678258612751,-0.0175070408731699,-0.1900940090417862,-0.0332391746342182,-0.02312140353024,-0.017603738233447,0.0496679246425628,0.0595688149333,-0.0406386069953441,0.1127118542790412,0.0224840007722377,0.6940172910690308,0.9398460984230042,-0.0071314009837806,-0.0145145282149314
0.0431880578398704,-0.8446072340011597,-2.5177389034070075e-05,0.0031068020034581,-0.0260809231549501,0.1393772065639495,-0.0045082899741828,-0.0998531281948089,-0.0309522897005081,0.0854954719543457,-0.2171784490346908,-0.0247710347175598,-0.0910440981388092,-0.097189612686634,0.0092057865113019,0.100890889763832,-0.0153082432225346,-0.2281245440244674,-0.1818887144327163,-0.4655418694019317,-0.7002891302108765,0.0257043950259685,-0.0145145282149314
-0.0091723557561635,0.6429868340492249,-2.75787097052671e-05,0.0017389606218785,0.0293277241289615,0.0211915429681539,0.0668724551796913,0.143229991197586,0.0477457419037818,0.0045568854548037,0.277379423379898,0.0348760671913623,0.0382577627897262,0.0864096283912658,0.0389207191765308,-0.0328742004930973,-0.0516779422760009,0.219551220536232,-0.0514422394335269,0.5953260660171509,2.654510259628296,-0.0256976075470447,-0.0145145282149314
-0.0054737403988838,-1.1907612085342407,-0.0001836576557252556,-0.0106201041489839,-0.1431081593036651,-0.0509108081459999,0.0949163809418678,-0.0856256633996963,-0.0140442280098795,0.0902774408459663,-0.1037973314523696,-0.0128959221765398,-0.0136501677334308,-0.1393845081329345,-0.136311188340187,-0.0760217159986496,-0.1091195195913314,0.2499096244573593,0.4942152500152588,-0.4945990741252899,-0.8075579404830933,-0.0592654831707477,-0.0145145282149314
-0.0311000868678092,0.7751229405403137,-3.398181434022263e-05,0.0043832343071699,-0.0818699523806572,0.0280886609107255,-0.1536385715007782,0.2368650436401367,-0.015905337408185,-0.0005768841947428882,0.2415960878133773,0.2170982956886291,-0.0025415220297873,0.0919488966464996,0.0482415147125721,0.3095310628414154,-0.0337364673614501,0.0291252769529819,-0.0374118462204933,0.560397744178772,-0.2102255374193191,0.0323471166193485,-0.0145145282149314
0.0911296084523201,1.0368491411209106,-8.578757842769846e-06,0.0102722942829132,0.0550776086747646,0.1288983225822448,-0.3813264667987823,0.1367333531379699,-0.0589688718318939,0.0618026852607727,0.2894419431686401,0.1158545315265655,0.0032749662641435,0.0924481526017189,0.1459265053272247,-0.2209738492965698,-0.0031839809380471,0.4788049459457397,-0.0013241267297416,0.5819582343101501,-0.0502853617072105,-0.0084750587120652,-0.0145145282149314
-0.0384549461305141,-1.0063374042510986,2.995810064021498e-06,0.0016276953974738,-0.1491667628288269,0.0814766660332679,0.2247989326715469,-0.0837315618991851,-0.0461999326944351,-0.1853067278861999,-0.215044155716896,0.1707313060760498,0.0301479138433933,0.1763156652450561,-0.0312300622463226,0.1590060740709304,-0.0207520946860313,0.7067949175834656,0.4207496345043182,-0.4688241481781006,-0.6070192456245422,0.00014222305617295206,-0.0145145282149314
-0.0213151630014181,-0.2569083273410797,-1.382059053867124e-05,0.0037192970048636,-0.0537199489772319,-0.0222208835184574,-0.0890307128429412,0.0273289792239666,-0.1033572778105735,-0.0016058018663898,-0.0174969471991062,-0.0592511557042598,-0.0012132776901125,0.0864505767822265,-0.0429632440209388,0.2924652099609375,-0.0543142892420291,-0.0682590454816818,-0.0031723110005259,0.6712655425071716,1.398479700088501,0.0642909258604049,-0.0145145282149314
0.0709480047225952,0.3410381078720093,-6.178603507578373e-05,0.0030254619196057,-0.1372036039829254,0.0268952902406454,-0.0313412956893444,-0.038151666522026,-0.005278353113681,-0.0530363768339157,0.237604334950447,-0.0336542427539825,-0.0020678627770394,-0.1039843261241912,0.0365962348878383,-0.0966730192303657,-0.0612057857215404,-0.3018144071102142,0.0542207732796669,-0.5193511247634888,-0.7429749369621277,0.0032851914875209,-0.0145145282149314
0.0445073954761028,0.7606531381607056,2.242566552013159e-06,-0.0076684728264808,0.1877247244119644,-0.015748156234622,0.3675935566425323,0.1009493693709373,-0.0317788906395435,0.0119555406272411,0.0516557730734348,-0.0576095096766948,0.020001733675599,-0.0585004687309265,-0.0087112663313746,0.0911799967288971,0.0298824571073055,-0.0532413683831691,0.0005855326307937503,-0.5625720024108887,-0.7075749635696411,-0.0039493688382208,-0.0145145282149314
0.0202263705432415,-1.5797346830368042,-0.003184363245964,-0.0019001960754394,-0.0951877608895301,0.2464200109243393,-0.1580728441476822,-0.118033230304718,0.1587787270545959,0.0434126034379005,-0.25777468085289,-0.0603154338896274,-0.020362140610814,-0.1539792865514755,0.0084648011252284,0.0615907981991767,0.0192446485161781,-0.0611484982073307,-0.0531077422201633,-0.5099583268165588,-0.7926018238067627,0.0280569549649953,-0.0145145282149314
-0.0070347636938095,-1.780642867088318,-9.27949877223e-05,0.0026214693207293,-0.0996429845690727,0.0523543022572994,-0.0718130767345428,-0.1449373811483383,-0.0204313360154628,0.0468073785305023,-0.1037803217768669,-0.063464418053627,-0.0342935360968112,-0.1846534609794616,-0.0750617310404777,-0.313292533159256,-0.0575461909174919,-0.3055112361907959,-0.1952103525400161,-0.4142533838748932,-0.7983124256134033,-0.0332382023334503,-0.0145145282149314
-0.0294917933642864,-1.2784613370895386,5.072762724012137e-05,-0.0024385736323893,-0.1021691933274269,0.129371628165245,0.3663583397865295,0.1910412460565567,-0.0248487275093793,-0.2876462042331695,0.0904644280672073,0.3428867757320404,0.1162680834531784,0.3230229020118713,-0.0064647528342902,0.0600684285163879,0.0104421041905879,-0.0151941180229187,0.0231106672435998,-0.4555259346961975,-0.6589537262916565,0.0326655879616737,-0.0145145282149314
-0.011761724948883,-0.0134217860177159,-2.551051147747785e-05,0.0019274742808192,-0.0317263752222061,0.0449776686728,0.0609644278883934,0.3230814337730407,0.002852592151612,-0.0353257209062576,0.1913021653890609,-0.029343906790018,0.0097106443718075,0.0356790535151958,-0.0021288408897817,-0.058321863412857,-0.061683252453804,0.1459153145551681,0.23213991522789,0.6972484588623047,1.9975944757461548,-0.0337163619697093,-0.0145145282149314
0.0162973701953887,-1.4002732038497925,-6.831680366303772e-06,0.0037661849055439,-0.0385439023375511,0.0258468091487884,0.4368428587913513,0.3177356123924255,-0.0068880137987434,-0.1596556454896927,-0.1293925940990448,0.0081986468285322,0.0556635521352291,-0.0064107137732207,0.0002596492413431406,0.3903694450855255,-0.1196084767580032,-0.302087128162384,-0.014494203031063,-0.4290926158428192,-0.5980191230773926,0.0164452530443668,-0.0145145282149314
-0.0040696030482649,0.874854564666748,-1.4176006516208872e-05,0.0020450851880013,-0.0208818838000297,0.0254722144454717,-0.0803584977984428,0.2686514556407928,-0.0273926574736833,0.0104441978037357,0.199458435177803,-0.0459798797965049,0.0463955886662006,0.081044040620327,0.0640606060624122,0.0277545005083084,-0.0341902524232864,0.254739761352539,-0.0551867820322513,0.5838120579719543,2.5295727252960205,-0.0024532957468181,-0.0145145282149314
0.0867793709039688,-1.107674241065979,-1.1101852578576654e-05,0.0018052379600703,0.0268633719533681,0.079346090555191,0.039062850177288,0.0028817632701247,-0.0233021453022956,-0.0381236597895622,0.0275768470019102,-0.0438359379768371,-0.0536784864962101,-0.0139962760731577,0.0754316076636314,0.3646020293235779,-0.1122725084424018,-0.3281729221343994,-0.2153262197971344,0.6816570162773132,0.9030823707580566,0.0386879183351993,-0.0145145282149314
0.032401755452156,0.0087143434211611,0.0004468434490263462,-0.0186275281012058,-0.0383869521319866,-0.0304128695279359,-0.1160766035318374,0.0126313036307692,-0.1259060800075531,-0.102904736995697,-0.221302255988121,0.071281798183918,-0.0228197779506444,-0.0469801239669323,0.0660371109843254,0.0234282780438661,0.0115720368921756,-0.0347769483923912,-0.008454468101263,-0.5635303258895874,-0.8542621731758118,0.022890169173479,-0.0145145282149314
0.0081826178357005,-2.1786468029022217,-2.4836554075591263e-05,0.0001818549062591046,0.0985019877552986,-0.1554183065891266,0.0582042410969734,-0.0276481676846742,0.0665965005755424,0.1784165352582931,0.1462441682815551,-0.0435789600014686,-0.0149791426956653,-0.2119780033826828,-0.0499740950763225,-0.1430319547653198,0.016059435904026,-0.3388290703296661,-0.075251005589962,-0.4287197887897491,-0.7123420834541321,-0.0419319719076156,-0.0145145282149314
-5.2292991313152015e-05,0.8133894801139832,-3.801432467298582e-05,0.0043375054374337,0.0182658154517412,0.1621966660022735,-0.060882993042469,0.1087779328227043,0.0079685933887958,0.0354525409638881,0.021502872928977,0.0232723839581012,0.0394386425614357,-0.003227919107303,0.0115914763882756,0.1440804153680801,-0.1958785057067871,0.2330022901296615,0.0726994574069976,0.6070670485496521,1.5649497509002686,0.0284424759447574,-0.0145145282149314
0.0011502056149765,-2.1480517387390137,-0.000225921452511102,-0.0027970874216407,-0.1363885104656219,0.2610202431678772,0.1047673299908638,0.0178418811410665,0.0118381856009364,0.0483090132474899,-0.0235816501080989,0.0033338984940201,-0.0623780861496925,-0.1127190068364143,-0.0378016233444213,0.0497375391423702,0.0305747967213392,-0.0291169006377458,-0.0529669895768165,-0.5174664258956909,-0.8068667054176331,0.0275352764874696,-0.0145145282149314
0.0229361578822135,0.4908961653709411,-9.024253813549876e-06,0.0025299713015556,0.1754490286111831,0.1438843607902526,0.231993556022644,-0.0610405765473842,0.0222668163478374,-0.1825093924999237,-0.2566390633583069,0.1132839173078537,0.0318366028368473,0.1418193280696869,0.0144478967413306,0.0209051351994276,0.0075580170378088,-0.4074352085590362,-0.1327751874923706,-0.4903490841388702,-0.6916020512580872,0.0189057067036628,-0.0145145282149314
-0.0184271074831485,-1.5867133140563965,5.269015673547983e-06,0.0004275694082025439,0.0084506496787071,-0.1411947906017303,0.3802455365657806,-0.2153310477733612,-0.0007128899451345205,-0.3086215257644653,-0.2672740519046783,0.0050522107630968,0.000526587653439492,0.097584418952465,0.031781118363142,-0.2812021374702453,-0.0860167518258094,-0.2796615958213806,-0.1784197986125946,-0.397082507610321,-0.6725187301635742,-0.014486527070403,-0.0145145282149314
0.057129219174385,1.0423643589019775,-8.381477528018877e-06,0.0043126582168042,0.189981609582901,0.2894904613494873,-0.400758296251297,-0.1083505004644393,0.0030282838270068,0.0350011065602302,0.017456192523241,0.2868199944496155,0.0327184163033962,0.1997521668672561,-0.0144153460860252,-0.165968582034111,0.0322772674262523,0.5790492296218872,-0.0557509288191795,-0.3933447599411011,-0.5346012115478516,-0.005491548217833,-0.0145145282149314
0.0322433747351169,-1.2115325927734375,0.00044684240128844976,-0.0133754201233387,-0.0480098985135555,-0.0145568922162055,-0.1470437496900558,-0.1021818816661834,-0.1442314237356186,-0.1471978574991226,-0.2272553294897079,0.0061985189095139,-0.0167097356170415,-0.09990094602108,-0.0018486544722691,-0.0165699515491724,0.0155703835189342,-0.021356726065278,0.0096055213361978,-0.528372585773468,-0.830510675907135,0.0042434236966073,-0.0145145282149314
0.0212505031377077,0.9679624438285828,-8.829865691950545e-06,0.000970476190559566,0.0234626308083534,0.0669273808598518,0.134345456957817,-0.0294268038123846,0.0113570522516965,-0.2698194980621338,-0.1784296482801437,0.1394218653440475,-0.0226739700883626,0.0753990709781646,-0.0450616739690303,-0.0958250537514686,0.0815431475639343,0.2707884311676025,-0.0254076328128576,0.7564162015914917,2.442983388900757,0.00016925092495512217,-0.0145145282149314
-0.0064325877465307,0.4319382309913635,-3.885283513227478e-05,0.0021131508983671,0.0026127877645194,0.0181628260761499,0.1000764891505241,0.4602417647838592,-0.0250795558094978,-0.0227282717823982,0.2368428409099578,-0.0002264509093947709,0.053736750036478,0.088504634797573,0.0748246684670448,0.0009106303914450108,0.0049392217770218,0.1283753365278244,-0.0066412165760993,0.5947116613388062,1.676174521446228,-0.0026673106476664,-0.0145145282149314
-0.045852918177843,-0.1745907664299011,-9.878058335743845e-06,-0.0042880284599959,-0.0832142308354377,0.0056771375238895,0.2356861531734466,-0.0631189122796058,0.0706028938293457,-0.0033316682092845,0.2411275804042816,0.2479110211133957,-0.0487229637801647,0.1098557859659195,-0.0431369990110397,0.0498946346342563,0.0261521954089403,-0.0346562266349792,-0.024593036621809,-0.560512125492096,-0.7328460216522217,0.0275572966784238,-0.0145145282149314
0.0482672378420829,0.3881195783615112,-5.902544944547117e-05,0.0029891792219132,-0.1394743919372558,0.0936772599816322,0.1879203021526336,-0.1278573870658874,0.0105232540518045,0.0032176275271922,-0.1335468292236328,-0.0144980140030384,-0.0096712922677397,-0.1012445092201232,0.0059405378997325,0.0514207035303115,0.0057901889085769,0.7131693959236145,0.2380178272724151,-0.5059586763381958,-0.7008205652236938,0.0424907468259334,-0.0145145282149314
0.005241981241852,0.5933582186698914,-7.929254934424534e-06,0.0135315544903278,0.116238810122013,-0.2172746211290359,0.2264332026243209,0.1137272343039512,-0.0118638379499316,-0.2292576432228088,0.2050763070583343,0.0182679872959852,0.0874111354351043,-0.0125128887593746,-0.0485193505883216,0.2672033309936523,0.0225804820656776,0.7024130821228027,0.1015076041221618,-0.4111690819263458,-0.6246286630630493,0.0588697455823421,-0.0145145282149314
0.0490794777870178,1.1177728176116943,-8.153863745974377e-06,0.0098134847357869,-0.0795695334672927,0.2225864678621292,-0.2552234530448913,-0.151533767580986,-0.0005451911129057407,0.0662312880158424,0.2689307928085327,-0.0082961395382881,-0.0564890950918197,0.1367448568344116,0.00010780582670122384,-0.4178871810436249,0.0286877676844596,-0.3082110583782196,-0.0650007054209709,-0.5205119848251343,-0.7419440746307373,-0.0494592003524303,-0.0145145282149314
-0.0053170849569141,0.3697992265224457,-3.2868803828023374e-05,0.0040694926865398,-0.0098965428769588,0.0448086485266685,-0.3416330516338348,0.3017189502716064,-0.0133588891476392,0.0288757104426622,0.2402746528387069,0.1936015337705612,0.0038456381298601,0.0948817133903503,0.0205258168280124,0.1330888569355011,-0.0433378815650939,0.0317783951759338,-0.0345208942890167,0.5805463194847107,1.1199902296066284,0.0022732773795723,-0.0145145282149314
0.0438200496137142,-0.2721784710884094,4.483481461647898e-07,0.0019519890192896,-0.0192706920206546,-0.0985387414693832,-0.0805588141083717,-0.0254756826907396,-0.0068666669540107,0.0918596386909484,-0.0688744336366653,-0.0673286169767379,-0.0154256094247102,0.1300727427005767,-0.0629485324025154,-0.0736439004540443,-0.0117781572043895,0.3512130379676819,0.3282538056373596,0.7712719440460205,0.5266509652137756,0.0013342921156436,-0.0145145282149314
-0.0829647257924079,0.5884872078895569,-2.045426663244143e-05,0.0063838050700724,-0.1555690020322799,0.0638362094759941,0.1545117646455764,0.4653769433498382,-0.0096224816516041,0.0043895612470805,0.2417564839124679,-0.0215081740170717,0.0275201816111803,0.0525898821651935,-0.0050620543770492,0.0464099273085594,-0.0401581488549709,0.4201728999614715,-0.0762809067964553,0.5563028454780579,-0.1861808449029922,0.0036669794935733,-0.0145145282149314
0.0270900856703519,0.8617578744888306,-2.615646371850744e-05,0.0038929388392716,-0.0104318456724286,-0.2836521863937378,0.1775352954864502,0.0975016206502914,0.0349765494465827,0.0195814818143844,0.2266589105129242,0.0031152563169598,-0.0166687723249197,0.0313326530158519,0.0527947433292865,0.0500537306070327,0.0024344117846339,0.0946447923779487,0.0251018237322568,0.6119651794433594,0.2517168223857879,0.0394897870719432,-0.0145145282149314
-0.0172567814588546,-0.0522264949977397,-3.83359583793208e-05,0.0165628492832183,0.0556580275297164,-0.2987459301948547,-0.0275174863636493,-0.0464112646877765,-0.0815384611487388,-0.0111633911728858,-0.1237432062625885,-0.1642231494188308,-0.0009831286733970046,-0.1596425622701645,-0.0520789548754692,-0.042166244238615,-0.0426451377570629,0.0836754739284515,0.4254368841648102,-0.516401469707489,-0.714549720287323,0.0413907170295715,-0.0145145282149314
0.034865241497755,0.9264031648635864,4.306621121941134e-06,0.0023835150059312,-0.0716084912419319,-0.0806962102651596,0.4899269640445709,0.0441957004368305,-0.0497373230755329,-0.2936564683914184,0.0601097829639911,-0.0341962203383445,-0.0298299361020326,0.0477788336575031,-0.0440475679934024,-0.1836842149496078,0.0773104503750801,0.5453203916549683,0.1615558266639709,0.5707844495773315,1.3503745794296265,-0.020925024524331,-0.0145145282149314
-0.056631650775671,0.1648755818605423,-2.143919482477941e-05,0.0024651607964187,0.021306712180376,0.0552220866084098,-0.008267450146377,0.5381209254264832,-0.0517506636679172,-0.0038119102828204,0.1963527947664261,-0.0160919073969125,-0.0206007286906242,0.0015320751117542,-0.043822955340147,0.0842333659529686,-0.0130341378971934,0.3909465372562408,-0.1084168702363967,0.6242039203643799,1.090579628944397,0.0334683395922184,-0.0145145282149314
-0.0232558026909828,1.1071125268936155,-2.250543911941349e-05,0.0035145338624715,-0.0299088340252637,-0.1106626093387603,-0.1505373120307922,0.0994013398885726,0.0448797680437564,0.1943725049495697,-0.1849730461835861,-0.068369410932064,0.0045894533395767,-0.0221796780824661,-0.0179659519344568,-0.0544598624110221,0.0456805676221847,0.5679818987846375,-0.1162474304437637,0.6540202498435974,0.3181144297122955,0.007945267483592,-0.0145145282149314
0.0059128571301698,0.6236276030540466,0.000225766736548394,-0.0077318134717643,0.0109925149008631,-0.1563542187213897,0.5478119254112244,-0.0685533285140991,0.3230587840080261,0.0493890419602394,-0.1250418573617935,-0.0339010991156101,-0.031157037243247,-0.0076169143430888,-0.045415848493576,0.1298575848340988,0.032716829329729,-0.0390024967491626,-0.0179288871586322,-0.5366073250770569,-0.7362145185470581,0.0046491171233356,-0.0145145282149314
0.0402413085103035,-2.119553565979004,0.0011263102060183,-0.0032861158251762,-0.0218916479498147,-0.0463446080684661,-0.1360213011503219,0.2096896916627884,-0.1073017194867134,-0.1416550129652023,-0.1830782145261764,-0.0325702540576458,-0.0522446706891059,-0.1076782345771789,-0.0217103622853755,-0.018404820933938,0.0084413290023803,-0.0361612997949123,-0.0839217826724052,-0.5132383704185486,-0.8496905565261841,0.0088093737140297,-0.0145145282149314
-0.0291972272098064,0.3649945557117462,-6.467260391218588e-06,0.0027849890757352,-0.0624991618096828,-0.014818643219769,0.2533703744411468,0.0404323600232601,-0.035411711782217,0.0655082911252975,0.1314355880022049,0.2739864587783813,0.0183294042944908,0.0641956850886344,-0.0254748295992612,0.1404940634965896,-0.0255998261272907,0.0707447305321693,-0.0511753186583519,0.6739100217819214,0.9598363637924194,0.0230185985565185,-0.0145145282149314
-0.0210269056260585,-1.344862699508667,-1.685346069280058e-05,0.0008592521771788597,-0.0099010430276393,0.1690640747547149,0.1528112590312957,-0.1275967210531234,-0.0031979086343199,-0.3537504076957702,-0.3159928321838379,-0.0008883076952770352,0.0906413048505783,-0.0240118447691202,0.0172264017164707,0.0008190694497898221,0.038635466247797,-0.325236827135086,-0.198500171303749,-0.3857229053974151,-0.6063622236251831,0.0379000268876552,-0.0145145282149314
0.0149617418646812,-1.981403470039368,-9.106802463065831e-05,0.001271913642995,-0.0713514611124992,-0.0372550673782825,0.2561192214488983,-0.1121575906872749,-0.0116532789543271,0.0466435551643371,-0.2643153071403503,-0.0255210772156715,-0.0760218575596809,-0.1288137733936309,0.0088114123791456,-0.209554374217987,0.0317895077168941,0.6747794151306152,-0.1479644328355789,-0.5143131017684937,-0.7878491878509521,-0.0473830997943878,-0.0145145282149314
0.0415700115263462,-1.9726693630218504,-5.192370736040175e-06,9.10420494619757e-05,-0.0132697662338614,-0.1474834680557251,0.2236080765724182,0.0591545701026916,-0.0428496412932872,-0.0608809553086757,-0.0371974073350429,-0.0437744930386543,0.1013087928295135,0.1684679687023162,-0.0434831120073795,-0.0382274538278579,-0.0098695755004882,-0.2623772919178009,0.0161891710013151,-0.4280213713645935,-0.71211838722229,-0.0041448096744716,-0.0145145282149314
0.0073237959295511,0.6636571288108826,-2.030892937909812e-05,0.002655052114278,0.0068013458512723,-0.0060852686874568,0.0133093688637018,0.203321024775505,0.0700752660632133,0.1929911971092224,0.2245080769062042,-0.0077698389068245,0.023642050102353,0.0511945113539695,0.001422612578608,0.0442566648125648,-0.0780820474028587,0.3920174241065979,0.1429366469383239,0.6255950927734375,1.4363503456115725,-0.0139674274250864,-0.0145145282149314
0.0430337265133857,-1.6319841146469116,-5.357602640287951e-05,0.0060198111459612,0.2076862305402755,0.045314572751522,-0.3702326714992523,-0.0602205768227577,-0.025486908853054,0.1677979081869125,-0.2898607552051544,0.0093227317556738,0.1015859395265579,0.0994300171732902,-0.0625345259904861,-0.1632308512926101,0.0486002564430236,-0.3396984040737152,-0.1351334303617477,-0.4141117632389068,-0.6389696002006531,-0.0591826327145099,-0.0145145282149314
0.0064466148614883,0.2331750988960266,-1.192636409541592e-05,0.0030922426376491,-0.0446063391864299,-0.0217443760484457,0.1332280337810516,-0.0273959506303071,0.0478308014571666,-0.1639067977666854,0.1856871098279953,0.2737177014350891,0.0609205029904842,0.0455357357859611,0.0324466973543167,-0.13520348072052,0.0667393952608108,-0.5183379650115967,-0.0516118183732032,0.6264728307723999,1.8306729793548584,-0.0121414521709084,-0.0145145282149314
0.0135472351685166,0.6679354906082153,5.885805148864165e-05,-0.0051736165769398,-0.0022794574033468,-0.0296454075723886,-0.2704943716526031,0.021322900429368,0.0130281308665871,-0.0277252476662397,-0.1491006165742874,0.1087225899100303,0.099201776087284,0.0621193759143352,0.0751460418105125,0.0744820833206176,0.0239003300666809,-0.0628870204091072,-0.0339176915585994,-0.5939392447471619,-0.8283554911613464,-0.0041307066567242,-0.0145145282149314
-0.0451702177524566,-2.0755321979522705,-7.572866161353886e-05,0.001089550438337,-0.0249092075973749,0.0609331950545311,0.0408460386097431,-0.1331834197044372,-0.0594164803624153,-0.0071767237968742,-0.3291250467300415,-0.0598407164216041,0.0257545635104179,-0.17756949365139,-0.0067178085446357,-0.0475461855530738,0.0134373763576149,-0.2906484007835388,-0.2077606618404388,-0.3911246061325073,-0.731454610824585,0.010009097866714,-0.0145145282149314
-0.0064599988982081,1.4622843265533447,-1.330804661847651e-05,-0.0389992706477642,0.0235556997358798,0.294487714767456,-0.4078733026981354,-0.1677049696445465,-0.0288786478340625,0.0481155738234519,0.0175208542495965,-0.0040418514981865,-0.0134982708841562,-0.0683536678552627,-0.0297081600874662,0.0634270012378692,0.0478162690997123,-0.0807281956076622,-0.0393497198820114,-0.4770365059375763,-0.740949809551239,0.0176382362842559,-0.0145145282149314
0.0165732260793447,0.7476869821548462,-2.290599513798952e-05,0.0059642903506755,-0.0092848893254995,-0.1766921281814575,0.1864449381828308,0.26345294713974,0.0783741176128387,0.1304353028535843,0.1941472589969635,0.0786973983049392,-0.0560881160199642,0.0611606128513813,0.0168498903512954,0.2680968642234802,0.0719204396009445,0.1127968057990074,-0.0447638668119907,0.5391976237297058,0.7547119855880737,0.0029278171714395,-0.0145145282149314
0.0134723428636789,-2.2832188606262207,-0.00024675176246091723,0.0026241512969136,0.0451710633933544,0.0165980719029903,0.3057518899440765,-0.1247571781277656,0.0272334143519401,0.1124652028083801,-0.2482409328222274,-0.0385062731802463,-0.0337345078587532,-0.1645565778017044,-0.0264524351805448,0.6429703235626221,0.0058001331053674,-0.0241981614381074,-0.0395718142390251,-0.4495096802711487,-0.6559765338897705,0.0011885293060913,-0.0145145282149314
-0.0015523042529821,1.4319783449172974,8.970870112534612e-06,0.0168538074940443,0.0858139172196388,-0.3189758062362671,-0.0428633391857147,-0.0684553012251854,-0.1129433810710907,0.1099523529410362,-0.1119313463568687,-0.0606233887374401,0.0804211050271987,-0.0631120502948761,-0.0555461086332798,0.1676281690597534,0.0103945862501859,-0.038786344230175,-0.022776536643505,-0.498818039894104,-0.6421612501144409,0.027372807264328,-0.0145145282149314
0.1261899173259735,1.498006820678711,-2.190567465731874e-05,0.0078376345336437,0.0770123526453971,0.1767188608646392,0.4797571897506714,-0.0779233500361442,0.014285416342318,-0.0950317531824112,0.1186415627598762,-0.0069665731862187,-0.0702026039361953,-0.1042455956339836,-0.0044615012593567,-0.119584172964096,0.0412230379879474,0.7837802767753601,-0.0237528253346681,-0.3747204542160034,-0.6128592491149902,0.0385723151266574,-0.0145145282149314
-0.0165628418326377,1.1385297775268557,-9.681461961008608e-06,0.0086784632876515,0.0371676832437515,0.062165692448616,0.1569886654615402,-0.2378721535205841,0.0319088511168956,0.0014732821146026,-0.4922777116298675,0.0229857359081506,-0.0469296760857105,0.1003829985857009,-0.0471289083361625,0.6689595580101013,0.0443851165473461,0.4292039573192596,-0.0378935635089874,-0.4349114596843719,-0.5778229832649231,-0.018068553879857,-0.0145145282149314
0.032390896230936,0.7030864953994751,-1.7501424736110494e-05,0.0030173228587955,-0.0395941026508808,0.0180179253220558,-0.3593471348285675,0.2777688205242157,0.0094381747767329,-0.0054178372956812,0.2430269122123718,0.0169458929449319,-0.0205119885504245,0.0511532723903656,0.0389754697680473,-0.2127759456634521,0.0955619663000106,0.5152005553245544,-0.1062047928571701,0.6328471899032593,1.540626049041748,0.0011517697712406,-0.0145145282149314
0.0626201257109642,-0.1533233523368835,-9.929217048920692e-05,0.0127000277861952,-0.0100301951169967,0.0059249089099466,0.3639663755893707,0.0117114232853055,0.0628192499279975,0.0893892720341682,0.047440517693758,-0.0208968576043844,0.0571499802172184,-0.1194822415709495,0.0233077574521303,0.0868534371256828,0.1743978708982467,0.202249675989151,0.5032986998558044,-0.4887382388114929,-0.5969268679618835,0.0294222831726074,-0.0145145282149314
-0.0810772106051445,1.1671444177627563,-9.756771760294214e-06,0.0047206254675984,0.1354105025529861,0.0316566489636898,0.2586920261383056,0.1834103316068649,-0.0355644859373569,-0.0066846488043665,0.1936794817447662,-0.0486046224832534,0.0101027088239789,0.0237939096987247,-0.0477769151329994,-0.1695821285247802,0.0153105687350034,0.4756399095058441,-0.0428388081490993,-0.4047823250293731,-0.6426050662994385,-0.0148115688934922,-0.0145145282149314
-0.0026563038118183,1.137568473815918,-1.9329636415932328e-05,-0.0051532969810068,0.0028059592004865,-0.1441400051116943,-0.1854143440723419,-0.0990246534347534,0.0412366054952144,0.0962521731853485,-0.0856316313147544,0.0279037375003099,-0.009275515563786,0.0882112309336662,0.0043121981434524,0.0177467055618762,0.0282517112791538,0.0334749445319175,-0.0341547764837741,0.7854875922203064,1.9917654991149905,-0.0270896535366773,-0.0145145282149314
-0.0401724874973297,0.467831015586853,-3.7884965422563255e-05,-0.0022535983007401,0.0073612295091152,0.0462076105177402,-0.0269020441919565,0.0934452041983604,0.0056827221997082,0.0257830545306205,-0.0951281934976577,0.2615581452846527,0.0632071793079376,0.0779395774006843,0.0602304860949516,0.0815012156963348,-0.0545285418629646,0.1251595467329025,-0.00017948111053556204,0.801353931427002,1.8101437091827397,-0.0049089519307017,-0.0145145282149314
-0.0079881818965077,1.3527326583862305,-5.196948768571019e-05,-0.017666071653366,0.0835415124893188,-0.3932199776172638,0.1727321743965149,-0.05651081725955,-0.0474922321736812,-0.0032524091657251,0.0200822595506906,-0.0443118885159492,-0.0505699068307876,-0.1345236003398895,-0.0341137573122978,0.0686443820595741,0.0067750900052487,-0.0133530823513865,-0.0237880442291498,-0.4838747382164001,-0.7403200268745422,-0.0012758451048284,-0.0145145282149314
-0.0275840610265731,-0.3812236487865448,-5.850217712577432e-05,0.0068647656589746,-0.0438013784587383,0.0419945493340492,-0.0920410826802253,-0.0498201251029968,-0.0109833590686321,0.1020549684762954,-0.1061785966157913,-0.039176233112812,0.0099861724302172,0.1722539663314819,-0.0041007343679666,0.3058488667011261,-0.0008852066821418703,0.2372856885194778,0.2145647555589676,0.6412441730499268,0.4528809785842895,0.0899707227945327,-0.0145145282149314
-0.0274247601628303,-1.755388855934143,7.647151505807415e-06,0.0034877485595643,0.0032281726598739,-0.0461091473698616,-0.3236523866653442,-0.1316676884889602,-0.0066057802177965,0.030054373666644,-0.1542931795120239,-0.0920340418815612,-0.1132517606019973,0.1365787535905838,0.0028818377759307,-0.2790285646915436,-0.0447286665439605,-0.3068514168262481,-0.144158661365509,-0.3958491384983063,-0.7274134159088135,-0.0376681834459304,-0.0145145282149314
-0.0575518980622291,1.0646661520004272,-2.0923987904097885e-05,0.0032708058133721,-0.1195974871516227,0.107267826795578,-0.1324898302555084,0.5856477618217468,-0.0086533902212977,0.0278666261583566,0.4303943812847137,0.0704143717885017,0.0142448935657739,0.2337260395288467,0.0040160692296922,-0.0380917079746723,0.0116319777444005,0.3363036215305328,0.0069608543999493,-0.3983082771301269,-0.5711250901222229,0.0080646267160773,-0.0145145282149314
0.0195124726742506,0.3547371029853821,-1.750816954881884e-05,0.0038640482816845,0.3715451955795288,-0.2183050215244293,-0.0918135493993759,-0.2229238748550415,-0.0592567063868045,0.0939220190048217,0.3783043324947357,0.1939316987991333,0.019175611436367,0.2698574066162109,-0.0172228049486875,0.3634739816188812,-0.0105069745332002,-0.1073348522186279,-0.0879446044564247,-0.4661631882190704,-0.5946381688117981,0.0193581692874431,-0.0145145282149314
-0.0530535317957401,-0.13670115172863,-1.7586244211997837e-05,0.0043487278744578,0.0615848563611507,-0.1772669553756714,-0.1798878014087677,0.0410420186817646,-0.0715431049466133,-0.0477064326405525,0.0958047658205032,-0.0781622603535652,-0.0716155096888542,0.0987745448946952,-0.0110209491103887,-0.1303920298814773,-0.0154100814834237,0.2234682887792587,0.2063882052898407,-0.4994137287139892,-0.7044327259063721,0.0083373142406344,-0.0145145282149314
-0.0454386435449123,0.7754342555999756,9.656589099904522e-06,0.0042447922751307,0.0110767111182212,-0.2441560924053192,0.1566165834665298,0.2364834994077682,0.0036602637264877,-0.0172226019203662,0.21808522939682,0.224819615483284,-0.0693169832229614,0.034846968948841,0.0788499414920806,0.0049977577291429,-0.0140363499522209,-0.543405294418335,-0.0813914686441421,0.4901831150054931,-0.1123777702450752,-0.0269740056246519,-0.0145145282149314
-0.0025052942801266,-2.1512396335601807,1.9744184101000428e-05,0.0027013241779059,0.0231113582849502,-0.082120694220066,0.168561577796936,-0.1434205770492553,-0.0544749088585376,-0.0310404263436794,-0.2725650668144226,-0.0094686085358262,-0.0753523632884025,-0.1849206686019897,-0.058532528579235,-0.089571937918663,-0.0612796694040298,-0.0773057416081428,-0.0903705134987831,-0.5365584492683411,-0.8537592887878418,-0.0112140383571386,-0.0145145282149314
0.0356249548494815,1.2474100589752195,-6.39609934296459e-05,0.0079144015908241,-0.0046713524498045,-0.2993119060993194,0.1034801453351974,-0.1274425387382507,-0.006446311250329,-0.0485694147646427,0.0957235395908355,-0.0554162636399269,-0.0045636119320988,-0.1802214980125427,0.0199468545615673,-0.2032049894332885,-0.0388463884592056,0.2201402932405471,-0.0918167605996131,-0.4765328764915466,-0.768040120601654,-0.0358609184622764,-0.0145145282149314
-0.0120914066210389,-2.2698771953582764,0.0002796082990244031,0.0048453519120812,-0.0414314419031143,-0.0694654434919357,-0.1254213750362396,-0.1142668426036834,-0.1018709540367126,-0.092233121395111,-0.2563693821430206,-0.0067652068100869,-0.040653146803379,-0.0924449935555458,-0.0037486932706087,0.026302320882678,-0.0773491486907005,-0.0408085025846958,-0.0794384181499481,-0.4766823649406433,-0.8373787999153137,0.0040433881804347,-0.0145145282149314
-0.0329098924994468,-0.7250557541847229,3.1052368285600096e-06,0.0034071854315698,-0.0099755907431244,-0.0950549766421318,0.4772698581218719,-0.030682073906064,0.061396412551403,0.2105185836553573,-0.0195255428552627,-0.0325313359498977,-0.005074268206954,0.276836484670639,-0.0621860548853874,0.6055866479873657,0.0089239105582237,-0.2495581358671188,0.1089207082986831,-0.4475715458393097,-0.5339027643203735,0.0823771879076957,-0.0145145282149314
-0.005698905326426,0.5888183116912842,-1.11312183435075e-05,0.0024695582687854,0.0040678605437278,0.0184958949685096,0.166740134358406,0.281559944152832,-0.0323206409811973,0.0215025953948497,0.2317533791065216,0.2070451974868774,0.0029077823273837,0.1067880317568779,0.0541391670703887,0.00011298275785520671,-0.0213070344179868,-0.5021899938583374,0.0011039900127798,0.6763986945152283,2.0580575466156006,-0.0238858982920646,-0.0145145282149314
0.0089965257793664,0.4080060124397278,-1.8412087229080495e-05,0.0024132023099809,0.0037316128145903,0.0575356967747211,0.0775885730981826,0.2413084954023361,0.0500981286168098,-0.0623629316687583,0.1618435680866241,0.1161670833826065,0.0321637205779552,0.1268940418958664,0.004628840368241,0.1152457520365715,-0.0632277354598045,0.4082203805446625,-0.0208286419510841,0.4957141578197479,1.1845523118972778,0.0085470713675022,-0.0145145282149314
0.0547314807772636,-0.201266348361969,-2.25518670049496e-05,0.0036302451044321,-0.0755606144666671,-0.0199970565736293,0.1532458215951919,-0.0464851111173629,-0.0079717868939042,0.0257329810410738,-0.3278148770332336,-0.0779331251978874,0.0630873143672943,-0.0014465571148321,-0.0081560714170336,0.0917693823575973,0.1387551128864288,0.4916748702526092,0.4533794224262237,-0.4696060717105865,-0.6563032865524292,0.0805118605494499,-0.0145145282149314
0.0580646470189094,-0.1896216124296188,-7.959702634252608e-05,-0.0020619519054889,0.0140074109658598,-0.0013652261113747,0.2756696343421936,0.0263015460222959,0.0168257020413875,-0.0012423559091985,-0.1806230694055557,0.0512927398085594,0.0214789733290672,0.0592729672789573,0.0980090796947479,0.0828288123011589,0.0091007510200142,0.1461573094129562,0.1121310293674469,0.8674508333206177,0.9084715843200684,-0.0038817427121102,-0.0145145282149314
0.0287310164421796,0.9711186289787292,-3.35062577505596e-05,0.0034409603103995,0.0189134217798709,-0.0782559216022491,0.0843489170074462,-0.0100468955934047,0.0608026161789894,-0.0232924781739711,0.0966654196381568,0.211886391043663,0.1257832795381546,0.0634664744138717,-0.0230312049388885,-0.0536731407046318,0.0003741460968740285,0.1737828403711319,-0.0120897646993398,0.7033586502075195,1.6278845071792605,-0.0102820293977856,-0.0145145282149314
-0.0141541017219424,1.1882247924804688,-1.7700927855912596e-05,0.0011085026198998,-0.0561129637062549,-0.0604548677802085,0.3121041357517242,-0.1383430808782577,-0.0358720868825912,-0.2514253854751587,-0.1808201670646667,0.0636787787079811,-0.0169142819941043,0.054471019655466,0.0391606837511062,-0.0830615386366844,-0.0293754879385232,0.1519748121500015,-0.1338801383972168,0.7010834813117981,0.5307008028030396,0.000108640335383825,-0.0145145282149314
-0.0154523411765694,0.6704789996147156,6.433480302803218e-05,-0.0066147637553513,-0.146492600440979,0.1150678172707557,0.4605971872806549,0.419236958026886,0.0151220662519335,-0.2760537266731262,0.4919829964637756,0.074760802090168,0.0465922951698303,0.1928834915161132,0.0135377636179327,0.1055479571223259,0.0126337520778179,-0.0095783062279224,-0.008386205881834,-0.3982488811016083,-0.5978742837905884,0.0382716059684753,-0.0145145282149314
-0.0335242822766304,0.2384471297264099,-2.120338467648253e-05,0.0043171606957912,0.0075993994250893,-0.0029722887556999,0.019944405183196,0.0336289554834365,0.1036005541682243,0.0192914828658103,0.0453420579433441,-0.0407903417944908,0.0131308548152446,0.0849919617176055,-0.0117739755660295,0.2448119223117828,-0.0266836583614349,0.0665339231491088,-0.0896507576107978,0.6888695955276489,1.367739200592041,0.0450763218104839,-0.0145145282149314
-0.0045489156618714,0.5936037302017212,-0.0001928211422637105,-0.0055320295505225,0.0012104667257517,-0.1906803399324417,-0.1831213384866714,0.0453233271837234,0.1850842982530594,0.0896171405911445,-0.1645023822784423,-0.0978238731622695,0.0844906270503997,-0.1122069060802459,-0.12518872320652,0.0460927449166774,-0.0100769521668553,0.0682676881551742,0.0093163736164569,0.843275785446167,-0.1401357203722,-0.016417758539319,-0.0145145282149314
-0.0268691387027502,0.4899332523345947,-4.2769621359184384e-05,-0.0091369589790701,-0.2962811589241028,0.0835711508989334,0.0042521422728896,-0.1061487570405006,-0.2211794257164001,0.0109994895756244,0.1336421221494674,-0.029996458441019,0.0158147104084491,-0.0618059337139129,-0.0479587912559509,0.0517677403986454,0.0193536896258592,-0.0650259479880333,-0.0223572850227355,-0.5262414813041687,-0.775121808052063,0.0221811328083276,-0.0145145282149314
0.0496006906032562,0.3284630179405212,-9.95757000055164e-06,0.0022493069991469,0.0501708313822746,-0.0074716564267873,-0.1542366296052932,0.0016851131804287,0.0123677793890237,0.0956960469484329,-0.131880834698677,0.183701142668724,0.0345927476882934,0.083063468337059,0.0626512393355369,-0.0239920262247324,-0.0164522044360637,-0.3385258615016937,-0.0544393546879291,0.7511367797851562,0.7176437973976135,-0.0016904642106965,-0.0145145282149314
0.0418667085468769,0.880698561668396,-2.9832015570718795e-05,0.0037256735377013,-0.1837505996227264,-0.0625946894288063,0.541699230670929,-0.1022226437926292,0.1062736213207244,0.0576748140156269,0.1658491492271423,-0.0624555088579654,-0.0304207503795623,0.0583426021039485,0.0205354578793048,-0.0926296412944793,0.1509978026151657,0.3164455890655517,-0.041071131825447,-0.4668114781379699,-0.7108089923858643,0.0323562659323215,-0.0145145282149314
0.0433753840625286,0.5313838124275208,1.2255746696610004e-05,0.0037952379789203,0.0093681747093796,-0.0689045265316963,0.2242703139781952,-0.0891743302345275,-0.0478826388716697,0.2062504589557647,0.054183192551136,0.3103514909744262,0.1031889915466308,0.2139036357402801,-0.0020901160314679,-0.0366958826780319,-0.0126752192154526,-0.0436535142362117,-0.0097677670419216,-0.5219526290893555,-0.7204638719558716,0.0132032111287117,-0.0145145282149314
-0.0283233094960451,0.4404918253421783,-5.33917045686394e-06,0.0023891592863947,-0.0902609452605247,-0.1536727994680404,-0.2808901667594909,-0.0310518257319927,-0.0899590849876403,0.0996725633740425,-0.1485434025526046,0.0255804732441902,-0.0450216382741928,0.0266757197678089,-0.0653227120637893,-0.0211928561329841,0.0207654647529125,-0.3278298079967499,-0.0008890275494195521,0.7592484354972839,0.9879075884819032,0.0204601194709539,-0.0145145282149314
0.0156911872327327,-1.225761651992798,-0.00016720592975616455,-0.00160335120745,-0.0104160895571112,-0.153993159532547,0.4957964718341827,0.027286784723401,0.0757191926240921,-0.2602140605449676,-0.2163969874382019,-0.0594318211078643,0.1014562249183654,-0.1137208044528961,-0.0212818626314401,0.0921010226011276,0.0584611408412456,0.0061196107417345,0.0306168515235185,-0.5141037106513977,-0.673055112361908,0.009628745727241,-0.0145145282149314
0.0060819843783974,0.7258832454681396,-1.326679193880409e-05,-0.0029427595436573,-0.0843576341867446,0.0471577644348144,-0.046868722885847,0.0388218238949775,0.0130535354837775,0.0277454741299152,-0.0559991560876369,0.2291648685932159,0.0835029333829879,0.0826241746544838,0.0218141470104455,0.0066534830257296,0.0578739307820797,0.041241355240345,-0.0587940625846385,0.7832949161529541,1.7449232339859009,0.0022502141073346,-0.0145145282149314
0.0153275663033127,-0.032895628362894,8.61564330989495e-06,0.0337993949651718,0.0905275717377662,0.0680685937404632,0.3019497096538543,-0.0442975237965583,-0.0392094179987907,0.1085414364933967,-0.100991778075695,-0.0636771246790885,-0.0448078364133834,-0.119331955909729,-0.0227944944053888,0.7302588820457458,0.0172306802123785,0.0423959195613861,-0.0102387964725494,-0.4666386544704437,-0.6356861591339111,0.0894719958305358,-0.0145145282149314
0.0818007215857505,0.5416208505630493,1.8877799448091537e-05,0.0041332989931106,-0.280130535364151,0.1464816033840179,-0.0306340139359235,-0.1088373884558677,0.0066589429043233,0.0242705699056386,-0.0389809757471084,0.2083896696567535,-0.012587365694344,0.1461487710475921,-0.0013768475037068,-0.0370164923369884,-0.0351492278277874,0.7203707695007324,0.3001050949096679,-0.4593663513660431,-0.6776180267333984,0.0211662929505109,-0.0145145282149314
-0.0088636260479688,-0.7923347353935242,-3.851522342301905e-05,0.0005790818249806762,-0.0956937000155448,-0.1210634559392929,-0.025059325620532,0.242616131901741,-0.0547321699559688,0.1310282349586486,-0.0186562910676002,0.2724742889404297,0.0053139361552894,0.2994920313358307,-0.0312440097332,0.0524192191660404,-0.0126090729609131,-0.0425757244229316,-0.0046790456399321,-0.450263112783432,-0.6782963871955872,0.0160649381577968,-0.0145145282149314
-0.0453787595033645,-1.9413753747940063,-4.434223228599876e-05,0.00126446376089,-0.0064836479723453,0.0895183458924293,-0.0656614303588867,-0.0965666398406028,0.0239243619143962,-0.1954762041568756,-0.169896975159645,-0.066690057516098,-0.0027236754540354,0.104341484606266,-0.024607989937067,0.0006729472661390901,-0.0389156378805637,-0.4085763096809387,-0.1169539466500282,0.6160815358161926,1.81204891204834,-0.003747051116079,-0.0145145282149314
-0.0271837320178747,0.191329151391983,-9.797808161238208e-06,0.0039821127429604,-0.0043471017852425,0.0437145493924617,-0.245206594467163,0.5659992694854736,-0.056375902146101,0.0334120877087116,0.2735881805419922,-0.0290263313800096,0.0635638982057571,0.0792454108595848,0.0486217439174652,0.0939226299524307,-0.024879828095436,0.3670156300067901,0.0485400781035423,0.7151312232017517,1.6704097986221311,0.0330619066953659,-0.0145145282149314
0.0183992106467485,1.0828189849853516,-3.055766865145415e-05,0.0027918526902794,-0.0392384342849254,-0.2375597208738327,0.0716931149363517,-0.0278047043830156,-0.0283991284668445,0.0253564156591892,0.1408572047948837,-0.0527518838644027,0.1384646892547607,-0.0276432018727064,0.0255037527531385,-0.1111475601792335,-0.0315694622695446,-0.5066637396812439,-0.0431714579463005,0.771435022354126,0.7843206524848938,-0.0156871508806943,-0.0145145282149314
-0.0065936199389398,-1.998829960823059,7.282686419785023e-05,0.0167637336999177,-0.0413380451500415,-0.0730168968439102,-0.1510914713144302,-0.1342140734195709,-0.1255200654268264,-0.1149279028177261,-0.256458044052124,-0.0082595683634281,-0.0595855303108692,-0.0779469460248947,-0.004722932819277,-0.0904867276549339,0.0328767970204353,-0.0569110885262489,-0.0685543715953826,-0.5120037794113159,-0.8457037806510925,4.33125751442276e-05,-0.0145145282149314
0.0033830839674919,1.130348801612854,1.778135629137978e-05,-0.0126601010560989,0.0367606617510318,-0.1109698042273521,0.4541122913360595,-0.1379307061433792,0.1088865250349044,-0.1752019226551056,-0.0846920982003212,0.0412080511450767,0.0045115011744201,0.0962895080447197,0.1682024002075195,0.0079039428383111,0.0206602737307548,0.065419465303421,0.0269097592681646,0.7457275986671448,0.0686798766255378,-0.0215150713920593,-0.0145145282149314
-0.0293798390775918,-1.851220726966858,-0.00010716317046899348,0.0004903163644485176,0.0333951227366924,0.1691419035196304,-0.0391780212521553,-0.1042050644755363,0.0289578586816787,-0.0523251295089721,-0.2845648527145386,0.036195695400238,0.0777160227298736,-0.1474042981863021,0.0648737251758575,-0.1473396569490432,0.0147319380193948,-0.3275401592254638,-0.1443139761686325,-0.3783601522445678,-0.6953713297843933,-0.0157327204942703,-0.0145145282149314
-0.0021606148220598,-1.387745976448059,-5.2416704420465976e-05,0.002590661169961,-0.0131017146632075,-0.1393459141254425,0.2400441169738769,-0.0791955664753913,-0.0526831708848476,0.1329902857542038,-0.1134817153215408,-0.0426574386656284,-0.009427954442799,0.4129419922828674,0.013922557234764,0.2171137928962707,-0.0111055225133895,0.1790250390768051,-0.048534620553255,-0.4576669037342071,-0.6424029469490051,0.0057400786317884,-0.0145145282149314
-0.0099872155115008,0.6148778200149536,-1.909262937260792e-05,-0.0135021954774856,0.2688013315200805,0.2095280885696411,-0.338916927576065,-0.1629076600074768,-0.0165316611528396,-0.0056263697333633,-0.2067268192768097,-0.0276558604091405,-0.0027958375867456,0.0154337417334318,-0.0251324474811553,0.000940692494623363,0.0105036227032542,-0.0333316884934902,0.0253869984298944,-0.4795711636543274,-0.6048663854598999,0.017164260149002,-0.0145145282149314
0.000435863621532917,-0.4258427023887634,0.0002267590316478163,-0.0017485701246187,-0.1456600576639175,-0.0291696786880493,0.4312634170055389,-0.0515256002545356,0.1626593172550201,-0.1058229282498359,-0.3001906275749206,0.0561155639588832,-0.0519756823778152,-0.0783931240439415,0.0322956405580043,0.1403032690286636,0.0438573472201824,-0.0253815483301877,-0.0209452137351036,-0.5565384030342102,-0.7196472883224487,0.0187576357275247,-0.0145145282149314
-0.0185297634452581,-1.2018063068389893,-1.858510950114578e-05,-0.0021360556129366,0.1488842517137527,0.0719137191772461,-0.1900184750556945,-0.1333537548780441,-0.0284929182380437,-0.090963490307331,-0.3084710538387298,0.002702330937609,-0.0032738894224166,0.1141786202788353,-0.0192913468927145,-0.2742386162281036,-0.0104526802897453,-0.2782796323299408,-0.1938496381044387,-0.4137074947357178,-0.666968822479248,-0.0027437638491392,-0.0145145282149314
-0.0064431698992848,-1.9469536542892456,-0.0005160219152458012,-0.0076476302929222,-0.0627608448266983,-0.048216812312603,-0.0538650527596473,-0.0565940886735916,0.0351821407675743,-0.1852747946977615,-0.163815751671791,-0.0206285715103149,-0.0080334264785051,-0.14059878885746,-0.0278893206268548,-0.1685163378715515,-0.0133979357779026,-0.3763685524463653,-0.138008639216423,-0.4079381823539734,-0.7843970060348511,-0.0152889089658856,-0.0145145282149314
0.0214549899101257,1.11965012550354,-8.371109288418666e-06,0.0031542074866592,-0.0884088352322578,0.0202297400683164,-0.0967853888869285,0.1203575208783149,-0.0076026376336812,0.157405212521553,0.2389007359743118,-0.0376265458762645,0.0591699108481407,0.0521346777677536,-0.0309243258088827,-0.237729400396347,0.0363987982273101,-0.2344826310873031,-0.0201048944145441,0.6662971377372742,1.8423309326171875,0.0065740877762436,-0.0145145282149314
-0.0042114499956369,0.0444445684552192,0.0014566624304279,0.0393845401704311,-0.0625502541661262,-0.0190350711345672,-0.0792761594057083,0.0289925727993249,-0.1200243979692459,-0.1444025337696075,-0.1931882947683334,0.0111160520464181,-0.0192868635058403,-0.0809286907315254,0.0270401686429977,0.0021995936986058,-0.0150582902133464,-0.0315493457019329,-0.0177999287843704,-0.6213480830192566,-0.8403164148330688,-0.0360844396054744,-0.0145145282149314
-0.0388821475207805,-1.7009249925613403,-2.801304799504578e-05,0.0027716681361198,0.0522243082523345,0.0757950469851493,-0.0433602929115295,-0.1389930099248886,-0.0498195402324199,0.0356529764831066,-0.2925630211830139,-0.0580645352602005,0.0243384502828121,-0.1248067468404769,-0.0331693962216377,-0.2531132996082306,-0.0160034485161304,-0.2929726243019104,-0.2074418365955352,-0.3816421329975128,-0.7141510844230652,-0.0160882845520973,-0.0145145282149314
-0.0203602910041809,-1.5150099992752075,2.6921654352918267e-05,0.0051451288163661,-0.0439016483724117,-0.0151537517085671,-0.172752633690834,-0.1062917187809944,-0.0954382866621017,-0.1784931123256683,-0.3385942578315735,0.0043013165704905,-0.0255666989833116,0.112534187734127,0.0004486548714339733,-0.1282157748937606,-0.0507512651383876,-0.2678807079792022,-0.163535937666893,-0.4132352471351623,-0.7348948121070862,0.0153721394017338,-0.0145145282149314
-0.0360135771334171,0.801256000995636,-2.307279646629468e-05,0.0025142109952867,-0.0213810373097658,0.0172095373272895,0.1202983036637306,0.221852108836174,-0.0159180108457803,0.0123092662543058,0.2417633831501007,0.1029009371995925,-0.0592325516045093,0.0893373191356659,-0.0409786365926265,-0.0141526609659194,0.0385531336069107,0.3329728245735168,-0.0137814013287425,0.5350925922393799,0.9502611756324768,0.0130944363772869,-0.0145145282149314
-0.012433223426342,0.871059238910675,-5.927043093834072e-05,0.0029601329006254,-0.0130022633820772,-0.0464373268187046,0.082690492272377,-0.0371095985174179,0.0017189409118145,0.1024084612727165,0.192680686712265,0.0971436500549316,0.0079272221773862,0.0713152959942817,0.0320384316146373,0.0509376376867294,-0.0488051287829875,0.1762368530035019,-0.0292052403092384,0.7312760353088379,2.318589925765991,-0.0019045046065002,-0.0145145282149314
0.0401693396270275,-1.5503604412078855,-3.753587952814996e-05,0.004530465696007,0.1221922859549522,0.0007835325668565929,-0.1304195821285247,-0.0235758051276206,0.0312372185289859,0.0585576742887496,-0.2484007179737091,0.094698891043663,0.0250322874635458,0.0964733138680458,-0.0379620157182216,0.6065360307693481,-0.014393676072359,-0.1132386624813079,-0.0733693987131118,-0.3990096151828766,-0.6263783574104309,-0.0011648740619421,-0.0145145282149314
-0.0454661473631858,0.9634108543395996,3.0394483474083245e-05,0.0062080649659037,-0.0046814274974167,0.0186626184731721,0.22991943359375,0.0566714219748973,-0.064686007797718,0.0464427918195724,-0.0323387086391449,-0.0881198719143867,-0.0396418944001197,-0.1281549483537674,-0.0229491051286458,-0.2443889677524566,-0.0593884959816932,-0.096414603292942,-0.0284073967486619,-0.5928572416305542,-0.8074519634246826,-0.0911314040422439,-0.0145145282149314
-0.04393907263875,0.498501569032669,-2.559251879574731e-05,0.0064037954434752,-0.0403710082173347,-0.0454986244440078,-0.0714147239923477,-0.0449539199471473,-0.0160818602889776,-0.0311976596713066,0.1111269071698188,-0.0180617589503526,0.032643087208271,0.0337679684162139,0.0679011866450309,0.1405688673257827,-0.0511576309800148,0.4069554209709167,0.0384529083967208,0.6762055158615112,-0.0491433665156364,0.0318452939391136,-0.0145145282149314
-0.1422962695360183,0.9522154331207277,6.020818545948714e-07,0.0049813683144748,-0.0441436432301998,0.0408606082201004,0.3673592209815979,-0.0780749768018722,-0.0185894984751939,-0.1609122604131698,-0.1011877208948135,-0.0298837330192327,-0.1181227564811706,0.0518135912716388,0.0486810095608234,-0.1538520455360412,-0.0697707086801529,0.5545138120651245,0.2188730835914611,0.68116295337677,-0.0266993753612041,-0.0259352419525384,-0.0145145282149314
0.0111453393474221,0.1212028264999389,-9.94511356111616e-05,-0.0137391733005642,0.1214150935411453,-0.2475774437189102,-0.0038425158709287,-0.1734856963157653,-0.0038402345962822,-0.0794188752770423,0.1228530034422874,-0.0496072918176651,0.0634316131472587,-0.2011861205101013,-0.0036108021158725,-0.0017498719971626,0.0196609646081924,-0.0713806673884391,-0.0359752625226974,-0.5391460657119751,-0.665095865726471,0.0055511705577373,-0.0145145282149314
0.0072913565672934,0.1052946299314498,-1.6786274500191212e-05,0.0062798825092613,-0.1709101647138595,-0.055781714618206,0.1832246631383896,-0.1094364747405052,0.1085265353322029,0.152440533041954,-0.4069478213787079,0.107722669839859,0.0086745899170637,0.0142947314307093,0.0760790631175041,0.2613122463226318,-0.0161903668195009,-0.070768192410469,0.0043699201196432,-0.5486189723014832,-0.7514510154724121,0.0101128360256552,-0.0145145282149314
0.0375914797186851,-2.117395162582397,0.0006687986897304654,-0.0027837269008159,-0.0451865382492542,-0.0823685899376869,-0.202994242310524,-0.1419081687927246,-0.1517049819231033,-0.1627008765935897,-0.2469598799943924,-0.0202915035188198,-0.0420974008738994,-0.0890904292464256,-0.0179906766861677,-0.0674495175480842,0.0095015270635485,-0.0569802038371562,-0.0686188638210296,-0.499460905790329,-0.855178713798523,0.0138935362920165,-0.0145145282149314
0.007209287956357,0.4278287291526794,1.7853926692623645e-05,0.0067805075086653,0.1618323773145675,-0.2550148367881775,0.089210569858551,-0.099722571671009,0.1786643117666244,0.1153148114681243,-0.1267939507961273,0.0703802704811096,-0.0077380775474011,0.1794379502534866,-0.0222898684442043,-0.5697634816169739,0.0599255263805389,-0.1022934317588806,0.003207822330296,-0.5452437400817871,-0.8123376369476318,-0.0403128080070018,-0.0145145282149314
-0.0242869183421134,0.5246776938438416,-2.2683401766698807e-05,0.002948521869257,-0.0094269169494509,0.0393105037510395,0.2029606699943542,0.0449143201112747,-0.0329037345945835,0.035219594836235,0.0427795611321926,0.2183333784341812,0.0183511991053819,0.1023225262761116,0.0487610213458538,0.2496373504400253,-0.0072144605219364,0.0718473717570304,-0.079367995262146,0.7135277986526489,-0.0648019462823867,0.0411751493811607,-0.0145145282149314
-0.0092440964654088,0.811307966709137,-3.2374307920690626e-05,0.0017394027672708,-0.051935851573944,-0.1092986464500427,0.1431968808174133,0.0818443447351455,0.123731754720211,-0.0479360744357109,0.1150399893522262,-0.0633391812443733,-0.0456875041127204,0.0527358017861843,-0.0391835495829582,-0.1231011003255844,-0.001191699760966,0.3025111258029938,0.0152006512507796,0.6627563238143921,1.5016729831695557,-0.051377285271883,-0.0145145282149314
-0.0220806747674942,0.7817090153694153,-1.804518251447007e-05,-0.0109087340533733,0.3752404749393463,0.2161135226488113,-0.2610470056533813,0.0554368197917938,0.0069035505875945,-0.0527583919465541,0.4172857105731964,0.0081037329509854,-0.0144746983423829,0.0717019066214561,-0.0331369452178478,0.005023805424571,-0.0084262071177363,-0.0373034514486789,-0.0420606881380081,-0.4735088050365448,-0.5007489323616028,-0.0067284009419381,-0.0145145282149314
0.0912561565637588,-0.95210599899292,-7.995615305844694e-06,0.0008038319065235555,0.1121848672628402,-0.1066397279500961,0.2068643271923065,-0.0747546851634979,-0.016492610797286,0.2056541591882705,-0.1207260116934776,-0.0158785432577133,0.0477749966084957,0.1975829750299453,0.0250237565487623,-0.3540325462818146,-0.0004844541545026004,-0.2856999337673187,-0.2326325923204422,-0.4351484179496765,-0.6068927645683289,-0.048441857099533,-0.0145145282149314
0.0171361155807971,0.219900369644165,-0.0001680722925812006,-0.0072359922342002,-0.013254465535283,-0.1656342893838882,0.261843204498291,-0.0258715189993381,-0.0713902413845062,-0.1101555824279785,-0.2130137979984283,-0.0295022595673799,-0.0149777075275778,-0.1399212777614593,-0.0090168491005897,0.1020630747079849,0.0222353916615247,-0.0371373817324638,-0.0216902028769254,-0.6061490774154663,-0.8175572752952576,0.0143472868949174,-0.0145145282149314
0.0045190830715,0.7301090359687805,-1.7668902728473768e-05,0.0038075831253081,-0.0428613983094692,-0.1838797777891159,0.2265032082796096,0.0072665787301957,-0.0556962862610816,0.0169307123869657,0.0947120711207389,-0.0067382887937128,0.0608587078750133,0.0866780057549476,0.0825144797563552,0.1370231807231903,-0.1384754925966262,0.3001987040042877,0.0674533694982528,0.6727943420410156,0.7128288745880127,0.0013492472935467,-0.0145145282149314
-0.0540737211704254,-1.8511319160461424,-6.045054760761559e-05,0.001672780024819,-0.0565410815179348,-0.0767222195863723,0.2207861542701721,0.0300155468285083,-0.0458243675529956,-0.0392464473843574,-0.279611587524414,-0.0020840668585151,0.0352744720876216,-0.0485739633440971,0.0823120847344398,-0.0440296605229377,-0.0822414755821228,0.0873012244701385,-0.0688026547431945,-0.5088410973548889,-0.7360123991966248,-0.0257530473172664,-0.0145145282149314
-0.0572708845138549,1.061302661895752,-1.5884586900938302e-05,0.0051030097529292,-0.0131748775020241,-0.0807064324617385,-0.1198356747627258,-0.0347061268985271,0.1301077604293823,0.0359244681894779,0.0594889670610427,0.0087898671627044,-0.0796509087085723,0.1044181734323501,-0.0654888227581977,-0.1098561957478523,-0.0438910387456417,0.0343364514410495,-0.0074011855758726,0.7675063014030457,-0.2345660328865051,-0.0416246019303798,-0.0145145282149314
0.0089489892125129,0.8971426486968994,-3.1473136914428324e-06,0.0035232682712376,0.0638928040862083,0.0197960101068019,-0.2129544764757156,0.0246919728815555,-0.0060287611559033,0.105839729309082,0.1881444901227951,-0.0345024615526199,0.0531762689352035,0.0393939986824989,0.0354752652347087,-0.136865496635437,0.1387022137641906,0.4879476726055145,0.1486886441707611,0.6191323399543762,2.345226287841797,0.0147252213209867,-0.0145145282149314
0.1217533648014068,1.3647571802139282,-2.2622676624450836e-05,0.0002328096888959408,-0.0169353652745485,0.1073938161134719,-0.0907879695296287,-0.1503330320119857,-0.0099790375679731,0.0276655815541744,0.1975915431976318,-0.0297765675932168,0.0537146143615245,0.0736669227480888,0.0103180902078747,-0.0526227578520774,-0.0232419203966856,0.3541231751441955,-0.0132597237825393,-0.4653285145759582,-0.630921483039856,0.0051849479787051,-0.0145145282149314
-0.0093567501753568,0.3136626780033111,-0.0003460702719166875,-0.0066658072173595,-0.0941211581230163,0.1896383464336395,0.4814517199993133,-0.0966984182596206,-0.0122559564188122,-0.1441874355077743,-0.2732678353786468,-0.0461822040379047,-0.0884638726711273,-0.1161630451679229,0.0044974163174629,0.1164834722876548,0.0312891900539398,-0.0284992679953575,-0.0063167982734739,-0.5955744385719299,-0.7717503309249878,0.0338116623461246,-0.0145145282149314
-0.036121230572462,0.7358948588371277,-1.840076583903283e-05,0.0030915765091776,0.0131367035210132,0.0250193085521459,0.2251099348068237,-0.0033353746403008,-0.0139069268479943,0.0085828676819801,0.2300353497266769,-0.0239977110177278,-0.0019300952553749,0.0858304724097251,0.0230470597743988,0.1532268524169922,0.0030379984527826,0.3405813872814178,0.0499634556472301,0.6353374123573303,2.1009082794189453,0.0247816443443298,-0.0145145282149314
0.0133219063282012,0.225636288523674,-6.67066196911037e-05,0.0060587185434997,0.1286129653453827,-0.1498329788446426,-0.0038405447266995,0.0530981197953224,-0.0006189777632243931,0.1717938333749771,0.0940759405493736,-0.0667685568332672,0.0062796468846499,-0.2232643514871597,0.1367803961038589,-0.3198003470897674,-0.0054028406739234,0.2543011605739593,-0.0992014855146408,-0.5311835408210754,-0.6705641746520996,-0.042494636029005,-0.0145145282149314
-0.0178038943558931,1.028149962425232,-3.0299037462100387e-05,0.0027331018354743,-0.0415824949741363,0.0787355452775955,-0.0308763850480318,0.2324599474668502,0.0669954270124435,0.1402290016412735,0.220831885933876,-0.0707668140530586,0.0090330680832266,0.0906271114945411,-0.0081515833735466,0.0312722064554691,-0.0111580705270171,0.2714554071426391,0.0242626722902059,0.6273632049560547,0.9370698928833008,0.0132532930001616,-0.0145145282149314
0.0254533980041742,0.1912448853254318,-4.996768257115036e-05,0.0048665218055248,-0.0511168539524078,0.0469738841056823,0.2139904052019119,-0.0191501546651124,-0.0169706344604492,0.0315883159637451,0.1019380986690521,-0.0420406088232994,-0.112902395427227,-0.2471413612365722,-0.0153159713372588,0.3466038107872009,-0.0420709252357482,-0.0441266149282455,-0.0156754273921251,-0.5010954141616821,-0.6985571980476379,0.0633761957287788,-0.0145145282149314
0.1081125140190124,-1.0685232877731323,-5.512501957127824e-06,-0.0077933762222528,0.0115614775568246,0.0716828182339668,0.0329627506434917,-0.0451862104237079,0.0024141045287251,0.0614166595041751,-0.1900658756494522,-0.0323184095323085,-0.0106672113761305,-0.0853161439299583,0.0307521950453519,-0.1908148676156997,-0.0414280891418457,-0.2814896404743194,-0.167132630944252,-0.4372822344303131,-0.6847020387649536,-0.0092187849804759,-0.0145145282149314
0.0303480438888072,-0.9809942245483398,-6.795597437303513e-05,-0.0035921349190175,0.1447697281837463,0.0443308055400848,-0.1019981428980827,-0.1000321805477142,-0.0065626613795757,0.1955665349960327,-0.3051081001758575,-0.0503154024481773,-0.0546186752617359,-0.2139533460140228,-0.0301035288721323,-0.218808963894844,-0.0388788171112537,-0.188686192035675,-0.0803754776716232,-0.457380086183548,-0.6733815670013428,-0.0383676029741764,-0.0145145282149314
0.0152889546006917,1.0708301067352295,-8.623770554549992e-06,-0.0126909026876091,0.007257817313075,0.0632807835936546,-0.1763365864753723,0.0192832816392183,0.0121242413297295,0.0194688402116298,0.0743486583232879,-0.0250071417540311,0.0527280457317829,-0.0153316399082541,0.0381935946643352,1.74429987964686e-06,0.0765316560864448,0.0778687074780464,0.0079878680408,0.6955478191375732,1.8223118782043457,0.0098636355251073,-0.0145145282149314
0.0442560948431491,-0.1978516429662704,-0.00017835188191384077,-0.0043917489238083,-0.1161761209368705,0.2629187703132629,-0.2481509149074554,0.0256896056234836,0.0535640940070152,0.0596996396780014,0.5120384693145752,-0.041891224682331,0.0303287003189325,-0.1052252054214477,-0.0328456908464431,0.0987287685275077,0.0504137091338634,0.0282152574509382,-0.0246875714510679,-0.4980132579803467,-0.676770031452179,0.0208689700812101,-0.0145145282149314
0.0092134540900588,0.4689834117889404,-4.063667438458651e-05,0.0029832539148628,-0.0225665848702192,0.0290032643824815,-0.0833081379532814,-0.0698070153594017,-0.0233693327754735,0.1141074076294899,0.0419872552156448,-0.0155270639806985,0.0322754606604576,0.0729020461440086,0.0002704177750274539,0.2280060946941375,-0.0464009344577789,-0.0789280012249946,-0.029115580022335,0.756012499332428,1.5861005783081057,0.0334713757038116,-0.0145145282149314
-0.0321797095239162,-1.9925074577331543,-8.99090082384646e-05,0.0010598566150292,-0.0684980750083923,0.1116187945008277,-0.1092270091176033,-0.0648305416107177,-0.0347216129302978,-0.0366732962429523,-0.3140083253383636,-0.0321043580770492,-0.1000392287969589,-0.0352623090147972,0.1877669095993042,-0.2058777213096618,0.0043212715536355,-0.3377456665039062,-0.2403607368469238,-0.4115028381347656,-0.7435580492019653,0.0081379525363445,-0.0145145282149314
0.0299118049442768,1.2663365602493286,-5.628328653983772e-05,0.0060072354972362,0.0168189015239477,-0.0791881456971168,0.0052357465028762,-0.1491218656301498,-0.0041162702254951,0.2033655345439911,-0.2298007756471634,-0.0100027211010456,-0.0068343859165906,0.1083338633179664,0.0821094736456871,-0.3154589533805847,0.1215694099664688,0.0182258281856775,0.0009093976113945246,0.701878547668457,-0.1226844191551208,0.0184709746390581,-0.0145145282149314
0.0149802565574646,0.1623873561620712,1.6243426216533408e-05,0.0052218763157725,-0.0946719720959663,0.0207579508423805,-0.4019599258899688,-0.1589017361402511,-0.0115538937970995,0.0714244619011879,-0.1734005808830261,-0.141987919807434,-0.0337853617966175,0.1501937210559845,-0.0206113699823617,0.0285143032670021,0.0238315407186746,-0.4452467262744903,-0.094532273709774,-0.4971548020839691,-0.7584863901138306,-0.0043049044907093,-0.0145145282149314
-0.0383728146553039,0.4297340810298919,-2.4346554710064083e-06,0.0015490831574425,-0.0186111107468605,-0.0039178929291665,0.1183574870228767,-0.0264653638005256,-0.0436039976775646,-0.3745464980602264,-0.058129534125328,0.1868409663438797,0.00036008196184411645,0.1127606257796287,0.0246458053588867,0.0409353300929069,0.0204908866435289,0.2351092100143432,-0.000954228627961129,0.695588231086731,1.608799934387207,0.0419152788817882,-0.0145145282149314
0.0478115826845169,-0.4994232654571533,-3.0314462492242452e-05,0.0026105281431227,-0.052951380610466,-0.0042749573476612,0.1851572096347808,-0.0724011808633804,-0.0039181439206004,0.0219504982233047,-0.2949509620666504,-0.0477801226079463,-0.0275709554553031,-0.1058509424328804,0.002048386959359,-0.4534389972686767,0.0742809399962425,-0.3321942687034607,-0.1862272918224334,-0.4956505894660949,-0.7322659492492676,0.0157336313277483,-0.0145145282149314
-0.012795764952898,1.0379927158355713,-2.426410355838016e-05,0.0022783826570957,-0.0710868537425994,0.0606432817876338,0.0181554984301328,0.1348535567522049,0.0805733352899551,-0.0339987650513649,0.1086996123194694,0.0161436516791582,0.0147297708317637,0.0788512751460075,-0.0325384885072708,-0.0022370326332747,-0.205107569694519,-0.2878595888614654,-0.0719644576311111,0.6534545421600342,1.4796961545944214,-0.0213848166167736,-0.0145145282149314
0.0273773968219757,0.4347593188285827,-1.0609914170345291e-05,0.0095660081133246,0.0300130415707826,-0.2193914651870727,-0.0715540200471878,-0.1490315049886703,-0.0134551925584673,-0.0004806207725778222,-0.1106038689613342,-0.0734759047627449,0.0532886423170566,-0.0879301205277443,-0.0178658496588468,-0.1372678279876709,-0.1003212109208107,0.5328112840652466,-0.0665851905941963,-0.5198005437850952,-0.7061743140220642,-0.0730477049946785,-0.0145145282149314
0.1180641874670982,1.1066341400146484,-1.2439802958397196e-05,0.0024446782190352,-0.0316415317356586,-0.0018218619516119,0.175279289484024,0.0020820365753024,0.0240421444177627,0.061031587421894,0.1405451595783233,0.1375187337398529,0.0412723720073699,0.0518684834241867,0.109820120036602,-0.1143366768956184,0.0407635495066642,0.4713624119758606,0.0136324828490614,0.6705498099327087,0.1800409108400344,-0.0198555830866098,-0.0145145282149314
-0.0125319138169288,1.4074101448059082,-1.1626943887677044e-05,0.0156279690563678,0.0693878382444381,0.0767752304673194,-0.1086647883057594,-0.0717274621129036,0.0447438359260559,-0.0343139730393886,-0.0774011090397834,-0.0365493260324001,0.0049158371984958,0.1186365559697151,0.0175830721855163,0.5255332589149475,-0.0006864815950393677,0.1984985321760177,-0.0579417571425437,-0.4033154845237732,-0.5156913995742798,0.0656849220395088,-0.0145145282149314
0.0032701031304895,-0.6899608969688416,-6.46325497655198e-06,0.0024253574665635,-0.0274413954466581,0.0080124661326408,0.1131056472659111,-0.0684417262673378,-0.0721006840467453,0.1573041081428527,-0.1482401937246322,0.2674712836742401,0.0194173902273178,0.1700349450111389,-0.01251807436347,-0.2181426584720611,-0.086414597928524,-0.2892585396766662,-0.164002239704132,-0.4903072714805603,-0.6807575821876526,-0.0282060652971267,-0.0145145282149314
-0.1026386246085167,1.3925373554229736,-8.457936928607523e-06,0.0029321946203708,0.1006105914711952,0.1706184446811676,0.4093351364135742,-0.0307010803371667,0.0220055822283029,-0.3117709457874298,0.1406016945838928,-0.0491801314055919,0.0031470407266169,0.143404021859169,-0.0264609437435865,-0.1582391113042831,-0.0307509060949087,0.1933358907699585,0.0067013893276453,-0.3794400691986084,-0.5353071093559265,-0.0606641806662082,-0.0145145282149314
0.0210469886660575,-0.9211816787719728,-4.296028055250645e-05,0.0023629870265722,-0.0132912611588835,0.0029388966504484,0.3286751210689544,-0.0813739672303199,-0.0116531793028116,-0.0346433818340301,-0.2229770421981811,-0.0161772891879081,0.0539238490164279,-0.1767156720161438,-0.0081744119524955,-0.2302993535995483,-0.0363959521055221,0.0151906879618763,-0.0132814990356564,-0.5089302659034729,-0.7468109726905823,0.0075582158751785,-0.0145145282149314
-0.0300287157297134,-0.3041611015796661,-0.00019013736164197328,-0.0039272988215088,-0.0425852797925472,0.0094195585697889,-0.196909412741661,-0.0676693022251129,0.0015988955274224,0.0077553745359182,0.2822501361370086,-0.0662604421377182,0.0096684107556939,-0.0817441046237945,-0.0306434147059917,-9.2727888841182e-05,-0.074978768825531,0.0717272609472274,-0.0163301024585962,0.7229474186897278,0.5146557688713074,-0.013373008929193,-0.0145145282149314
-0.0433029234409332,1.018456220626831,-2.6896799681708217e-05,-0.0125373508781194,0.0063567161560058,0.1620107591152191,0.1026021391153335,0.2899332046508789,0.0039206719957292,-0.3718687295913696,0.5048438310623169,-0.0466149933636188,-0.0345876961946487,-0.1008661091327667,0.00016848147788550705,0.1468228697776794,0.0314567163586616,-0.0190415680408477,-0.0171603225171566,-0.488787442445755,-0.6489608287811279,0.0088317524641752,-0.0145145282149314
0.0506593771278858,1.4647961854934692,-5.461355613078922e-05,0.0137656778097152,-0.0058540096506476,0.1817236393690109,-0.335267424583435,0.142865777015686,0.0136222895234823,0.0972981303930282,0.1617822349071502,-0.0310357101261615,-0.061764720827341,-0.1710310727357864,-0.0652523264288902,-0.0997996553778648,-0.0375458151102066,-0.0409549102187156,-0.0086333462968468,-0.4528771638870239,-0.6851513981819153,-0.0029375995509326,-0.0145145282149314
-0.0262770242989063,1.2605329751968384,-2.296023740200326e-05,-0.025995472446084,0.2055560201406479,-0.0059379530139267,-0.0702430382370948,0.1120260283350944,-0.0248717050999403,-0.4281090497970581,0.3076832294464111,-0.0484698005020618,0.021656360477209,0.0178910177201032,-0.0134110748767852,0.0151173090562224,0.0018876431277021,-0.0715266764163971,-0.0172548685222864,-0.4543434977531433,-0.6144611835479736,0.0017253992846235,-0.0145145282149314
0.0247661955654621,0.0553419180214405,4.2199586459901184e-05,0.0115078222006559,-0.0056443139910697,-0.1956584453582763,0.4901407361030578,-0.1289711892604828,-0.019157625734806,-0.1692657619714737,-0.1577587723731994,-0.0478704534471035,0.0094456868246197,-0.0484225749969482,-0.0234390795230865,-0.1095448955893516,-0.0484269484877586,-0.0173289962112903,0.0053794416598975,-0.5616503357887268,-0.8004962801933289,-0.0163246262818574,-0.0145145282149314
-0.0284891575574874,0.239124059677124,-3.5016586480196565e-05,0.0019248055759817,-0.0144443651661276,-0.0703418105840683,-0.0515265427529811,-0.0671593770384788,0.0155055122449994,-0.0318007878959178,-0.0335809849202632,-0.0844298750162124,0.0039474903605878,0.0995887517929077,0.0443062931299209,-0.2393615543842315,-0.068287044763565,0.2317263334989547,0.088243581354618,0.7697388529777527,-0.0281564872711896,-0.017109178006649,-0.0145145282149314
0.0102675072848796,0.8310400247573853,-2.034007775364444e-05,0.0031348597258329,0.0465792939066886,0.0432461835443973,0.077667661011219,0.1811512261629104,-0.0212317481637001,0.0249370615929365,0.1755130887031555,0.0033977306447923,0.019647754728794,0.0420254357159137,0.0167577024549245,0.0737434327602386,-0.004888919647783,0.5288363099098206,0.0491950362920761,0.6012986302375793,1.720279335975647,0.0240669324994087,-0.0145145282149314
0.0900363102555275,1.010836482048035,-5.092102219350636e-05,-0.0148367593064904,-0.1165332421660423,0.150799423456192,-0.2055196762084961,0.1417279541492462,0.0124080590903759,-0.1048964112997055,0.3021849691867828,-0.0276498794555664,-0.0194288417696952,0.0172587893903255,0.0077780783176422,0.0569211654365062,0.0026392510626465,-0.0093537559732794,-0.0098408171907067,0.5745236873626709,-0.1367400884628296,-0.0084183467552065,-0.0145145282149314
0.0253635942935943,-1.6765772104263306,-2.9685135814361278e-05,0.0014806393301114,0.0801992937922477,0.0131451925262808,0.0507932566106319,-0.1074864491820335,-0.0133089525625109,0.0761516317725181,-0.234586089849472,0.0177259091287851,0.0713497623801231,-0.0767702907323837,0.1412997990846634,-0.0152043774724006,0.0566752292215824,-0.0179687794297933,0.6782749891281128,-0.4213250279426574,-0.6508761048316956,0.0071172881871461,-0.0145145282149314
0.0552501119673252,0.9707549214363098,-1.4260851457947863e-05,0.0026113870553672,-0.0111422101035714,-0.012915376573801,0.0725258812308311,-0.0023441456723958,-0.0066487058065831,-0.1640573143959045,-0.0170221552252769,-0.0155948484316468,0.0637291446328163,0.0919294357299804,-0.0352837927639484,0.0024408262688666,0.0161772184073925,0.6640470027923584,-0.0313883498311042,0.6284022927284241,1.4602023363113403,-0.0028990448918193,-0.0145145282149314
-0.031392466276884,0.037017747759819,-3.636465407907963e-06,0.0032558771781623,-0.0725630819797515,-0.1749535351991653,0.3551828861236572,-0.0830847546458244,-0.0491800159215927,-0.2600756883621216,0.1151614412665367,-0.0609533973038196,-0.0428340286016464,-0.0526496246457099,-0.0312876626849174,-0.1308457851409912,-0.0519837960600853,-0.3148634433746338,-0.1000683009624481,-0.5470772981643677,-0.763412356376648,-0.0633414983749389,-0.0145145282149314
-0.0006997887394391,1.022973656654358,-1.9505590898916125e-05,0.0042999195866286,-0.0216629281640052,0.0425355732440948,-0.3418019711971283,0.0116811553016304,0.00013626954751089215,0.1397698670625686,0.0974897667765617,-0.0869843512773513,-0.014191991649568,-0.0033237743191421,-0.1366860121488571,-0.1988357454538345,0.0426734313368797,0.0225607939064502,-0.009594845585525,0.6488299369812012,0.5935788750648499,-0.0155625855550169,-0.0145145282149314
0.0547589212656021,-1.6623533964157104,-4.3631378503050655e-05,0.0019539836794137,0.0093942834064364,-0.0578529275953769,-0.0886893570423126,-0.0944949015974998,-0.0301782861351966,0.0466350875794887,-0.2254234403371811,-0.0069726505316793,-0.0717230588197708,0.0081529859453439,0.0655486434698104,-0.0329351313412189,0.0190208051353693,-0.2355329990386963,-0.1432977467775344,-0.4346332848072052,-0.7413175106048584,-0.0250377245247364,-0.0145145282149314
0.0134893171489238,0.8949820399284363,4.479748895391822e-05,0.0020062695257365,-0.0316041931509971,0.0323796272277832,0.1816159635782241,-0.0073881419375538,0.001769445836544,0.0150536075234413,-0.2157933712005615,0.1426358222961425,0.0300532188266515,0.0768458694219589,0.0745352879166603,0.0494346171617507,-0.0238388683646917,0.0913147404789924,0.020012080669403,0.8540272116661072,0.8960826992988586,0.0095415925607085,-0.0145145282149314
0.0451734736561775,1.4168576002120972,9.004725143313408e-06,0.0097764609381556,-0.025607643648982,0.007891078479588,0.5338544249534607,-0.0950868800282478,-0.0442980900406837,-0.0837402120232582,-0.2382436841726303,-0.0624705255031585,0.0123098166659474,-0.1394532769918441,-0.0448733679950237,-0.1053965613245964,-0.0648633167147636,-0.5138036012649536,-0.081557884812355,-0.4600743353366852,-0.7318745851516724,-0.026036363095045,-0.0145145282149314
-0.0096404179930686,1.3818812370300293,1.8699211068451405e-06,0.0154924402013421,0.094102956354618,-0.1668397784233093,-0.1655644327402115,-0.0980232805013656,0.0243559442460536,0.029512545093894,0.2096071988344192,0.0146606089547276,0.0725712031126022,-0.1095190644264221,0.0464498847723007,0.1185329779982566,0.0338927134871482,-0.3583051562309265,-0.0078881289809942,-0.4740359783172607,-0.7815489172935486,0.0146265169605612,-0.0145145282149314
0.047845147550106,0.0824409648776054,-2.811040758388117e-06,0.0033478767145425,-0.0174484271556139,0.0622815042734146,0.1936387568712234,-0.1869295388460159,0.0182121153920888,-0.3141000866889953,-0.2245912551879882,-0.0174858719110488,0.132631629705429,0.2270976901054382,-0.0010635779472067,-0.1514052301645279,-0.0044420026242733,-0.3470436334609985,-0.1103651821613311,-0.4547965824604034,-0.6447847485542297,-0.0409070327877998,-0.0145145282149314
0.0323604419827461,-1.7257789373397827,-0.00012444975436665118,0.0014201978920027,-0.095216080546379,-0.0402134507894516,-0.0847401097416877,-0.074397973716259,-0.0504320710897445,0.0239802859723567,-0.1510053873062133,-0.0496091023087501,0.0979387834668159,-0.1832616031169891,-0.0702226981520652,-0.2722399532794952,-0.0711334496736526,-0.0586793832480907,-0.0631023049354553,-0.4895126819610595,-0.8322726488113403,-0.0719314217567443,-0.0145145282149314
0.0138993458822369,0.5426077842712402,-2.410169690847397e-05,0.0066163348965346,0.0052250502631068,-0.1002059131860733,-0.1098342835903167,-0.0500898100435733,-0.0107702994719147,0.1422321647405624,0.1570967882871627,0.0428402870893478,-0.0240434911102056,0.113779030740261,-0.023852102458477,0.3101788759231567,0.0078661628067493,0.4944016635417938,-0.0710960328578949,0.5839931964874268,-0.2044447064399719,0.0383001938462257,-0.0145145282149314
0.0173100251704454,1.069851279258728,-1.541434903629124e-05,-0.0094618201255798,-0.0194978024810552,0.0271642059087753,0.1851790398359298,0.0361641533672809,0.0934521704912185,0.0394069887697696,0.0795374810695648,-0.0010874739382416,0.036598615348339,0.007665985263884,0.0652821436524391,0.0511718466877937,0.0673687011003494,0.1659000962972641,0.0361969992518425,0.7459667921066284,1.7148782014846802,0.0036931904032826,-0.0145145282149314
0.0226241517812013,0.5147051811218262,-8.521867130184546e-06,0.0020050581078976,-0.0724044367671012,-0.1097031235694885,0.0281988177448511,0.0155793037265539,-0.0394767895340919,0.0272211134433746,-0.127890333533287,-0.1022231802344322,-0.0103695802390575,0.0506050921976566,0.0244350004941225,-0.0330639444291591,-0.0647928416728973,-0.4145925343036651,-0.0414766184985637,0.7747198343276978,1.7997355461120603,-0.0090184370055794,-0.0145145282149314
-0.0385399162769317,-0.9988348484039308,-1.2312633771216497e-05,-0.0032037629280239,-0.0020526379812508,-0.0068846330977976,-0.2984540164470672,-0.1252127289772033,-0.0397488586604595,0.0296158734709024,-0.2177017033100128,-0.0736322477459907,-0.0091673508286476,-0.0925069823861122,-0.0449549742043018,-0.2559588551521301,-0.0523094087839126,-0.1453839242458343,0.0479418039321899,-0.4718451201915741,-0.7847146391868591,-0.0319341160356998,-0.0145145282149314
-0.0231265220791101,-1.7441744804382324,-6.401930295396596e-05,0.0026897019706666,0.0433028042316436,0.0398654155433177,0.0375343412160873,-0.0583043992519378,-0.0350948199629783,0.0300043281167745,-0.3157289624214172,-0.0570421144366264,-0.0555860698223114,-0.2327148020267486,0.0467260293662548,0.2175372242927551,0.0177120883017778,-0.3318042457103729,0.0252673309296369,-0.3680936694145202,-0.6497857570648193,0.0096969250589609,-0.0145145282149314
-0.017438756301999,0.5817339420318604,-4.3063293560408056e-05,0.0021523090545088,-0.00879258941859,0.0093459337949752,-0.009221195243299,-0.0288137532770633,0.0293711517006158,0.1655900478363037,0.1274613291025161,-0.1002932861447334,-0.0083295693621039,0.0475290268659591,-0.0031716623343527,0.0814010947942733,-0.0089078024029731,0.2694675326347351,-0.0401510037481784,0.6997169256210327,1.2366939783096311,0.0597148202359676,-0.0145145282149314
-0.03127196803689,0.931175410747528,-3.096631553489715e-05,0.00155861210078,-0.0383053496479988,-0.0660557672381401,0.4522823095321655,-0.0908192843198776,0.1369903087615966,0.0561786778271198,-0.217712715268135,-0.0117158014327287,0.0247803796082735,0.0745817720890045,-0.0434898361563682,0.0929403379559516,-0.0556549243628978,0.1634456217288971,0.0486010983586311,0.9194908142089844,0.1116356179118156,-0.0141973020508885,-0.0145145282149314
0.0394552312791347,0.9384915232658386,-7.680675480514765e-06,0.0044347601942718,-0.0087997075170278,0.083811916410923,-0.0259839557111263,0.06332778185606,0.0515429563820362,0.0021839002147316,0.2722938060760498,0.0028161939699202,-0.0721173584461212,0.0428230985999107,-0.0121447192505002,-0.1231883019208908,0.0160956773906946,0.0274267774075269,0.004547712393105,0.679618239402771,0.7720317244529724,-0.0126716559752821,-0.0145145282149314
0.0013671441702172,0.0755278542637825,-1.136511855293065e-06,0.0036808690056204,-0.0662713423371315,-0.032966025173664,0.1201572567224502,-0.0228131338953971,-0.0371583253145217,-0.1337522119283676,0.1099893301725387,-0.0548461489379406,0.0154387447983026,0.0583272986114025,0.0221922751516103,0.2193953394889831,-0.1672243773937225,-0.5829964280128479,-0.0997785031795501,0.5931589603424072,1.404158353805542,0.0382412448525428,-0.0145145282149314
0.0220392849296331,0.5093631744384766,-1.8130685930373147e-05,0.0029719062149524,-0.1067739352583885,0.0836707353591919,-0.0205541402101516,0.1321000605821609,0.0644493997097015,-0.0282593760639429,0.2108198851346969,0.0326017402112484,0.038228590041399,0.0734756663441658,-0.0519405528903007,0.1402309387922287,0.0186771303415298,-0.4924105107784271,-0.0188498515635728,0.5370706915855408,1.1246604919433594,0.0136025603860616,-0.0145145282149314
0.0098209241405129,-1.6770583391189575,-6.739425589330494e-05,0.0045271012932062,-0.0621436275541782,-0.0435780026018619,-0.1671036332845688,-0.1561577916145324,-0.1005890294909477,-0.2248912304639816,-0.3149294555187225,-0.0022263592109084,0.0466771982610225,0.1430718302726745,0.053419679403305,-0.0490865223109722,0.0005177361890673637,-0.2309542596340179,0.2821587026119232,-0.4255778789520263,-0.6492562294006348,0.0156429074704647,-0.0145145282149314
-0.0475372150540351,0.9360026717185974,-1.7170375940622762e-05,0.0024854801595211,-0.031035304069519,-0.1106877028942108,0.2645968794822693,0.0344236232340335,-0.0023501359391957,-0.1899712234735489,0.0854483991861343,0.020922327414155,0.0347640290856361,0.0872478932142257,0.0197714772075414,0.1207453981041908,0.0282186865806579,0.2165349721908569,-0.0260132402181625,0.748405933380127,1.798655390739441,0.0026765544898808,-0.0145145282149314
-0.0085992654785513,0.3091967403888702,-1.3462566130328923e-05,0.0023311581462621,-0.0411068424582481,0.0544937215745449,0.2789506316184997,-0.0205345712602138,0.0714727416634559,-0.1431347280740738,0.1077071353793144,0.374253511428833,0.051882266998291,0.0440635792911052,0.0567434318363666,-0.0230971202254295,-0.0253660734742879,-0.0259115248918533,-0.0763390362262725,0.7752586007118225,0.7756692171096802,-0.0127598969265818,-0.0145145282149314
-0.0456478781998157,-0.0577302686870098,-5.23029884789139e-05,0.0051307482644915,0.0368791632354259,-0.2377116233110427,0.3934689462184906,-0.0213233139365911,0.1088225021958351,0.0821598544716835,0.0582180619239807,-0.1077484637498855,0.0015929767396301,-0.1362148225307464,0.0135179329663515,0.3554289937019348,-0.0112525913864374,-0.0419937632977962,0.0618429221212863,0.6968790888786316,-0.0130175994709134,0.0327967591583728,-0.0145145282149314
-0.0151097234338521,0.8055827617645264,-1.648882607696578e-05,-0.0102878287434577,-0.0214163288474082,0.0835744068026542,0.1277111768722534,0.124062106013298,-0.0194146055728197,0.0144498767331242,0.2025612145662307,0.098605215549469,-0.034952238202095,0.0807597041130065,-0.0380268022418022,0.0216040033847093,0.0140473116189241,0.1512728035449981,-0.00670194812119,0.7064113020896912,1.4276115894317627,0.0165511649101972,-0.0145145282149314
-7.513492164434865e-05,-2.36453914642334,1.7669590306468308e-05,-0.0027633882127702,-0.0468420460820198,0.0311191938817501,-0.2573830783367157,-0.1645164340734481,-0.0068121408112347,0.1165989264845848,-0.256419688463211,0.1248275190591812,0.0368658080697059,0.0688735842704773,0.0286319777369499,0.0090717291459441,0.0173164270818233,-0.0554291158914566,-0.0751148536801338,-0.489357978105545,-0.8018686771392822,0.0097086941823363,-0.0145145282149314
0.051830269396305,-1.8472477197647093,-6.9277266447898e-06,0.0016482479404658,0.0226346421986818,-0.2383510619401931,0.1657557189464569,0.2841013669967651,-0.0227373410016298,0.026870185509324,-0.2029806077480316,-0.0236167330294847,0.0128760784864425,-0.0564728192985057,0.0973872765898704,-0.0054015424102544,-0.0218715704977512,-0.2230775356292724,-0.059368897229433,-0.421917200088501,-0.7081177830696106,-0.0104262502864003,-0.0145145282149314
-0.0113749038428068,0.4320622682571411,-2.189580845879391e-05,0.0020198160782456,0.005051324609667,0.1092540472745895,0.3205342590808868,-0.1304294019937515,0.0332947559654712,-0.2002388685941696,-0.2810636460781097,-0.0567373447120189,0.016264721751213,0.0928471833467483,-0.0488110445439815,0.1695687770843505,-0.0767504945397377,0.3619630336761474,0.2390913218259811,0.6889557838439941,0.042671401053667,0.0009169678669422864,-0.0145145282149314
-0.0530192367732524,-1.6099663972854614,-3.664679388748482e-05,0.0011363179655745,-0.0953806713223457,-0.0602488368749618,0.0900391936302185,-0.1236200779676437,-0.0156544726341962,0.0498571395874023,-0.1701931208372116,-0.05115282908082,0.0103543708100914,-0.090561419725418,-0.0339898355305194,-0.0743116587400436,-0.0815208777785301,0.7446844577789307,0.6224246621131897,-0.4411907792091369,-0.7555810213088989,-0.0427219569683074,-0.0145145282149314
-0.0160129629075527,0.9870034456253052,-4.037578037241474e-05,-0.009116250090301,0.0063456851057708,-0.1486766338348388,-0.1098375841975212,-0.0098305074498057,-0.047738954424858,0.0401717238128185,0.0913917049765586,0.0394676439464092,-0.0050501180812716,-0.0143901379778981,0.0736968740820884,0.0166239216923713,-0.0057325572706758,0.0403986647725105,-0.0195974987000226,0.7716198563575745,1.1657906770706177,-0.006977351848036,-0.0145145282149314
-0.0132333142682909,0.5225468277931213,-1.4786834071855992e-05,0.0083175720646977,-0.2312605828046798,0.1610658764839172,-0.559647798538208,0.27011638879776,0.1026942208409309,0.2034693211317062,-0.0037465146742761,0.059400200843811,-0.0397587902843952,0.0861675515770912,-0.0399029441177845,0.1241522878408432,0.0029450228903442,-0.4680780470371246,-0.0222530700266361,-0.4569921195507049,-0.6551162004470825,0.0106700276955962,-0.0145145282149314
0.0065489765256643,-0.7570785880088806,-2.370940637774765e-05,-0.0055898833088576,-0.0399245806038379,-0.0144741795957088,-0.1164156571030616,-0.0843598544597625,-0.0255573354661464,-0.043820384889841,-0.1561024636030197,-0.0383993946015834,0.1227531284093856,0.0564318224787712,0.0351927317678928,0.0294947326183319,0.0197612214833498,-0.0383554026484489,-0.0211824774742126,-0.4950774312019348,-0.7151603698730469,0.0095813395455479,-0.0145145282149314
0.0234466679394245,-1.9034173488616943,-3.771274350583553e-06,0.0028604785911738,-0.0662285163998603,-0.0535693354904651,0.1678594052791595,-0.0989500135183334,0.1506340205669403,0.0004774529952555895,-0.1047591045498848,-0.0400125905871391,0.0657304152846336,-0.0606898292899131,-0.0263035409152507,-0.1328889280557632,-0.039480410516262,-0.0351076833903789,-0.0586173571646213,-0.5154009461402893,-0.8520295023918152,-0.0233381651341915,-0.0145145282149314
-0.004262757487595,0.4250152707099914,-3.282997204223648e-05,-0.0046630525030195,-0.0305632054805755,-0.017182357609272,-0.1487780511379242,0.1502655744552612,-0.1510830223560333,-0.0148935681208968,0.1694053709506988,0.197252407670021,0.0523013956844806,0.0579850822687149,-0.0322587713599205,0.021237077191472,-0.0013864254578948,-0.0093701938167214,-0.0374585799872875,0.6316327452659607,0.8743302226066589,2.7501351723913103e-05,-0.0145145282149314
-0.0245604086667299,0.8864747285842896,-1.2863361916970462e-05,0.0034907648805528,0.0350636281073093,-0.15413898229599,0.2933892607688904,0.051888320595026,0.022343635559082,-0.18099145591259,-0.0783902630209922,0.0699355229735374,-0.0627779588103294,0.0336669199168682,0.0057450146414339,0.1106961145997047,0.0308101531118154,-0.182018831372261,-0.0495666079223156,0.6269261240959167,1.340348720550537,0.0118508227169513,-0.0145145282149314
-0.0223247520625591,-2.0136282444000244,-6.484438199549913e-05,0.0018153766868636,0.0066544059664011,0.102638766169548,-0.1046679466962814,-0.1211045905947685,0.0155802378430962,-0.1853011101484298,-0.2853164076805115,-0.0126776788383722,-0.0774242803454399,-0.0127813890576362,0.185002714395523,0.0867485180497169,0.0219767857342958,-0.2699187695980072,-0.1668238937854766,-0.4013432264328003,-0.6820666193962097,0.0244347527623176,-0.0145145282149314
-0.0648348927497863,-1.8409370183944704,-5.14280836796388e-05,0.0015300038503482,-0.0210606418550014,-0.0398644208908081,-0.0092167593538761,-0.0425065830349922,0.0627233237028122,-0.0018253396265208,-0.2580886781215668,-0.1209124475717544,-0.0123083051294088,0.0718072280287742,-0.0558293908834457,-0.1457450836896896,0.0046850927174091,-0.3457356095314026,-0.2427688539028167,0.6352205872535706,0.5693178176879883,-0.0083927111700177,-0.0145145282149314
0.0222407132387161,-2.392030000686645,-0.00043646874837577343,-0.0022564493119716,-0.1659958064556121,0.0405580326914787,-0.0822735130786895,-0.0965549647808075,-0.0493497513234615,0.0045844884589314,-0.1829132884740829,-0.0180129557847976,-0.0121669247746467,-0.1483010202646255,-0.0266774259507656,0.02150066383183,0.0206256695091724,-0.0706570520997047,-0.0948660373687744,-0.4964850842952728,-0.8312900066375732,0.0236502382904291,-0.0145145282149314
-0.0208122730255126,0.201996773481369,-3.770655894186348e-05,0.0024078509304672,-0.0258287582546472,-0.0798254087567329,0.0411912240087986,-0.0066278940066695,-0.0065018683671951,0.0333824642002582,-0.0880116149783134,-0.0583113469183445,0.0464696437120437,-0.1197493970394134,0.0271120723336935,-0.0775679275393486,-0.0672147646546363,0.3520141541957855,0.2363158911466598,0.6581141352653503,1.7383188009262085,-0.0140320789068937,-0.0145145282149314
0.0242404974997043,1.082491755485535,-5.28296732227318e-06,0.0036480473354458,-0.1010655760765075,0.0525263808667659,0.125149667263031,-0.0547386966645717,0.0661609321832656,-0.4024165570735931,0.1731242686510086,0.057306732982397,0.0123615879565477,0.0627802982926368,-0.0839254707098007,-0.0212830249220132,-0.0481895096600055,-0.5873426198959351,-0.1305318176746368,0.6164764165878296,0.2352809756994247,0.0168990604579448,-0.0145145282149314
-0.0328987911343574,-0.1755065470933914,-2.432885230518877e-05,0.002517684129998,-0.0161334928125143,0.0523997955024242,0.0145576167851686,-0.0390691421926021,-0.0447470098733902,0.0699444860219955,0.0612158291041851,-0.0972763821482658,0.020113032311201,0.0611084140837192,-0.0448886342346668,0.0202064979821443,-0.0639558807015419,0.2729484736919403,0.1202233508229255,0.8247471451759338,1.6650370359420776,-0.0174275897443294,-0.0145145282149314
0.0034383495803922,0.3228414356708526,-2.1689578716177493e-05,0.0026683416217565,-0.1061255559325218,0.0337677896022796,-0.0189057998359203,0.1214786767959594,0.0007595446077175438,-0.3158749639987945,0.1432174891233444,-0.0203859508037567,0.0024493555538356,0.0639150217175483,0.0337930619716644,0.0392064377665519,-0.0023327092640101,0.21917425096035,-0.0916671976447105,0.6526119112968445,1.1235843896865845,-0.0227511636912822,-0.0145145282149314
0.0439856499433517,0.5599153637886047,-9.104605851462113e-06,0.0024800014216452,0.0305583346635103,0.0758198872208595,-0.03546804189682,-0.0214928817003965,0.0381763540208339,-0.4130870699882507,0.1398681551218032,0.0768853649497032,0.0200984068214893,0.0850791111588478,0.0684444308280944,0.1382123827934265,0.0235830396413803,-0.3452962934970855,-0.0470555648207664,0.6833793520927429,0.9006144404411316,0.0176663808524608,-0.0145145282149314
-0.0001768543297657743,0.4570322632789612,-1.3144370313966648e-05,0.0014259130693972,0.0192653443664312,-0.0693291574716568,0.4290548264980316,0.0132286483421921,0.0176136009395122,-0.258101612329483,0.031966857612133,0.4083977043628692,-0.0033957485575228,0.1319961845874786,-0.1069007217884063,0.0883478000760078,-0.0377610698342323,-0.2003392726182937,-0.0258905794471502,0.7669897079467773,1.3751627206802368,0.0292095150798559,-0.0145145282149314
0.0385054387152195,-2.29701828956604,0.00048085767775774,0.0060014529153704,-0.0326637141406536,-0.0616194084286689,-0.1544423848390579,-0.0948777720332145,-0.1137052625417709,-0.1072395220398902,-0.2462823837995529,-0.0144947795197367,-0.0417356640100479,-0.0905983224511146,-0.0064545283094048,-0.0456954166293144,0.0094393249601125,-0.0482231080532074,-0.0724398419260978,-0.4969434142112732,-0.8552900552749634,0.0079585500061512,-0.0145145282149314
-0.0230472069233655,-1.0226576328277588,-8.425777195952833e-06,-0.0006787377642467618,0.0452214442193508,-0.0295694507658481,-0.0050740758888423,-0.1621862053871154,0.2437942624092102,0.016494296491146,-0.2903713881969452,-0.0212903507053852,0.0186307989060878,0.1062605157494545,-0.0214812774211168,-0.1302864551544189,-0.0136837195605039,-0.2324831336736679,-0.1665463894605636,-0.4293753206729889,-0.6219764947891235,0.0133902300149202,-0.0145145282149314
-0.0020141880959272,-0.2819695770740509,-8.426629938185215e-05,0.0049123442731797,-0.0088672041893005,-0.0118426503613591,0.2690840661525726,-0.0659004971385002,-0.0501221008598804,0.0836580470204353,-0.0564816445112228,-0.1040296554565429,0.0679587721824646,-0.1890574246644973,-0.0139487078413367,-0.4135121703147888,-0.0412870422005653,0.1203832626342773,-0.011930369772017,0.8404194712638855,0.034854169934988,-0.0573432296514511,-0.0145145282149314
0.0507016591727733,-0.2214229255914688,-0.0001995910715777427,0.0054989350028336,-0.1354230791330337,-0.0301721543073654,-0.127007707953453,-0.1002693474292755,0.0067212004214525,0.2027848213911056,-0.0581037178635597,-0.0490180663764476,0.0888862833380699,-0.1727434992790222,0.0954019948840141,0.3253923952579498,-0.07706218957901,0.0392189919948577,-0.105645552277565,-0.4768863022327423,-0.6966482400894165,0.0363581404089927,-0.0145145282149314
0.010258818976581,-1.83554482460022,-4.2977044358849525e-06,-0.0021216322202235,0.0211274772882461,-0.0047879172489047,0.2038187682628631,-0.2158359736204147,-0.050728466361761,-0.2051707953214645,-0.3135963678359985,-0.0423655994236469,-0.0810297653079032,-0.1326302886009216,-0.034845758229494,-0.0182914864271879,0.0378683097660541,-0.0415987856686115,-0.0528061464428901,-0.5239643454551697,-0.7950842976570129,0.0150067117065191,-0.0145145282149314
0.0097566926851868,0.0675142407417297,-3.3994088880717754e-05,0.0049710697494447,0.0068900543265044,-0.1282742768526077,0.0886980220675468,0.1141527295112609,0.0580926835536956,-0.010804477147758,0.1012650579214096,-0.0864143222570419,0.0139575451612472,-0.1384994089603424,0.0125019317492842,-0.0584816858172416,0.0751641690731048,-0.2332029789686203,-0.1479024142026901,-0.4883059859275818,-0.666971743106842,-0.0032082931138575,-0.0145145282149314
-0.0015786698786541,0.1004067808389663,-7.585696585010737e-05,0.0052453204989433,-0.0660964846611023,-0.0168624278157949,-0.281090646982193,-0.0380395166575908,0.0505464076995849,0.1903980821371078,0.1927050948143005,-0.1050722748041153,0.0740471482276916,-0.1751186549663543,-0.0091296285390853,0.1952873319387436,-0.137561559677124,0.0156427510082721,-0.0196209102869033,-0.6034213900566101,-0.7596555948257446,0.018027564510703,-0.0145145282149314
-0.0127229830250144,-0.1066981852054596,2.050505645456724e-05,0.0029459546785801,0.0362912155687809,-0.1437773555517196,0.1185188665986061,-0.1111446097493171,0.0881683230400085,0.0923819467425346,-0.1895979046821594,-0.049808844923973,0.0527357459068298,0.2245737314224243,-0.0062090465798974,-0.2091843336820602,0.0354269854724407,-0.3674181997776031,-0.2052943855524063,-0.4318535625934601,-0.6306604146957397,-0.0152946803718805,-0.0145145282149314
0.0254446975886821,1.0792429447174072,-3.2011535950005054e-05,0.0035585153382271,0.0546824932098388,0.1092953309416771,0.0203541629016399,0.151530236005783,-0.0284201335161924,0.0074109798297286,0.1986128985881805,-0.024456400424242,0.0778936073184013,0.0156808346509933,0.0334137082099914,0.0591370612382888,0.0497883185744285,0.2198170572519302,-0.0102739771828055,0.5876747369766235,1.4015182256698608,0.0093074087053537,-0.0145145282149314
0.0086773997172713,0.5870015621185303,-1.609799437574111e-05,0.0013226768933236,0.0287514608353376,0.047552291303873,0.2300618886947631,-0.1869530230760574,0.004945870488882,-0.0540697425603866,-0.0791789963841438,0.1217820346355438,0.1295783370733261,0.0730887725949287,0.0193660892546176,0.0571239627897739,0.080358862876892,0.6118043661117554,-0.1203024610877037,0.638853907585144,0.674252450466156,0.0313761234283447,-0.0145145282149314
0.0018195853335782,-2.112412691116333,-8.459945092909038e-06,0.000974561960902065,-0.0958501249551773,0.0769200921058654,0.0960290879011154,-0.1713921278715133,-0.0252620745450258,-0.1157395169138908,-0.2992944717407226,0.1223091408610344,-0.0536540821194648,0.0678726285696029,0.0564860254526138,-0.2472759187221527,-0.0013850153191015,-0.3202504813671112,-0.1214766874909401,-0.4361967742443084,-0.7451958060264587,0.0049765463918447,-0.0145145282149314
0.0081698773428797,-2.289529800415039,-0.0002234488492831588,0.003277649404481,0.0665115118026733,0.0178369414061307,0.2148041278123855,-0.0977575331926345,-0.0355054698884487,0.0137585736811161,-0.2236431092023849,-0.0497401989996433,0.0933127924799919,-0.1729948669672012,-0.058552861213684,0.0367589592933654,0.0248919390141963,-0.0067895539104938,-0.0455957651138305,-0.4885996580123901,-0.7803887724876404,0.003615153953433,-0.0145145282149314
0.00034327004686929286,0.4222781658172607,-1.4249020750867205e-05,0.0025944223161786,-0.0381277725100517,0.0725447982549667,-0.0021642008796334,0.2046166062355041,0.0743786469101905,0.0566396713256835,0.2676809430122375,0.0421544015407562,-0.0804464444518089,0.0302984025329351,0.0270814318209886,0.0673043951392173,0.0426757335662841,-0.4180004596710205,-0.0228210650384426,0.6022107005119324,2.004657506942749,0.0003598553885240108,-0.0145145282149314
0.0160214081406593,-1.4848368167877195,-3.349775215610862e-05,-0.0035708271898329,-0.0746151953935623,0.1155871003866195,-0.0456860661506652,-0.0643490999937057,-0.0389899760484695,0.1241044253110885,-0.0628714635968208,-0.0048319329507648,-0.0279221851378679,-0.0684472173452377,-0.0330451503396034,0.0834844782948494,0.0316058509051799,-0.0460048504173755,-0.0289766266942024,-0.4817248582839966,-0.7860209941864014,0.0418610572814941,-0.0145145282149314
0.0032781769987195,0.5672531127929688,-9.64291102718562e-05,0.0013678583782166,-0.0523626320064067,-0.0047070626169443,-0.0780747607350349,-0.1659238636493683,0.0655025392770767,-0.0289834551513195,-0.1902844160795211,-0.0389022566378116,-0.0193949453532695,0.0878405570983886,0.0074014770798385,0.0849905610084533,0.0454847291111946,-0.0069633084349334,0.003298430237919,-0.5362180471420288,-0.7735686898231506,-0.0041581713594496,-0.0145145282149314
-0.0056611583568155,-1.8779040575027464,-1.854953370639123e-05,0.0014684795169159,0.012516614049673,-0.0110915238037705,-0.0945030897855758,-0.1746180355548858,-0.0801012590527534,0.0160689577460289,-0.196357324719429,-0.0457998290657997,-0.0051804068498313,0.1050980240106582,0.1704332530498504,0.0504233688116073,0.0082726925611495,0.1751131266355514,-0.1290593594312667,-0.4427535831928253,-0.6765196323394775,0.0088231842964887,-0.0145145282149314
0.027987876906991,0.6279231309890747,-9.082355973077938e-06,0.0116173215210437,0.0955930724740028,0.2440863102674484,-0.3378754556179046,0.0801369696855545,-0.0166555121541023,0.0065457364544272,0.2151003330945968,0.0210140515118837,-0.0124980267137289,0.2368477284908294,-0.0052918097935616,0.1123003214597702,0.1466379761695861,0.578421413898468,0.1420208662748336,-0.4067378044128418,-0.5344313979148865,0.0600280836224556,-0.0145145282149314
-0.132723718881607,1.3989636898040771,-2.072626375593245e-05,0.0052244011312723,-0.0548380203545093,0.0041698450222611,0.7475481033325195,-0.1135452911257743,-0.0058581647463142,-0.2819090187549591,0.0433806106448173,-0.0318534299731254,0.0085773859173059,0.0603477619588375,-0.0329960621893405,-0.2313280701637268,0.0064355568028986,-0.0834297016263008,-0.0314087308943271,-0.5230586528778076,-0.6949878334999084,-0.0359955094754695,-0.0145145282149314
-0.0007350009400397539,0.359075129032135,-1.5005840396042912e-05,0.0089073721319437,-0.2197616100311279,0.1329903900623321,-0.5103936791419983,0.3840531706809997,-0.020431263372302,0.0442294552922248,0.5249530076980591,0.1363135129213333,-0.0437125861644744,0.1273683458566665,-0.0433077774941921,0.2570401728153229,0.0172412078827619,-0.2790546119213104,-0.0854399502277374,-0.463413655757904,-0.6622101664543152,0.0118566108867526,-0.0145145282149314
0.0067545599304139,0.9580177068710328,-7.1389331424143165e-06,0.0029576793313026,-0.0043231695890426,-0.0103133982047438,0.2407570332288742,-0.0204889383167028,0.1532938182353973,0.0884207487106323,0.1224046573042869,-0.0549117587506771,-0.0134666878730058,0.0530336201190948,-0.0589427314698696,-0.2485680133104324,-0.0091954246163368,0.4392021596431732,0.0842680558562278,0.7561089396476746,0.9727416634559632,-0.0716996192932128,-0.0145145282149314
0.0004655173979699612,-0.321432888507843,-1.2623087968677282e-05,-0.0125820860266685,0.0714347586035728,-0.0014061470283195,0.2277897745370865,0.150203675031662,-0.2137211263179779,-0.0112705007195472,0.0181598477065563,-0.0452885664999485,-0.0494084134697914,-0.1393616199493408,-0.0165405198931694,0.0484951138496398,0.0156940072774887,0.009666746482253,-0.0525932982563972,-0.5782285332679749,-0.7665252089500427,0.01554118655622,-0.0145145282149314
-0.0667611435055732,1.4414012432098389,-2.2960179194342345e-05,-0.0174225494265556,0.0925128683447837,-0.0998188331723213,-0.1288354694843292,0.0546122789382934,-0.0057150907814502,0.0368793532252311,0.0109179848805069,-0.0206997729837894,0.0557493492960929,-0.01715580932796,-0.01569783128798,0.050540767610073,0.0083195958286523,-0.0587445460259914,-0.0045008026063442,-0.4743009805679321,-0.7718623280525208,-0.0083131482824683,-0.0145145282149314
-0.049152947962284,0.9559332728385924,-1.5706642443547025e-05,0.0032887137494981,0.0598036013543605,-0.0199453234672546,-0.3380197882652282,0.3830496668815613,-0.018641548231244,0.1235414817929267,0.290678322315216,-0.0081799887120723,0.024650240316987,0.0940025001764297,-0.0588952824473381,0.0501869693398475,-0.0692549869418144,-0.2298165708780288,-0.0083144111558794,0.5695598721504211,-0.2767166793346405,-0.0077004977501928,-0.0145145282149314
0.0788409858942031,-0.4117381870746612,-4.215049557387829e-06,0.0024312930181622,-0.0725771561264991,-0.0539863668382167,0.4683859348297119,-0.0658643320202827,0.1140372678637504,0.0576581172645092,-0.1870429813861847,-0.0122859757393598,-0.0062099839560687,0.0066009378060698,0.061722032725811,0.1283562034368515,0.0761924907565116,0.5886229276657104,0.4594470262527466,-0.4445635378360748,-0.6271930932998657,0.1007329002022743,-0.0145145282149314
-0.0194830037653446,0.3120300769805908,-1.8694703612709415e-05,0.0016028428217396,0.0039351629093289,-0.022548533976078,-0.014161561615765,0.2242291420698166,0.006068299524486,0.0179312992841005,0.2011011987924575,0.2345736473798751,0.0384598076343536,0.0285312477499246,-0.0418524779379367,-0.087800532579422,-0.0055906930938363,0.4016833007335663,0.0708251595497131,0.5573148727416992,0.8063981533050537,-0.0199583992362022,-0.0145145282149314
0.0067365034483373,0.3424661457538605,-1.411719131283462e-05,0.0053067430853843,0.0328197106719017,-0.1681085079908371,0.2060303092002868,-0.148685947060585,-0.0604468882083892,0.1329329907894134,0.2081786394119262,-0.0570988096296787,0.0245236456394195,-0.0242060031741857,-0.0074765128083527,0.0646340548992157,0.0832283794879913,-0.4899142384529114,0.0236280634999275,-0.4659523665904999,-0.7016708850860596,0.0813700854778289,-0.0145145282149314
0.0130888475105166,0.5207921266555786,-2.673493872862309e-05,0.0127097470685839,0.1272039264440536,0.0567469932138919,-0.3504245281219482,-0.1462991386651992,-0.024856973439455,0.1020897626876831,0.1043600887060165,-0.0661537051200866,0.02512021176517,-0.0630941390991211,-0.0336891748011112,0.1820787042379379,-0.1127094626426696,0.0451606214046478,0.0853165462613105,-0.4414503574371338,-0.706308901309967,0.0074796257540583,-0.0145145282149314
-0.0109550654888153,-2.123894691467285,-0.0008716407464817166,0.0034245743881911,-0.038165595382452,-0.0854107066988945,-0.1592786014080047,-0.141165941953659,-0.0942314639687538,-0.1494718641042709,-0.2478346228599548,-0.0542180724442005,-0.069507211446762,-0.152819275856018,-0.0539845377206802,0.071640245616436,-0.0477342642843723,-0.0352271161973476,-0.1003571078181266,-0.4787893891334533,-0.8039250373840332,-0.026932967826724,-0.0145145282149314
-0.0011537387035787,-0.0830193981528282,-3.748058225028217e-05,-0.0068412884138524,0.1416762024164199,-0.2809829115867615,-0.0768071711063385,-0.0469061508774757,0.0053733633831143,-0.0610743686556816,-0.2097857147455215,-0.0494104996323585,0.0621130093932151,-0.1113853678107261,-0.0442742966115474,0.0312230605632066,0.0248125120997428,-0.0435125045478343,-0.0375762246549129,-0.5616657733917236,-0.6794509291648865,0.0046249572187662,-0.0145145282149314
0.0079514663666486,1.249983310699463,-3.0450821213889867e-05,0.00352602917701,0.0318386033177375,0.0686651170253753,0.0087842335924506,-0.0472216270864009,-0.0180812608450651,-0.0517273321747779,-0.1124580577015876,-0.0121970083564519,0.0052833016961812,0.026277620345354,-0.0549122914671897,0.0844192802906036,0.0118045816197991,0.0984220802783966,-0.0355037003755569,0.6318010091781616,1.5558316707611084,-0.001413969672285,-0.0145145282149314
0.012386885471642,0.265634149312973,-1.198609606944956e-05,0.0051280027255415,0.2553393840789795,0.0839975476264953,0.0905512273311615,-0.0168044790625572,-0.0276346765458583,-0.1084413826465606,-0.1249967887997627,-0.0858246535062789,0.0471184328198432,-0.0633323714137077,0.0019107119878754,-0.0672487542033195,-0.0374021120369434,-0.1541655659675598,0.2024194002151489,-0.4911352694034576,-0.5828940272331238,0.0083095924928784,-0.0145145282149314
0.0044194106012582,1.0101510286331177,-2.422850957373157e-05,0.0024291460867971,-0.0084427408874034,0.0201481897383928,0.0622238181531429,0.1400807350873947,-0.0322138480842113,-0.0050168647430837,0.2056634128093719,-0.0131570007652044,-0.0164051596075296,0.0767506510019302,0.0016595553606748,0.116467036306858,0.000992730725556612,0.3916983306407928,0.0265647117048501,0.6170017719268799,1.754103183746338,-0.0211171023547649,-0.0145145282149314
-0.0070425551384687,-0.441598504781723,-3.457348793745041e-05,0.0031629968434572,-0.1144433543086052,0.2198465019464492,-0.0506644435226917,-0.0608901381492614,0.062649168074131,-0.2332492023706436,-0.2696076929569244,-0.0090515157207846,0.1054977923631668,-0.082580842077732,0.0029325699433684,-0.013158194720745,0.1142871156334877,-0.0436006784439086,-0.0495189689099788,-0.5075675249099731,-0.7670685648918152,0.0327565595507621,-0.0145145282149314
-0.0073825088329613,-0.1272342205047607,-1.924551179399714e-05,0.0085727600380778,-0.0208443794399499,-0.1917150169610977,0.4014278054237366,-0.0555878616869449,-0.0186848510056734,-0.0284709855914115,-0.0940745323896408,-0.1074507534503936,0.0664213076233863,0.0899788439273834,-0.028534397482872,0.4290298223495483,0.0122170038521289,0.2369375675916671,-0.1355450898408889,0.6849387288093567,-0.1094213798642158,0.057180181145668,-0.0145145282149314
-0.0193291194736957,-2.078674793243408,-4.347122012404725e-05,-0.0113147730007767,-0.0229295995086431,-0.0064662024378776,0.1678324043750763,-0.2864611148834228,-0.0645589753985405,-0.1129048392176628,-0.2193145602941513,0.1190775111317634,0.0128078013658523,0.1697758287191391,-0.0053502228111028,-0.0078182388097047,-0.0139883430674672,-0.3840458691120147,-0.1153649911284446,-0.4025823473930359,-0.6417287588119507,0.0076718907803297,-0.0145145282149314
0.0743187963962555,0.4580428004264831,-5.733442958444357e-05,0.0054954928345978,0.0096582788974046,-0.1523764282464981,0.1541054099798202,-0.1010720133781433,0.3106739223003387,0.1755322813987732,0.1149202287197113,-0.0255635827779769,-0.0812572762370109,-0.1423359215259552,-0.0501772314310073,-0.1288315802812576,0.0115161752328276,0.7610489726066589,0.0056686182506382,-0.4382609128952026,-0.5973689556121826,0.0239928439259529,-0.0145145282149314
0.0102128712460398,-2.2590198516845703,-3.731629112735391e-05,-0.0023511627223342,-0.0722698047757148,0.0571525655686855,0.0841279551386833,-0.2029202580451965,-0.0102296713739633,-0.1951531171798706,-0.3685220181941986,0.007419120054692,0.091944396495819,-0.0326976962387561,-0.0015806669835001,-0.0524689480662345,-0.0024587120860815,-0.0605592913925647,-0.056154079735279,-0.478733092546463,-0.7745817303657532,0.0088770883157849,-0.0145145282149314
-0.0227780546993017,-1.7121970653533936,-6.524377386085689e-05,0.0014248267980292,0.0137929711490869,-0.0170130711048841,-0.1550067514181137,-0.1227308139204979,-0.0180182717740535,0.0962471887469291,-0.1989859789609909,-0.0375733077526092,0.0100977662950754,-0.2189818620681762,0.0519678108394146,-0.1107562035322189,0.0509633608162403,-0.3072434365749359,-0.139138862490654,-0.4048407673835754,-0.738163411617279,-0.0457472205162048,-0.0145145282149314
0.0305892340838909,0.9004150629043579,-0.000608098111115396,0.0012729080626741,-0.0262853819876909,0.0219523776322603,-0.0064453138038516,-0.0326860696077346,-0.0270731877535581,0.1367032378911972,-0.190940573811531,-0.0578282698988914,0.0004408405802678317,-0.1045005768537521,-0.0321917831897735,0.0767583847045898,-0.0654764547944068,0.1423987299203872,0.0010668677277863,0.8077757358551025,1.978503704071045,-0.0214625913649797,-0.0145145282149314
-0.0825219005346298,-1.2536214590072632,-8.507762686349452e-06,0.000731203006580472,-0.0866118222475051,0.0519740581512451,-0.1410049349069595,-0.2398845255374908,-0.0316483974456787,-0.0216796547174453,-0.2248676270246505,-0.0257402677088975,-0.009876656346023,0.1537930369377136,-0.0833473056554794,-0.1106527671217918,-0.1055602058768272,0.0391637347638607,0.0052838269621133,0.7064443230628967,0.6466058492660522,0.0091687468811869,-0.0145145282149314
0.0506471879780292,1.2068071365356443,-1.9390245142858475e-05,-0.0225661192089319,0.248259887099266,0.3056294918060303,-0.0422382727265358,0.2383816242218017,-0.0467640571296215,-0.1832674890756607,0.2652280330657959,0.0165399257093668,-0.0173831470310688,0.2258452922105789,0.0059338873252272,0.0328972898423671,-0.0134578729048371,-0.0416537746787071,0.0064697200432419,-0.4307530224323272,-0.6187058091163635,-0.0014237315626814,-0.0145145282149314
0.0890302881598472,-1.6497093439102173,-1.8908558558905497e-05,0.0013815255369991,0.0899336338043212,-0.0811483487486839,-0.1910340338945388,-0.1028969809412956,0.0022304661106318,0.0080980015918612,-0.1725327968597412,-0.0674680545926094,-0.0232033319771289,0.1453608721494674,-0.0291206501424312,-0.1329197138547897,-0.0443186275660991,-0.2960423529148102,-0.1445174813270568,-0.3904306292533874,-0.7377257943153381,-0.0194917917251586,-0.0145145282149314
-0.0218696054071187,0.9961096048355104,-1.897965557873249e-05,0.0030364741105586,-0.0221567451953887,0.0459420904517173,0.1927756369113922,0.1238849684596061,0.0069660055451095,-0.0005944683798588812,0.2755583822727203,0.0182664711028337,0.0232814624905586,0.0683877393603324,0.007489776238799,0.0424457117915153,-0.0094651468098163,0.2951027750968933,-0.0489323772490024,0.6699743866920471,0.5795313119888306,0.0107912924140691,-0.0145145282149314
-0.0017665720079094,-0.3437795042991638,-3.882276359945536e-06,0.0047502224333584,0.0042657987214624,-0.1811246424913406,0.2027937322854995,-0.0975100547075271,-0.0468152537941932,0.01407475117594,-0.1422493755817413,-0.0610466673970222,0.0008257934241555631,-0.1751015484333038,-0.0149269001558423,-0.3536897897720337,0.0503309853374958,-0.4517445266246795,-0.2286898791790008,-0.4617383778095245,-0.7722527980804443,-0.0388915464282035,-0.0145145282149314
-0.0585782676935195,0.9793413281440736,-2.126182516803965e-05,0.0056504872627556,-0.0631800219416618,0.132763996720314,0.1815260052680969,0.5757560133934021,0.0387739054858684,0.0498955883085727,0.4524941146373749,-0.0615851655602455,0.0086124585941433,0.0920438468456268,-0.0204933825880289,0.2901187241077423,-0.0822441056370735,0.5439566373825073,0.0725944265723228,-0.3649637401103973,-0.4245486259460449,0.018528576940298,-0.0145145282149314
-0.0614140182733535,1.197556495666504,-2.3159387637861076e-05,0.0198239367455244,-0.1319438964128494,0.217343121767044,-0.3450494706630707,0.0466308444738388,-0.0046935100108385,0.0733633190393447,0.4960387647151947,-0.0635426118969917,-0.0065784766338765,-0.0625985711812973,-0.0515642017126083,-0.2978306710720062,-0.0726349651813507,-0.0221701990813016,-0.0306030642241239,-0.4487784802913666,-0.7797656059265137,-0.0775808542966842,-0.0145145282149314
-0.0269384831190109,1.067026138305664,-6.689366273349151e-06,0.0077568688429892,0.219739556312561,-0.0710144639015197,0.0746700689196586,0.470086395740509,-0.0032319729216396,0.0797846838831901,0.5075782537460327,0.2630333602428436,-0.043252620846033,0.2489404082298278,-0.0137793999165296,0.1853728145360946,-0.065221719443798,0.409898579120636,-0.0161564592272043,-0.3598041236400604,-0.5656822919845581,0.0206457786262035,-0.0145145282149314
-0.0192413087934255,-2.007254123687744,0.0002475223154760897,0.0026585783343762,-0.0397559367120265,-0.0764909833669662,-0.183305412530899,-0.1467562913894653,-0.1098809614777565,-0.170769914984703,-0.2433342933654785,0.0012001037830486,-0.061285026371479,-0.08744777739048,-0.0111332619562745,-0.0030678606126457,-0.0253406446427106,-0.3459773063659668,-0.1358575522899627,-0.4174614250659942,-0.7990978360176086,-0.0237188823521137,-0.0145145282149314
-0.0004464366938918829,0.6408354043960571,-1.710256765363738e-05,0.0015083940234035,-0.1100774779915809,-0.1295451670885086,0.0830342173576355,-0.0644039288163185,7.035525050014257e-05,0.1410767287015915,-0.1909861266613006,0.0165479481220245,0.011057767085731,0.0806668028235435,0.0199243519455194,-0.1063717901706695,0.0512339621782302,-0.0408578924834728,-0.0756455734372139,0.8239153623580933,1.525494933128357,-0.0129338521510362,-0.0145145282149314
0.0469111315906047,1.3398606777191162,-7.566899876110256e-05,0.0081203244626522,0.1195405349135398,-0.1970816850662231,-0.0789811760187149,-0.0645786896347999,0.0372908785939216,0.2450095862150192,-0.2999096214771271,0.02325333468616,0.0368091836571693,-0.0310880113393068,0.0602728500962257,0.1170275285840034,0.1287028938531875,0.6260614395141602,0.0408788658678531,-0.4726253747940063,-0.5523090362548828,0.0524867959320545,-0.0145145282149314
-0.0004370503593236208,-2.2458605766296387,-3.679678775370121e-05,-0.0076807993464171,-0.2319562286138534,-0.0275302939116954,0.1447427421808242,-0.1209472641348838,-0.0187738537788391,0.000647387991193682,-0.1297629177570343,-0.0693529248237609,0.0164163988083601,-0.0441580154001712,-0.0438303463160991,-0.0135955270379781,0.0358151495456695,-0.0593713968992233,-0.0636772066354751,-0.5409160852432251,-0.868187427520752,0.007684604730457,-0.0145145282149314
0.0315179042518138,1.1404554843902588,-6.04765591560863e-06,0.0088870795443654,0.1314371675252914,0.0979488864541053,-0.3673790991306305,-0.10441155731678,0.0568650588393211,0.1565980762243271,-0.028651999309659,-0.046100802719593,-0.0113466707989573,0.0752533823251724,-0.0390803515911102,0.4501924216747284,0.1440418660640716,0.7000975012779236,0.1802659481763839,-0.4666059613227844,-0.5065871477127075,0.0124888867139816,-0.0145145282149314
-0.0187579076737165,0.4833496510982513,-1.0913376172538848e-05,0.0024495846591889,0.0272813476622104,-0.1616450101137161,-0.0960180237889289,-0.1811448037624359,0.0178312640637159,0.1934567987918853,-0.1408585011959076,-0.0499646142125129,-0.0088366121053695,0.169520154595375,0.1338396668434143,-0.0592929907143116,-0.0479770265519619,-0.3512430191040039,-0.1428705900907516,-0.5663067102432251,-0.7065006494522095,0.0165709760040044,-0.0145145282149314
0.0351545847952365,0.6137741208076477,-3.853037196677178e-05,-0.0087273400276899,-0.0927082821726799,0.2257038056850433,0.3599929213523865,-0.0556386336684227,-0.0032236517872661,-0.0255463439971208,0.0713225081562995,0.0154977161437273,-0.0249645560979843,0.0608964040875434,-0.0020527134183794,0.0944093987345695,0.0479238145053386,-0.0186962932348251,-0.0127328615635633,-0.5610655546188354,-0.6856579780578613,0.0469408631324768,-0.0145145282149314
-0.0258091446012258,1.006650686264038,-9.401742136105896e-05,-0.003449518000707,-0.0547177232801914,-0.0573543310165405,0.5042078495025635,-0.1138749346137046,0.2582945823669433,-0.1291106045246124,0.027874557301402,-0.0461180210113525,-0.048527717590332,-0.0969856455922126,0.0002645278873387724,0.0694750323891639,0.05706387758255,-0.061389110982418,0.0087874950841069,-0.5844912528991699,-0.783846914768219,0.0199801176786422,-0.0145145282149314
-0.0158342532813549,0.9403948783874512,-1.1959094990743324e-05,0.0021380649413913,0.0020915307104587,-0.0577742978930473,0.2146345824003219,0.0042413310147821,-0.0265397857874631,-0.2110733389854431,0.2508056163787842,0.0096951061859726,0.0332284979522228,0.0613951124250888,-0.0037853932008147,0.0360271483659744,-0.0234249159693717,0.2832778692245483,-0.019690403714776,0.6512625813484192,2.439013957977295,0.0138911334797739,-0.0145145282149314
-0.0319448038935661,0.8706316947937012,-1.908147896756418e-05,0.0026534143835306,0.1661162823438644,-0.0989404469728469,-0.062454454600811,0.127637967467308,0.0492002889513969,-0.0378446243703365,-0.0026583117432892,-0.0522837340831756,0.0211477223783731,-0.0707255080342292,-0.0527191273868083,-0.1104021221399307,-0.0024024243466556,-0.1086235046386718,0.0607455149292945,-0.5773937702178955,-0.7690807580947876,0.0102759590372443,-0.0145145282149314
0.0041185463778674,-0.0162583738565444,-1.3406737707555294e-05,0.0056402166374027,0.0435409322381019,-0.1353645026683807,-0.2924408912658691,-0.044262770563364,-0.0408434346318244,0.0917256772518158,-0.2589420080184936,-0.0050136861391365,0.0727719441056251,-0.1135824099183082,-0.052425842732191,0.0471601262688636,0.0224880129098892,-0.1638793796300888,0.2486867308616638,-0.4514201879501343,-0.7459537386894226,0.0084661748260259,-0.0145145282149314
0.0742967203259468,0.1251794546842575,-1.4825258404016496e-05,0.0036971967201679,-0.1266970336437225,0.0362429730594158,0.2916964292526245,-0.0675415098667144,-0.0299536157399415,0.0694497376680374,0.212496742606163,-0.0514186881482601,0.0181672386825084,-0.02047167904675,-0.0117920096963644,-0.2439536154270172,0.1241150945425033,0.5747866630554199,0.2971971333026886,-0.5123211145401001,-0.6844040155410767,-0.0375349894165992,-0.0145145282149314
-0.0437060594558715,-0.5155935883522034,-8.391394658247009e-06,0.0014625909971073,-0.0175377689301967,-0.0046600112691521,0.1348044127225875,0.022353608161211,0.0793895050883293,-0.0286925099790096,0.078309953212738,0.1174972355365753,0.0043328031897544,0.1219452396035194,0.0113836377859115,-0.012493448331952,-0.0318725630640983,0.353137195110321,0.2575635313987732,0.7060976624488831,1.465992093086243,-0.0361045747995376,-0.0145145282149314
-0.0257051847875118,-0.0582029819488525,-4.176115908194333e-05,0.0045136325061321,0.1443903297185897,0.2226325273513794,0.0413710325956344,-0.0100882593542337,0.1155723109841346,-0.1173421740531921,0.0544433966279029,-0.0017629703506827,-0.0316539891064167,-0.1677845567464828,-0.0183732695877552,0.0574187971651554,0.0476063266396522,0.722675085067749,0.5592606067657471,-0.4389477372169494,-0.6190946102142334,0.0208239611238241,-0.0145145282149314
-0.0767394453287124,-0.9152451157569884,-2.047388261416927e-05,0.001797568402253,0.0355279222130775,-0.1795102655887603,0.3278499841690063,0.114174298942089,0.0455963090062141,0.2380565851926803,0.2121186554431915,-0.0836266055703163,0.0337547548115253,-0.0713344365358352,-0.0816120207309722,0.0494555048644542,0.0005240712780505419,0.3309565782546997,0.396143764257431,-0.4222069978713989,-0.6938893795013428,0.0159546062350273,-0.0145145282149314
-0.0026928095612674,-1.942999243736267,-4.398763121571392e-05,0.0012948700459674,0.0818633586168289,0.111570343375206,-0.0183036662638187,-0.157297134399414,0.1668000221252441,0.058224469423294,0.1197126656770706,-0.0857101008296012,-0.040859542787075,-0.2097347676753997,0.0221547558903694,-0.2230658829212188,-0.0358664169907569,-0.3413923680782318,-0.1100739985704422,-0.3727451264858246,-0.7309386730194092,-0.0418537110090255,-0.0145145282149314
-0.0344196334481239,-0.9937741756439208,-2.265551302116364e-05,0.0017787249526008,0.0536202006042003,-0.0704685673117637,-0.0969070494174957,0.0410447493195533,0.1093768700957298,0.0644441023468971,-0.2346101254224777,-0.0262634884566068,-0.0138224335387349,0.0302268713712692,0.0053515685722231,0.1697832643985748,-0.0727636367082595,0.5182785391807556,0.5130181312561035,0.7871994376182556,0.06441680341959,-0.0371219702064991,-0.0145145282149314
-0.0615058578550815,0.0619565248489379,-2.1844389266334477e-05,0.0028663009870797,-0.0512034930288791,-0.0493572242558002,0.0928651019930839,0.2414520382881164,-0.0501066409051418,0.1617613136768341,-0.3447184562683105,0.0473939999938011,-0.0063565783202648,-0.0530079789459705,-0.014188177883625,-0.0772552117705345,-0.1225655600428581,0.354098916053772,0.3090221285820007,-0.4715279638767242,-0.7370319962501526,-0.0595725215971469,-0.0145145282149314
-0.118139311671257,1.08684241771698,-2.294926525792107e-05,0.0045682652853429,-0.0900861620903015,-0.0488101989030838,-0.2776162028312683,-0.0257433708757162,0.054707046598196,-0.0632894039154052,0.0397353060543537,0.0110791129991412,-0.0623985715210437,0.0318691618740558,0.0780961811542511,-0.0896715819835662,-0.0748901814222335,0.3864810466766357,-0.0788678750395774,0.68757563829422,-0.0486835651099681,0.0024254852905869,-0.0145145282149314
-0.0648309811949729,1.0093554258346558,-7.790269592078403e-06,0.0048943511210381,0.1782443970441818,0.0814631432294845,-0.4945090115070343,0.3244978785514831,-0.0193096548318862,0.1478469669818878,0.308158129453659,0.0038813527207821,-0.0100825512781739,0.1178366765379905,-0.0228896420449018,-0.0627365261316299,0.0141013134270906,0.4433368742465973,0.1851157695055008,-0.3999086916446686,-0.5975644588470459,-0.0049741039983928,-0.0145145282149314
-0.0025656041689217,-2.134244203567505,-8.758153126109391e-05,0.0040674088522791,0.0501675605773925,-0.0393344014883041,-0.3258551955223083,-0.1973982006311416,0.0379284992814064,0.0576034747064113,-0.2457465976476669,-0.0487853623926639,-0.0739495158195495,-0.1478255093097686,-0.0992515608668327,-0.012625016272068,0.0072915693745017,-0.0472063496708869,-0.058175154030323,-0.4475668966770172,-0.7271198034286499,0.0057874890044331,-0.0145145282149314
0.0507212840020656,1.4698957204818726,1.2334130587987602e-05,-0.0183526128530502,-0.1069819778203964,-0.039387509226799,0.5342352986335754,-0.0565406344830989,-0.0283882170915603,-0.1094261407852172,-0.2197600603103637,-0.0227077491581439,0.0475126318633556,-0.023754421621561,-0.0413668751716613,0.0862971767783165,-0.0083345081657171,-0.043033730238676,-0.0135066313669085,-0.4762686491012573,-0.7594487071037292,0.0016450727125629,-0.0145145282149314
0.0114367827773094,-0.2093600183725357,-1.1879419616889209e-05,0.0025624786503612,0.0068598040379583,0.024059509858489,0.0169798005372285,0.1757687777280807,0.0263605024665594,-0.29377481341362,0.1937011629343032,0.2127313315868377,0.0185908284038305,0.0970450565218925,0.0075395558960735,0.2229824513196945,-0.0732954367995262,-0.5371316075325012,-0.0805450081825256,0.6161510348320007,1.5645374059677124,0.018897358328104,-0.0145145282149314
-0.015518594533205,1.0526351928710938,-1.7810456483857706e-05,0.0063030775636434,-0.0820720121264457,0.2949635684490204,-0.2638359069824219,0.5394571423530579,0.0768427103757858,0.0283532440662384,0.5132325887680054,-0.0325192920863628,-0.0046181939542293,0.15635347366333,0.0250807181000709,0.0010076505132019,-0.0972859263420105,-0.16388900578022,-0.012487145140767,-0.3896604180335998,-0.6323326230049133,-0.0337552689015865,-0.0145145282149314
-0.0149250766262412,-1.9471279382705688,-4.943420208292082e-05,0.0020366536919027,-0.0318951979279518,0.1365265250205993,-0.0164762306958436,-0.0570480413734912,0.0596873760223388,-0.0237924978137016,-0.221013143658638,-0.0195871666073799,-0.0338455624878406,0.0990432947874069,0.1034658998250961,0.2361535429954528,-0.0600904636085033,-0.348381906747818,-0.256740391254425,-0.3901132643222809,-0.6759953498840332,0.0384948477149009,-0.0145145282149314
-0.0152870090678334,0.9747329950332642,9.475308615947142e-06,0.0023310768883675,0.0195004437118768,-0.1198510155081749,0.1183120235800743,0.2840469181537628,-0.0048268628306686,0.0710917338728904,0.2303972840309143,0.1923337876796722,0.0152833070605993,0.0835210159420967,-0.0553492419421672,0.0258884336799383,0.0208471547812223,-0.3021727502346039,0.0045729549601674,0.6154520511627197,1.9232633113861084,0.0057567846961319,-0.0145145282149314
0.0227260664105415,0.0491036362946033,0.0007061312207952142,-0.0246657133102417,-0.0642775520682334,-0.0140406489372253,-0.159141793847084,-0.0357454977929592,-0.0933467447757721,-0.0777981132268905,-0.1849341541528701,0.0566405728459358,0.2342718243598938,-0.0931243970990181,0.0290526486933231,0.0455618910491466,0.0398334674537181,0.1295231133699417,0.0182614587247371,0.85044264793396,-0.028973814100027,0.0109916338697075,-0.0145145282149314
0.0376975834369659,-0.7185784578323364,-0.00018017779802903533,-0.0032784463837742,-0.0858652889728546,0.0299389697611331,-0.0989593118429184,0.147297590970993,-0.017850836738944,0.0700275301933288,-0.0331330746412277,-0.0496001727879047,0.0240857563912868,-0.1407838612794876,-0.0296099036931991,0.1154897585511207,0.0374871827661991,-0.0836511999368667,-0.0239244922995567,-0.5060707926750183,-0.7829048037528992,0.005012952722609,-0.0145145282149314
0.0614728070795536,-0.1309314966201782,-1.9104700186289847e-05,0.0038368648383766,-0.1585277020931244,0.0225163009017705,0.2907463908195495,-0.0370113030076026,0.0454404763877391,0.0310207270085811,-0.0018078284338116,-0.0056919315829873,0.0434037335216999,-0.0687215104699134,0.0320091806352138,0.0403474047780036,-0.0532854571938514,0.3143812119960785,0.5918306112289429,-0.4802046716213226,-0.6747462153434753,-0.0186930336058139,-0.0145145282149314
-0.0395248457789421,1.0770740509033203,-1.827901360229589e-05,0.0290152486413717,0.253181517124176,0.0071595376357436,-0.182076096534729,0.126647338271141,-0.0832762792706489,0.0062754666432738,0.4123058617115021,0.2813566029071808,-0.0288262125104665,0.1859899908304214,-0.0450786314904689,0.1159543767571449,-0.1397006809711456,-0.0205356553196907,-0.037471879273653,-0.4420456886291504,-0.6084468364715576,0.0096153654158115,-0.0145145282149314
0.0249828696250915,1.3549400568008425,2.242566552013159e-06,-0.0239820200949907,0.318987637758255,-0.3634013533592224,0.2144414484500885,-0.1291661858558654,-0.0638728886842727,-0.0267420057207345,0.0402428582310676,-0.0221296623349189,-0.01447544246912,-0.0197541080415248,-0.0179588105529546,0.0609571114182472,-0.0171027779579162,-0.0386471077799797,-0.0130345523357391,-0.5211284160614014,-0.6224730610847473,-0.0070806918665766,-0.0145145282149314
-0.00033569891820661724,0.8879225850105286,-8.385872206417844e-06,0.0047517456114292,0.0181555338203907,0.0591495744884014,0.0274310242384672,0.1288845986127853,-0.0380901396274566,0.173939973115921,0.2482070624828338,0.0407499000430107,-0.0052472036331892,0.0866257846355438,0.0163158606737852,0.1095848381519317,-0.0237179957330226,-0.2291005998849868,-0.0810889676213264,0.5832250118255615,1.2106280326843262,0.0125531451776623,-0.0145145282149314
-0.0318039134144783,-1.990706443786621,-5.8062174502993e-05,0.0018050001235678,-0.0088942013680934,0.2039179503917694,0.0894840955734252,-0.0812659487128257,0.0158988181501626,-0.1639569699764251,-0.2221679538488388,-0.0282977931201457,0.1186630800366401,-0.1294126063585281,0.0377468839287757,-0.0806679129600524,-0.0937724187970161,-0.3300358653068542,-0.2114896774291992,-0.3860121965408325,-0.683218240737915,0.0095340078696608,-0.0145145282149314
-0.0139800263568758,0.5259432792663574,-3.1400231819134206e-05,0.0090654026716947,0.1231498643755912,0.0626369938254356,0.2282390892505645,-0.0852725058794021,0.0038950182497501,-0.1047713160514831,-0.0097928429022431,-0.0211818311363458,0.015850881114602,-0.000213247345527634,-0.032650951296091,0.0601000003516674,-0.0038639581762254,0.0442018136382103,-0.0604390762746334,-0.479760080575943,-0.6363121271133423,0.008431221358478,-0.0145145282149314
0.0171653740108013,0.6343827247619629,-6.081891478970647e-05,-0.0046805497258901,0.0117586869746446,0.0230895057320594,-0.3206055462360382,0.0251353718340396,0.0285793077200651,-0.0004422093625180423,-0.2187878787517547,-0.0352712720632553,0.0514945238828659,-0.1262779831886291,0.0289893709123134,0.0825082138180732,0.0353627428412437,-0.0356494225561618,-0.0142069831490516,-0.6088919639587402,-0.8065177202224731,-0.000625889515504241,-0.0145145282149314
-0.0076554636470973,0.9585075378417968,-1.841920311562717e-05,0.0025800829753279,-0.0007530847215093672,0.043534830212593,0.1014230996370315,0.1245087310671806,-0.0135966036468744,-0.0077378642745316,0.0845430493354797,0.2059938460588455,0.0043653468601405,0.0770596116781234,0.0120906373485922,0.0806767493486404,-0.0154379252344369,-0.3217216730117798,-0.0416807681322097,0.7309014797210693,2.0663111209869385,0.0355905964970588,-0.0145145282149314
-0.0007608399610035121,-2.2387261390686035,-2.4948196369223297e-05,-0.002756132511422,-0.0698632225394249,-0.0152395721524953,-0.0554025582969188,-0.1441773772239685,0.0055692922323942,0.1161718592047691,0.0814645811915397,-0.0391177646815776,-0.0026922735851258,0.081875741481781,-0.0076576014980673,-0.0352346524596214,-0.0009797409875318408,-0.0829367637634277,-0.0766806155443191,-0.4771684408187866,-0.8304048180580139,0.0086447326466441,-0.0145145282149314
0.0669485852122306,1.469401478767395,-1.5803598216734827e-05,0.0208847112953662,-0.0618566162884235,0.1806871891021728,0.2306386083364486,-0.0423378199338912,-0.0213641002774238,-0.0462197475135326,0.4083307087421417,0.0056589930318295,0.0456860437989234,0.0233717821538448,0.0346045941114425,0.0930431261658668,0.0166852138936519,-0.4561680853366852,-0.0422600395977497,-0.3867324590682983,-0.5758659839630127,0.0270550865679979,-0.0145145282149314
-0.0210968274623155,-1.822962999343872,-3.618773189373314e-05,0.0007259917329065502,-0.0006853066734038293,0.1355603784322738,-0.1033495515584945,-0.1336269080638885,-0.040070928633213,-0.1173586547374725,-0.2931740283966064,-0.0603728480637073,0.0822030007839202,-0.0274108722805976,0.0030437870882451,-0.2563304305076599,-0.0281097572296857,-0.3086268901824951,-0.1808209717273712,-0.3823223412036896,-0.7124133706092834,-0.0145332887768745,-0.0145145282149314
-0.0180358365178108,0.4060592949390411,-5.932693602517247e-05,0.0038114143535494,-0.0094028133898973,0.1886340081691742,-0.0644785091280937,-0.063379630446434,0.0285070557147264,0.0104491226375103,0.0137862414121627,0.0046125859953463,-0.0531006008386611,-0.1926851272583007,-0.0177019238471984,0.0347699373960495,-0.0976007580757141,0.1710469424724578,0.4717889130115509,-0.4566996395587921,-0.6944535374641418,0.0157451350241899,-0.0145145282149314
-0.0152637800201773,-0.3656791150569916,-1.2538774171844125e-05,0.0035644529853016,-0.0853301733732223,0.1141777858138084,-0.235405147075653,-0.0935890302062034,-0.0738470926880836,0.0658707618713378,-0.3075358271598816,-0.0356081426143646,0.0512407831847667,-0.0287477504462003,-0.0559863857924938,-0.4040906131267547,0.0843938142061233,-0.2950849533081054,-0.1101713478565216,-0.5001599788665771,-0.7209464907646179,-0.0548299401998519,-0.0145145282149314
0.0033034849911928,-0.1075073480606079,4.492494917940349e-05,-0.0083315568044781,0.0821335092186927,-0.0037514965515583,-0.1359065175056457,0.0461940914392471,0.1563272178173065,0.3335791230201721,-0.0911650285124778,0.235707938671112,0.0280030407011508,0.0661790445446968,0.0643835961818695,0.0659333169460296,0.0084160706028342,-0.0210052877664566,-0.061845026910305,-0.5072170495986938,-0.7157265543937683,0.0137313921004533,-0.0145145282149314
-0.0195153411477804,0.5616989135742188,-1.4670516975456849e-05,0.003779386403039,0.128382459282875,-0.084950290620327,-0.0802322477102279,0.1290930956602096,-0.0031469443347305,-0.0610734298825264,0.2664494514465332,0.0836694613099098,-0.0143775027245283,0.0753122419118881,-0.0289357043802738,-0.0877377539873123,-0.1012539193034172,-0.3507006168365478,-0.0268396865576505,-0.4647766053676605,-0.6959637403488159,-0.061921902000904,-0.0145145282149314
0.0390277802944183,0.0436143353581428,-8.837687346385792e-06,0.00295927724801,0.0102838790044188,-0.0181073993444442,-0.1819595843553543,0.0138445002958178,-0.0261559914797544,0.061299905180931,-0.0638237968087196,0.0203355159610509,0.0210668388754129,0.0594946593046188,0.0278183091431856,-0.0624951645731925,0.0319898091256618,0.4469191133975982,0.0246891248971223,0.7455249428749084,2.572476625442505,0.012567832134664,-0.0145145282149314
0.0432666540145874,-0.07391307502985,3.948800440412015e-06,0.0041069011203944,0.0207322537899017,-0.0687500238418579,0.3430887460708618,-0.0563069395720958,0.0113138789311051,0.2853439450263977,-0.2057873606681823,0.1869720816612243,-0.0739458352327346,0.0387551039457321,0.0104982014745473,-0.0330369248986244,-0.0160555820912122,0.3005746006965637,0.0057715415023267,-0.5136433839797974,-0.6544160842895508,-0.0056665535084903,-0.0145145282149314
-0.038989420980215,-1.5669207572937012,-3.560607729014009e-05,0.0023504386190325,-0.0674378871917724,-0.0136010665446519,0.088398166000843,-0.1173592507839202,-0.0562805458903312,0.0207764729857444,-0.283724308013916,-0.0690102353692054,0.0850665718317031,-0.0732826068997383,-0.055473830550909,-0.2961103320121765,0.0241027493029832,-0.3441568613052368,-0.1662569791078567,-0.4310546219348907,-0.8077925443649292,-0.0324566029012203,-0.0145145282149314
0.0289995241910219,-0.5875231623649597,-0.00017374614253640175,-0.0038727375213056,0.0203088577836751,-0.109914094209671,-0.0665273368358612,0.1350416094064712,0.0162746720016002,0.0095376083627343,-0.2601007223129272,-0.0159480180591344,0.0381932444870471,-0.1373173147439956,-0.0346323177218437,0.076821893453598,0.0367910712957382,-0.027383716776967,-0.0291711762547492,-0.520292341709137,-0.7437476515769958,-0.003231001086533,-0.0145145282149314
-0.0081032821908593,-1.198147535324097,-1.751741365296766e-05,0.003437329782173,-0.1425859183073043,0.0444318950176239,0.2205901890993118,0.30703866481781,-0.0524969771504402,0.0440891794860363,-0.1264509409666061,0.3364204466342926,0.1014013811945915,0.3820882439613342,0.0329890325665473,0.3440372943878174,0.0231972970068454,0.0315168015658855,-0.0409060008823871,-0.4426748752593994,-0.5021572113037109,0.0275617595762014,-0.0145145282149314
-0.037096794694662,0.5527999401092529,-1.074302417691797e-05,-0.0226424131542444,-0.0387088432908058,0.1955885738134384,0.3019107282161712,0.3621043264865875,-0.0519092679023742,-0.0324167609214782,0.5036930441856384,0.0681486427783966,0.0491031520068645,0.2408525943756103,-0.0126659898087382,0.1119259446859359,-0.0302937794476747,-0.0218569245189428,7.096276385709643e-05,-0.4373892247676849,-0.5643353462219238,0.0091999555006623,-0.0145145282149314
0.0031675253994762,-1.5857516527175903,0.00013817983563058078,0.0037279617972671,0.008430185727775,-0.0401603765785694,0.3722751438617706,-0.0719237700104713,-0.0300472639501094,0.0133831379935145,-0.3058883249759674,-0.0420645885169506,-0.0893030390143394,-0.1922503858804702,-0.0257780458778142,0.2904233634471893,-0.0003680278896354139,-0.0447490587830543,-0.0349018834531307,-0.526496410369873,-0.7650425434112549,0.0036918120458722,-0.0145145282149314
0.0082756178453564,1.0941946506500244,-2.0022111129947007e-05,-0.0090529844164848,0.0278282184153795,0.0801077261567115,-0.2229043543338775,0.1466769874095916,0.1008126884698867,-0.1472863852977752,0.0386621989309787,0.0114559326320886,0.0381571352481842,-0.0159483216702938,0.0312740355730056,0.0468967743217945,0.0232743769884109,0.1067376732826232,0.0147839682176709,0.7308432459831238,1.9374133348464968,0.0189035963267087,-0.0145145282149314
-0.0454391576349735,1.0686599016189575,-2.9221635486464947e-05,0.0017393149901181,0.0172940455377101,0.0276267118752002,0.1002853289246559,0.0302032157778739,0.0249938033521175,0.0559834502637386,-0.0855065733194351,-0.0157863143831491,0.0443985126912593,0.0543529614806175,0.0126535557210445,-0.1147177666425705,-0.0177283696830272,0.2249308228492736,-0.0110590206459164,0.7027966976165771,2.720165491104126,-0.00017240585293620825,-0.0145145282149314
-0.0042657540179789,-1.0788092613220217,-1.8726430425886065e-05,0.0021407101303339,-0.0881190299987793,0.0066373511217534,0.191438153386116,-0.0960890278220176,-0.0235173124819993,-0.0859459862112999,-0.2668615281581878,-0.0039478037506341,0.1470101326704025,-0.0457993447780609,0.0032470300793647,0.0331301875412464,-0.0382672883570194,-0.1461725234985351,-0.1942349523305893,-0.4399924874305725,-0.7579613327980042,0.0113768577575683,-0.0145145282149314
-0.01570894010365,0.0115422029048204,-1.5931425878079608e-05,0.0127141987904906,0.1168231517076492,0.2078360319137573,-0.0589697435498237,-0.0565572194755077,-0.0657671093940734,0.0277646612375974,0.2071301937103271,0.0102557260543107,-0.0766719207167625,0.070999652147293,-0.0477847680449485,0.0269481744617223,-0.0494091026484966,-0.1824125051498413,0.1054856702685356,-0.502299964427948,-0.6554129719734192,-0.0601057633757591,-0.0145145282149314
0.0278741978108882,0.7395155429840088,0.0004468434490263462,-0.0301025714725255,-0.0259423293173313,0.014597431756556,-0.1901405155658722,0.0206455141305923,-0.1443192213773727,-0.111772321164608,-0.2251438349485397,0.0745021104812622,0.0164010878652334,-0.0526701137423515,0.0851728394627571,0.0501905754208564,0.0163358505815267,-0.0332009047269821,-0.0132507923990488,-0.5463977456092834,-0.8528692126274109,0.0247622355818748,-0.0145145282149314
0.0185355003923177,-0.3201096653938293,-2.470745675964281e-05,0.0107326852157711,-0.051473930478096,0.0292251501232385,0.1685982048511505,0.3840178549289703,-0.0304946694523096,-0.0008011755417101085,0.2869623601436615,0.2407867759466171,-0.0279896277934312,0.1361033022403717,-0.0785658583045005,0.21442312002182,-0.056260596960783,0.3503334820270538,0.0715322494506836,0.5613069534301758,0.3524815440177917,0.0645510256290435,-0.0145145282149314
0.0080952709540724,0.8997794985771179,-7.618469680892304e-06,0.0033752527087926,0.0098034124821424,0.0310180410742759,-0.0989766418933868,0.3284598290920257,-0.0457923784852027,0.0151862232014536,0.2755646705627441,-0.0720601454377174,0.0583326742053031,0.0713956803083419,0.0310156997293233,0.058500986546278,-0.0281594973057508,-0.1360840797424316,-0.0045676240697503,0.6144922375679016,2.431336641311645,0.0054281367920339,-0.0145145282149314
-0.0063921064138412,1.3110108375549316,-4.634646757040173e-05,0.0188710819929838,0.0904919132590293,-0.0012412492651492,0.2079461365938186,0.2984362542629242,-0.0772066339850425,0.0300856065005064,0.5423509478569031,-0.0188396126031875,-0.0194645188748836,-0.119356170296669,0.0072858780622482,0.0776896551251411,0.030611140653491,-0.2806963324546814,-0.0136585002765059,-0.3756925165653229,-0.6173880100250244,0.0130617413669824,-0.0145145282149314
0.038062959909439,-0.2174940407276153,-2.25599214900285e-05,0.0054952320642769,-0.1054242849349975,0.081914484500885,-0.2891801595687866,-0.1095620617270469,-0.0443173497915267,0.0402083806693553,-0.216680109500885,0.0165602043271064,-0.0253350418061018,0.0593593344092369,-0.0001927046396303922,-0.0910109505057334,-0.063578724861145,-0.2657389938831329,-0.2061155438423156,-0.51996910572052,-0.7839590907096863,-0.0725895687937736,-0.0145145282149314
-0.0152705814689397,-2.324824810028076,0.00048085767775774,0.0008929464966058731,-0.0249277465045452,-0.0804426670074462,-0.1534668505191803,-0.1033415123820304,-0.117812730371952,-0.1165767684578895,-0.2633676826953888,-0.0157448854297399,-0.0532900281250476,-0.0985262542963028,-0.001460685278289,-0.0468490533530712,0.008263194002211,-0.0558876171708107,-0.0656197592616081,-0.4963891208171844,-0.8417344689369202,0.0077302348800003,-0.0145145282149314
-0.0203596986830234,1.359940528869629,-2.720028714975342e-05,0.0123065048828721,-0.0641437917947769,0.2365206182003021,0.2592545449733734,0.4437027871608734,0.0536594204604625,-0.1739057898521423,0.5081459879875183,-0.0068825399503111,0.0035694905091077,0.0857809334993362,0.0090814484283328,0.1156356334686279,0.0192555971443653,-0.3690190315246582,-0.0276278182864189,-0.3142677545547485,-0.509204089641571,0.0288066081702709,-0.0145145282149314
0.0014326270902529,0.5193080902099609,-1.9616141798906028e-05,0.0024118907749652,0.0281676463782787,0.1197253316640853,0.064475417137146,0.2000772505998611,0.0256043560802936,-0.0841027423739433,0.2576694786548614,-0.0032720831222832,0.0634087100625038,0.0486856400966644,0.028959872201085,-0.1235277205705642,0.0280894357711076,-0.4917129576206207,-0.0086926007643342,0.6662266254425049,1.7740708589553833,0.0027924380265176,-0.0145145282149314
0.0077347452752292,-0.7527467012405396,-0.0005878960946574807,-0.0042169266380369,-0.0958248451352119,-0.0200934074819087,0.1474456489086151,-0.1308322697877884,0.0559603497385978,-0.0836591199040412,-0.2775152921676636,-0.0137706417590379,0.0443773306906223,-0.1666321456432342,-0.0452359057962894,0.0290357414633035,0.0164191164076328,-0.0345307402312755,-0.0221579112112522,-0.5145102739334106,-0.7958827614784241,0.0182909350842237,-0.0145145282149314
-0.0002001774410018697,0.5926774144172668,-0.0001626355224289,-0.0085682440549135,-0.0455832667648792,0.0648812726140022,-0.1846645772457122,-0.1901837140321731,-0.0206978805363178,0.0082404054701328,0.0179916229099035,-0.0737435519695282,0.1487308889627456,-0.139733225107193,-0.0206287447363138,0.078253149986267,0.0570060461759567,-0.0307845436036586,-0.0264406614005565,-0.5700618624687195,-0.8059288859367371,0.0150477364659309,-0.0145145282149314
-0.0115934843197464,-2.187467575073242,5.958099791314453e-05,-0.0119590973481535,-0.0383238717913627,-0.0787428542971611,-0.1222240030765533,-0.1104530394077301,-0.0931141749024391,-0.1050885692238807,-0.2270973771810531,-0.0212745107710361,-0.0542983636260032,-0.0987670943140983,-0.015352371148765,-0.1366106867790222,-0.0101010603830218,-0.3332870006561279,-0.1659444719552993,-0.4109987318515777,-0.79764324426651,-0.0223629903048276,-0.0145145282149314
0.0966434106230735,-0.0748528465628624,-7.41305120754987e-06,0.0042388555593788,-0.0520290657877922,-0.0494364388287067,-0.1353441625833511,-0.0521104261279106,-0.0064552472904324,0.1668183952569961,-0.0041497070342302,0.0379511788487434,0.0087412921711802,-0.0604388155043125,0.1183411553502082,0.0926128402352333,-0.0335090085864067,0.5738013386726379,0.5674850940704346,-0.4483165144920349,-0.5594838857650757,0.0169134512543678,-0.0145145282149314
0.0265733245760202,0.9513508081436156,-1.809525565477088e-05,0.0027427119202911,0.0238575264811515,-0.1233008801937103,0.0939928665757179,0.1393437385559082,0.0426327176392078,0.022808514535427,0.1863353103399276,-0.0335941985249519,0.0307234972715377,0.0720990970730781,0.0036038341931998,-0.1230255812406539,-0.0121265202760696,0.3482753932476043,-0.0201936326920986,0.5874786972999573,2.3189821243286133,-0.0136362984776496,-0.0145145282149314
-0.0058694826439023,0.7680224180221558,-3.384214505786076e-05,0.0039147310890257,-0.0050649577751755,0.0034769645426422,0.0124686593189835,0.1519215255975723,-0.0029088978189975,0.188537910580635,0.2274729907512664,-0.0110830590128898,0.0283161457628011,0.0636041909456253,-0.018563499674201,0.0843561068177223,-0.0430109240114688,0.3248757123947143,0.1160801798105239,0.6419430375099182,1.4159570932388306,0.0577111914753913,-0.0145145282149314
0.0729938820004463,1.1255102157592771,-2.939716068794951e-05,0.0010558513458818,0.0073771672323346,-0.0237761735916137,0.5053296685218811,-0.1205084174871444,0.0131935747340321,-0.1224115267395973,-0.1139300465583801,0.0979764387011528,0.0122943194583058,0.0686467811465263,0.0771931707859039,-0.0618623830378055,0.1083318591117858,0.2829143702983856,-0.020591951906681,0.674649178981781,0.0202910378575325,0.0112639209255576,-0.0145145282149314
-0.0200492162257432,1.2973716259002686,5.536458047572523e-07,0.0076961438171565,0.3432442545890808,0.1736878454685211,-0.2108619064092636,-0.1161538138985633,-0.012413659133017,-0.0310887061059474,-0.2741876542568207,-0.0350883267819881,0.01286624930799,0.0150114633142948,-0.041105605661869,-0.0794280469417572,0.027411064133048,-0.316266119480133,-0.0646423324942588,-0.5241255164146423,-0.6471366286277771,0.0089440690353512,-0.0145145282149314
-0.0330033749341964,0.9553778767585754,-2.2796251869294792e-05,0.0080047557130455,-0.3311694264411926,0.1448872834444046,-0.0793253406882286,0.5004596710205078,-0.0218946542590856,0.0898078605532646,0.542165994644165,0.0280831847339868,0.0019315290264785,0.1742108017206192,0.1338171511888504,-0.2130551487207412,0.0036802997346967,-0.0582280121743679,-0.0473076067864894,-0.40623739361763,-0.5353027582168579,-0.0206270050257444,-0.0145145282149314
0.0860538110136985,-0.9407376646995544,-3.801407729042694e-06,-0.0031774786766618,0.0209212265908718,0.1553838402032852,-0.2373763471841812,-0.0467253997921943,0.019778236746788,-0.010190880857408,-0.0191975720226764,0.0275412015616893,0.0589151196181774,-0.0592330694198608,0.1617824435234069,-0.1326490342617035,0.0685682073235511,0.4994476735591888,0.7631843090057373,-0.4504965543746948,-0.6275740265846252,-0.0147953703999519,-0.0145145282149314
0.0199183002114295,1.0051370859146118,-3.08935486827977e-05,-0.0051033985801041,-0.0665554478764534,-0.1422801315784454,-0.1143739745020866,0.034628078341484,0.006654655560851,-0.0192319937050342,-0.1341478824615478,-0.003901331918314,0.0605971217155456,0.0417003780603408,0.0611161142587661,0.0380995236337184,0.0017457972280681,0.0982752293348312,-0.0192923732101917,0.7629024386405945,1.9805660247802732,0.0104651683941483,-0.0145145282149314
0.0043392796069383,0.6444425582885742,-1.1911492038052527e-05,0.0023888768628239,0.0150223607197403,0.0242302231490612,0.4162933528423309,0.2836490273475647,0.0049275229685008,-0.1594035923480987,0.2289813011884689,0.1994679570198059,0.0350583344697952,0.0947702229022979,-0.0062323003076016,0.1461134552955627,-0.0068770637735724,-0.2861941158771515,-0.0040534059517085,0.6124230027198792,2.107186317443848,0.0155204869806766,-0.0145145282149314
-0.013363279402256,1.31333327293396,-9.21167084015906e-05,0.0309178736060857,0.0300810951739549,-0.1390200108289718,0.2766391634941101,-0.1242712959647178,0.2542051672935486,0.2376290261745453,0.0727735608816146,-0.0523363873362541,0.0283421706408262,-0.1648312509059906,0.0053256154060363,0.3720231354236603,-0.0322020910680294,-0.0022222951520234,-0.0104494197294116,-0.5066500306129456,-0.6164007186889648,0.0269547905772924,-0.0145145282149314
-0.0031902883201837,0.5127678513526917,-1.885637175291777e-07,0.0022154499311,-0.1164019256830215,0.2216879725456237,-0.2025900781154632,0.0638449937105178,0.0925264954566955,-0.4807233214378357,-0.2687315046787262,0.0347278229892253,-0.0282789953052997,0.0692096352577209,0.0787047147750854,-0.4436535239219665,0.027198975905776,-0.4338911175727844,-0.0949399098753929,-0.5511691570281982,-0.7384853363037109,-0.0046488894149661,-0.0145145282149314
0.0339785702526569,-0.9982856512069702,3.059874870814383e-06,0.0064140660688281,-0.0857681334018707,0.0044439639896154,-0.1162294298410415,-0.0425860844552516,-0.1184377893805503,-0.1744615584611892,-0.1268732994794845,-0.0029448403511196,-0.0235528070479631,0.1449393182992935,0.1141828149557113,-0.0937389060854911,-0.0038123719859868,-0.0705680176615715,0.5561314821243286,-0.4475360810756683,-0.647269070148468,0.0211232621222734,-0.0145145282149314
0.0165664535015821,0.8693781495094299,5.849589797435328e-06,0.0031010028906166,-0.1738293319940567,-0.2147303819656372,0.1270605623722076,0.100079670548439,-0.0885924994945526,0.0172499269247055,0.2271679788827896,-0.0355954952538013,0.0038369414396584,0.0810844972729682,-0.0335291996598243,-0.0268695317208766,0.09469985216856,-0.5444560050964355,0.0073626227676868,0.5751379728317261,1.3391321897506714,0.0188814811408519,-0.0145145282149314
0.0039304597303271,0.2962831854820251,-1.177774538518861e-05,0.0051284348592162,0.0520337410271167,-0.0690727531909942,-0.1134555488824844,-0.0895007848739624,0.0105454521253705,0.1229439526796341,-0.1258358508348465,-0.055575393140316,-0.0037885417696088,0.120776817202568,-0.0036291049327701,0.0592711791396141,0.0033469703048467,0.2682353556156158,-0.0843235850334167,-0.5049737691879272,-0.7449185848236084,0.0552382133901119,-0.0145145282149314
0.0071416022256016,0.5501960515975952,-1.356888606096618e-05,0.0014292581472545,0.0351039730012416,0.0709317028522491,0.0598385259509086,0.1041773930191993,0.0733619332313537,0.00175213185139,0.0492525212466716,0.3551180362701416,0.0178301781415939,0.1053638011217117,-0.0017636750126257,-0.0777565389871597,-0.0900981575250625,0.3383251428604126,-0.0595285519957542,0.6824986934661865,1.588770627975464,-0.0325317122042179,-0.0145145282149314
0.061986356973648,0.4941276013851166,-4.263929440639913e-07,0.0026022768579423,-0.0478387139737606,0.0511022992432117,-0.2928909659385681,-0.026417588815093,-0.0033321708906441,-0.0028807851485908,-0.1035993695259094,0.0514993742108345,0.0020052830222994,0.0622731149196624,0.011046914383769,0.0028505914378911,-0.0132531868293881,0.0703029930591583,0.0167894307523965,0.8506487011909485,0.9110849499702454,-0.0020448940340429,-0.0145145282149314
-0.0072815320454537,1.002041935920715,-4.134033224545419e-05,0.002283567097038,-0.038229551166296,0.0987667217850685,0.1656903624534607,-0.0264196991920471,0.011939987540245,0.0394839607179164,0.0343880392611026,-0.1167464107275009,-0.0079603269696235,-0.0833207443356514,-0.1422408372163772,-0.2252080738544464,-0.067607469856739,-0.2851017713546753,-0.0251454208046197,0.7745038270950317,0.658501148223877,-0.0177202504128217,-0.0145145282149314
-0.0128264492377638,-2.347269296646118,-0.00021961674792692065,-0.0025104265660047,-0.0549382455646991,0.0093938894569873,-0.0244680177420377,-0.1657967269420623,-0.0985124856233596,-0.2053122967481613,0.0651574581861496,-0.0457996353507041,-0.0967820137739181,-0.1901338547468185,0.0081311827525496,-0.0272513162344694,-0.0007644101860933006,-0.0974731221795082,-0.0938747599720954,-0.538284182548523,-0.8369587063789368,0.0148639976978302,-0.0145145282149314
-0.0382333695888519,-2.0235981941223145,-0.00011755520972656086,0.0004649140755645931,0.0013157194480299,0.1583324372768402,-0.2890329957008362,-0.1240550875663757,-0.0477387942373752,0.0570785142481327,-0.3697900176048279,-0.0347769446671009,0.0581060722470283,-0.0808994472026825,-0.0064444057643413,0.0006134795257821679,0.0207065921276807,-0.3127794563770294,-0.2238992601633072,-0.389067530632019,-0.6761550903320312,0.0065885819494724,-0.0145145282149314
-0.0438358150422573,1.236639380455017,-3.658379864646122e-05,0.0062541128136217,-0.3092419803142547,0.1997196227312088,-0.5090510845184326,0.4469465911388397,-0.0278897061944007,0.0432663671672344,0.4616701602935791,-0.0159853771328926,-0.0831618010997772,-0.1409271955490112,-0.0467478111386299,-0.2427565157413482,0.0166821330785751,-0.4694954752922058,-0.0276849158108234,-0.3872808814048767,-0.6499659419059753,0.0260849110782146,-0.0145145282149314
-0.0075047560967504,-2.141561269760132,0.0005118291592225432,0.0043857656419277,-0.0365155041217803,-0.0544745475053787,-0.1298725754022598,-0.0728283002972602,-0.1030297726392746,-0.1331842243671417,-0.2328732460737228,0.0104204462841153,-0.0403106957674026,-0.0927870497107505,0.0096582295373082,0.0907717421650886,-0.0045245978981256,-0.0600598938763141,-0.0699742659926414,-0.4814434945583343,-0.8022556900978088,-0.0339676551520824,-0.0145145282149314
0.0470986887812614,-0.0253899469971656,-3.6414981877896935e-05,0.00095343217253685,0.0070930644869804,0.0036682966165244,0.1042080447077751,-0.2402075231075287,-0.0286808256059885,-0.0967706143856048,-0.1426030397415161,-0.0635909363627433,0.0236156694591045,0.066356174647808,0.022511763498187,-0.1627519875764846,-0.0431135706603527,0.3915731012821197,0.0714268833398819,0.7785952091217041,1.4978917837142944,-0.036156203597784,-0.0145145282149314
0.0003776706580538303,0.3255800008773803,-1.3807715731672944e-05,-0.00022555229952558875,-0.0584681928157806,-0.063294306397438,0.1610097438097,-0.1973090767860412,0.0119500141590833,-0.3939917683601379,-0.193900853395462,-0.0535771921277046,-0.038548719137907,0.0128778973594307,-0.0098982891067862,-0.0292641222476959,0.0543463677167892,-0.3193815350532532,-0.0477379001677036,0.7484920024871826,0.9859429001808168,-0.0037240327801555,-0.0145145282149314
-0.0119950985535979,-0.0604601949453353,-6.605947419302538e-06,0.0043821847066283,0.0035875502508133,-0.1729886531829834,0.1591545045375824,0.0825508683919906,0.0325975641608238,-0.033380389213562,0.1209640055894851,-0.0739606171846389,0.0221695285290479,0.0833657085895538,-0.0117585025727748,0.0561291612684726,-0.0157223660498857,-0.3197716474533081,-0.1655141562223434,0.8168884515762329,-0.0644152015447616,-0.0286503043025732,-0.0145145282149314
-0.0220394171774387,-1.9373619556427,-3.618773189373314e-05,0.000487792247440666,0.0288755055516958,0.0979923009872436,-0.0449637956917285,-0.0788235813379287,0.0074070887640118,-0.0611160099506378,-0.3256185948848724,-0.0038690033834427,0.0590572506189346,-0.0160682387650012,0.0847780033946037,-0.137409970164299,0.0512784495949745,-0.2963354587554931,-0.1950405538082122,-0.3973657786846161,-0.7366058826446533,0.0008713894058018923,-0.0145145282149314
-0.0142058571800589,0.514458179473877,-1.1264623026363552e-05,0.0020901765674352,0.1575829833745956,0.017336793243885,0.263203889131546,0.037023264914751,-0.0065530645661056,-0.3737799525260925,-0.120085559785366,-0.1002682670950889,0.0183257739990949,0.109599158167839,0.0004388001398183405,-0.1073846817016601,-0.02518598921597,0.2547734081745147,0.147997498512268,0.7526255249977112,1.009190797805786,-0.0156690999865531,-0.0145145282149314
-0.0399605110287666,-2.257573127746582,-0.00010061539069283754,0.001422586501576,0.0132580958306789,0.0026119861286133,0.1405637115240097,-0.1290213912725448,-0.0113582257181406,0.0684743970632553,-0.260443240404129,-0.1362398266792297,0.0184114333242177,-0.0810940042138099,-0.0395965576171875,-0.1005268841981887,-0.0490516200661659,-0.5285288095474243,-0.2280353605747223,0.5765261054039001,-0.0868280306458473,-0.0004384210624266416,-0.0145145282149314
-0.0172573011368513,-2.2534611225128174,0.0008628801442682743,-0.0007957741618156433,-0.0298699922859668,-0.0916996672749519,-0.1492941379547119,-0.1094489693641662,-0.1194256320595741,-0.1133082583546638,-0.2559544146060943,-0.0091636022552847,-0.0474729612469673,-0.0902541056275367,0.0073361406102776,-0.0454785302281379,0.0098350727930665,-0.0563884079456329,-0.0628467202186584,-0.4962934255599975,-0.8369453549385071,0.0094462884590029,-0.0145145282149314
0.0192467663437128,0.5616080164909363,-1.817183510866016e-05,0.0016634939238429,0.0137643348425626,-0.0467981062829494,0.6150135397911072,-0.1473410874605178,0.0021570064127445,-0.2450562417507171,-0.1673060804605484,0.2308962196111679,0.0605817399919033,0.1125761717557907,-0.0551586486399173,-0.0853815078735351,-0.0371405892074108,-0.1218394339084625,-0.0681988522410392,0.7719584703445435,-0.1488413661718368,0.000919908459763974,-0.0145145282149314
0.0267285536974668,-2.216471672058105,-0.0002454982604831457,-0.0023620491847395,-0.0645470470190048,0.0074440664611756,-0.2122876495122909,-0.119620069861412,0.0103719849139451,0.0446987226605415,-0.2417718470096588,-0.0416786819696426,0.0163474436849355,-0.1512602120637893,-0.0112434718757867,0.0194859188050031,0.0212117526680231,-0.0433399565517902,-0.075184591114521,-0.4963760673999786,-0.8528192639350891,0.0120371375232934,-0.0145145282149314
-0.0698264315724372,-0.024253936484456,-2.7027323085349053e-05,0.0028585693798959,0.0040119579061865,0.0058246147818863,-0.2075462341308593,-0.285404771566391,-0.0005665000062435865,0.0714217200875282,-0.204532116651535,0.1081938594579696,0.0033295925240963,0.0360548496246337,0.0529546290636062,-0.2731498479843139,0.0129855256527662,-0.4415932297706604,-0.1299132853746414,0.7228059768676758,0.6658105254173279,-0.042245227843523,-0.0145145282149314
-0.019775103777647,-1.3593592643737793,-0.0001448988332413137,0.0055161849595606,-0.0193857848644256,-0.0183405764400959,-0.1515191197395324,-0.1315228790044784,-0.0963145941495895,-0.2238200455904007,-0.2412258088588714,-0.0431957617402076,-0.0266785640269517,-0.1176910549402237,-0.0351881794631481,0.0165627095848321,0.0455867983400821,-0.332194834947586,-0.188928872346878,-0.4604095816612243,-0.780379056930542,0.0543432310223579,-0.0145145282149314
-0.0523570850491523,0.2992339134216308,-2.6274581614416093e-05,0.0027016613166779,0.0046370290219783,-0.0680292695760726,0.0190854463726282,0.1604521572589874,-0.022317785769701,0.0372368097305297,0.1676575392484665,0.014887323603034,-0.0148505335673689,0.0417186245322227,-0.0238929856568574,-0.1834326982498169,-0.0318345502018928,0.3271955847740173,-0.1024172604084014,0.5472337007522583,-0.2288020998239517,-0.0506437867879867,-0.0145145282149314
-0.0176225304603576,1.196342945098877,-2.233024133602157e-06,0.0024169322568923,0.1619582176208496,0.1116317212581634,0.0111889448016881,-0.1818318516016006,0.0512125082314014,0.0431111566722393,-0.1011419221758842,0.1678527891635894,-0.0400335788726806,0.1766954809427261,-0.067117191851139,-0.383418470621109,0.013024847023189,-0.3245744705200195,-0.0982119590044021,-0.4326914846897125,-0.675859272480011,-0.0089298263192176,-0.0145145282149314
-0.0207417868077754,0.708000123500824,-4.5733904698863626e-06,0.0033411176409572,-0.0814830437302589,-0.036985695362091,-0.0518470592796802,0.1686288714408874,0.09518613666296,-0.1179242357611656,0.1001004502177238,0.1672355234622955,-0.011381996795535,0.1104095801711082,-0.0831900760531425,0.0993938446044921,-0.0460597649216651,0.0969289913773536,-0.007107195444405,0.7285605669021606,1.2967092990875244,0.0210445672273635,-0.0145145282149314
-0.0309344511479139,1.0870683193206787,-2.3081542167346925e-05,0.0047824312932789,0.2492655813694,0.0229375660419464,0.0139113403856754,0.0887698531150817,0.0200607310980558,-0.0170885156840086,0.0139394756406545,-0.0427534319460392,-0.0243575498461723,0.0420185215771198,-0.007911704480648,0.4765852093696594,2.740071795415133e-05,0.2931075394153595,-0.0386826358735561,-0.4392856359481811,-0.4873445332050323,-0.0081959534436464,-0.0145145282149314
-0.0590422749519348,0.5075772404670715,5.234825948718935e-05,0.0121292416006326,-0.0368007607758045,0.0085588786751031,-0.1300521343946457,-0.0332753732800483,-0.0700797364115715,-0.0932505279779434,-0.174829751253128,0.0762138217687606,0.2521547079086303,-0.0628486201167106,0.0495105236768722,-0.1235938519239425,0.0498028770089149,0.5407167673110962,-0.0074528218246996,0.7235109210014343,-0.0212172288447618,0.0251986607909202,-0.0145145282149314
-0.0347493179142475,1.035041093826294,-1.272703957511112e-05,0.0071979290805757,-0.0856700390577316,0.0823674574494361,0.3695099949836731,0.5049251317977905,0.1245524138212204,0.0542562864720821,0.4203718304634094,0.0444849655032157,0.0366007797420024,0.2031647264957428,0.0506630167365074,0.0627633184194564,-0.0452004335820674,0.5657960772514343,-0.0319961085915565,-0.345315009355545,-0.4638161361217499,-0.0018946868367493,-0.0145145282149314
-0.0017958125099539,0.4659964442253113,-1.9600956875365227e-05,0.0019144422840327,0.0858209133148193,0.0550662130117416,0.2222360521554947,0.428926020860672,-0.0256219413131475,-0.1501111537218094,0.2635802924633026,0.1977223604917526,0.0575545318424701,0.1229405254125595,0.0013947929255664,-0.0545759908854961,-0.0140014346688985,-0.0397911518812179,-0.0125295305624604,0.6129158139228821,2.218868970870972,-0.0341299772262573,-0.0145145282149314
-0.0118498941883444,0.0774909928441047,-1.189001341117546e-05,0.0034236430656164,-0.0136358914896845,0.0286483261734247,0.2226828187704086,0.1564881950616836,-0.0221228674054145,-0.1517136394977569,0.2604613602161407,0.2744040787220001,0.1236682534217834,0.0879692360758781,0.007625519298017,-0.0226613264530897,-0.0630684792995452,-0.6240360736846924,-0.0573798194527626,0.6402756571769714,1.5105531215667725,-0.0241786651313304,-0.0145145282149314
-0.0227817017585039,-0.3529634773731231,-2.938004035968333e-05,-0.0032809223048388,-0.0034466311335563,0.0514156147837638,0.3343416154384613,-0.1325261443853378,-0.0357795543968677,-0.1241663917899131,-0.2899907529354095,-0.0774899497628212,-0.0160861611366271,0.2040305286645889,0.02422128431499,-0.3939251005649566,0.080829881131649,-0.400467574596405,-0.2513226568698883,-0.4566828310489654,-0.6190778613090515,0.0347556509077549,-0.0145145282149314
-0.0344001986086368,-1.5958291292190552,-1.1057156370952724e-05,0.0024446062743663,0.0794616043567657,0.0011631054803729,-0.1711009889841079,-0.1292919516563415,0.070140317082405,0.0220196079462766,-0.3036180734634399,0.0184725373983383,0.0251948051154613,0.1029467061161995,-0.0263217203319072,-0.2820887863636017,-0.0203311424702405,-0.2391507476568222,-0.1327176988124847,-0.4364810287952423,-0.7398054599761963,-0.03640728443861,-0.0145145282149314
0.0139362160116434,0.5312314629554749,-1.1876731150550768e-05,0.0018222158541902,-0.0203426126390695,0.021101439371705,-0.0705022066831588,-0.0251666661351919,-0.0074766096659004,0.021397927775979,0.0353614874184131,0.0645800158381462,0.0140944281592965,-0.0538415424525737,-0.0273245219141244,-0.1855105459690094,-0.0333991348743438,-0.559394359588623,-0.0256324224174022,0.70920729637146,1.0246350765228271,-0.027302149683237,-0.0145145282149314
-0.029690871015191,1.344714879989624,-2.5433575501665476e-05,-0.0176741704344749,-0.0192794445902109,0.2113538086414337,0.0391508564352989,0.2813355922698974,0.0036773059982806,-0.2288743555545807,0.4716442227363586,-0.0179691426455974,-0.0107658337801694,-0.0737283825874328,-0.0186106599867343,0.1011683642864227,0.0219931453466415,-0.0216066278517246,-0.0127978166565299,-0.4312075674533844,-0.60613614320755,0.0148727465420961,-0.0145145282149314
-0.0091197537258267,1.2452096939086914,-3.774275683099404e-06,0.0028718730900436,0.0483945831656456,0.0338611155748367,0.3104363679885864,0.0240529123693704,-0.0158585924655199,-0.4925442934036255,0.1395450830459594,-0.0478399507701396,0.02104227617383,0.065353900194168,0.0245714839547872,-0.1308564394712448,0.0411546863615512,-0.5012261271476746,-0.0332828499376773,0.7388121485710144,1.1665501594543457,-0.0296072252094745,-0.0145145282149314
-0.0691515877842903,0.8676859736442566,-1.3144937838660551e-05,0.0055984840728342,-0.0256537422537803,0.1207481324672699,-0.5497804880142212,0.0980895012617111,0.0899450778961181,-0.1007154956459999,0.2029928863048553,0.0023665451444685,-0.0537145771086216,-0.0100376736372709,-0.0462728850543499,-0.0426751188933849,0.001489350805059,-0.538357138633728,-0.070228986442089,0.561640202999115,-0.3178808987140655,-0.005546421278268,-0.0145145282149314
-0.0061356015503406,0.4797676801681518,-2.0506464352365583e-05,0.0015960001619532,0.0745588690042495,0.0089911669492721,0.2316799014806747,-0.1035279035568237,-2.3726242943666875e-06,-0.3654049038887024,-0.0451778322458267,0.2913358211517334,0.1780308485031128,0.0984285473823547,0.0009417329565621912,0.0280116684734821,0.0076199783943593,0.1788626611232757,-0.026458716019988,0.6373994946479797,-0.0263039059937,0.0043746032752096,-0.0145145282149314
-0.0636972784996032,1.3834142684936523,-2.735262387432158e-05,0.0042754136957228,-0.1489402949810028,0.0684414356946945,-0.0148167824372649,-0.1218796372413635,0.04483163356781,0.0729664862155914,-0.1700848340988159,-0.0358888283371925,0.0818774178624153,-0.1519984751939773,-0.0295474082231521,-0.1917952895164489,-0.0782831609249115,-0.0132577456533908,-0.0121206389740109,-0.5422071218490601,-0.8417685031890869,-0.0472597479820251,-0.0145145282149314
-0.0414248183369636,-1.6785781383514404,-5.3985160775482655e-05,0.0003550428082235157,0.0303422566503286,-0.1587003320455551,-0.0092625971883535,-0.132535845041275,0.0670158341526985,0.0624582320451736,-0.2338618040084839,-0.0877798944711685,-0.0504267774522304,-0.2051741480827331,-0.0549689158797264,0.0074501163326203,-0.0087135350331664,-0.2996121048927307,-0.0932415947318077,-0.4093411862850189,-0.7609253525733948,-0.0094089936465024,-0.0145145282149314
-0.0120681161060929,0.4967662394046783,-1.7555863450979814e-05,0.0037218288052827,0.0957261100411415,-0.206593856215477,0.1791635006666183,-0.0267004258930683,-0.0404663160443306,0.0225461460649967,0.0007021052879281342,0.0660695359110832,0.0028707976453006,0.0758697986602783,-0.0035801350604742,0.0891308709979057,-0.0210822988301515,0.4457032680511474,-0.0142516819760203,-0.5022262930870056,-0.678801417350769,0.0515559576451778,-0.0145145282149314
-0.0119082340970635,-0.8532686233520508,-7.47827289160341e-05,-0.0052338223904371,-0.0056926254183053,0.2671401798725128,-0.2081650793552398,-0.1294886469841003,0.0264083314687013,-0.0117139620706439,-0.2081748396158218,-0.0035925705451518,0.0271083395928144,-0.0713288784027099,-0.0160588901489973,0.0500213578343391,0.0277865957468748,-0.0328842997550964,-0.0170733109116554,-0.4779279828071594,-0.7220237851142883,0.0011441828683018,-0.0145145282149314
-0.0052021178416907,0.8140958547592163,-1.6967176634352654e-05,0.0033260216005146,0.0217651203274726,-0.4727626144886017,0.3139681816101074,0.1177821904420852,-0.0104369176551699,-0.0421035103499889,0.2061007469892501,0.1939210742712021,0.0373687744140625,0.0547809563577175,-0.0205353219062089,0.1289202719926834,0.0353626459836959,0.2497739642858505,-0.0126104326918721,0.5947775840759277,0.7425084710121155,-0.0059607280418276,-0.0145145282149314
0.0264876019209623,-1.0975778102874756,-7.083057425916195e-05,-0.0035250568762421,-0.0713596940040588,0.0435954071581363,-0.3415910899639129,-0.1324731409549713,0.0217372458428144,0.165286123752594,-0.208839014172554,-0.0688932240009307,0.0045884568244218,-0.153857946395874,-0.0954381972551345,-0.2905477583408355,0.003000064054504,-0.1321533769369125,0.0288263950496912,-0.5238533020019531,-0.7063033580780029,0.0044343653135001,-0.0145145282149314
-0.0263228137046098,-1.6574039459228516,-3.42104904120788e-05,0.003009874606505,-0.1524593979120254,0.1385609060525894,-0.1531324535608291,-0.1671123802661895,-0.0052000796422362,0.0470118150115013,-0.3318298459053039,0.0021690141875296,-0.014031633734703,0.1827689707279205,-0.0099941454827785,0.1734170913696289,0.017976826056838,-0.1508466601371765,-0.1531898826360702,-0.437702864408493,-0.6544495820999146,0.0177791565656662,-0.0145145282149314
0.019093319773674,0.938310444355011,-1.807311491575092e-06,0.0031734874937683,-0.002942154649645,0.0577041283249855,0.1026293709874153,-0.0080897090956568,-0.0504757314920425,-0.0976307243108749,0.1130818352103233,-0.0692268311977386,-0.0098528265953063,-0.0133776040747761,0.0012589552206918,-0.1626438647508621,-0.0935343578457832,-0.3929631114006042,-0.0478001125156879,0.6781589388847351,1.5463849306106567,-0.0751155614852905,-0.0145145282149314
0.0169057659804821,0.9451512098312378,-1.710647120489739e-05,0.0031482488848268,0.0079629467800259,0.0721589922904968,0.0288504529744386,0.1570343822240829,0.0141417076811194,-0.0315969213843345,0.1522673666477203,-0.0289906729012727,0.0620814748108387,0.0381978042423725,0.0348242819309234,0.1862459927797317,-0.0856978818774223,-0.2008872628211975,-0.0586795136332511,0.5965945720672607,1.1040489673614502,0.0079976096749305,-0.0145145282149314
-0.0396139696240425,0.503372311592102,-1.7062633560271934e-05,0.0029892576858401,-0.099325031042099,-0.1401363611221313,0.1384245604276657,0.0650087147951126,-0.0315514355897903,0.0350030250847339,0.0953106731176376,-0.0626262351870536,-0.0097364727407693,0.0194538757205009,0.0237837582826614,0.1354938596487045,0.0217256881296634,0.1932674944400787,-0.0853124931454658,0.7578169703483582,1.6498857736587524,0.043302483856678,-0.0145145282149314
-0.0295472871512174,0.2924774587154388,5.09820383740589e-05,0.0065753469243645,0.0910296961665153,0.0116522405296564,-0.1897484809160232,-0.0622001178562641,0.0021964360494166,0.1261387169361114,-0.301540732383728,0.0961902737617492,0.00029262929456308484,-0.060387410223484,0.0877542570233345,-0.072750836610794,-0.0590001344680786,-0.0018949396908283,-0.0168301966041326,-0.559761643409729,-0.7777819037437439,0.0124524245038628,-0.0145145282149314
-0.0467048734426498,-0.1100425198674202,-1.6894795408006757e-05,0.0020948550663888,-0.0275476351380348,-0.0914323627948761,0.1288598477840423,-0.1489605754613876,-0.0199449602514505,0.0040401904843747,-0.2670919001102447,0.050562459975481,-0.0168910901993513,0.0481484904885292,0.0012123378692194,-0.120425097644329,-0.0204933825880289,0.3030231595039367,0.2305558025836944,0.7222880125045776,0.3657621145248413,-0.0314067490398883,-0.0145145282149314
-0.0258422046899795,0.8907329440116882,-1.5653469745302573e-05,0.0045764585956931,0.129733070731163,0.1064390167593956,-0.5627771019935608,0.2712362110614776,0.0049204481765627,0.1574588268995285,0.4211915731430053,0.1009109392762184,-0.0188018381595611,0.1367094963788986,-0.0559007376432418,0.1377065479755401,-0.0314165093004703,0.5551410913467407,-0.024572217836976,-0.4100872874259949,-0.5662602186203003,0.0207936447113752,-0.0145145282149314
0.0414132326841354,0.9609387516975404,-2.754735032794997e-05,0.0035300611052662,-0.0792628526687622,-0.0999316424131393,-0.0569768175482749,-0.1829616725444793,0.0151763083413243,0.2144920378923416,0.2435557693243026,-0.0473971664905548,-0.0772201716899871,0.1208051070570945,0.1010285094380378,0.1959662437438964,-0.0296445228159427,0.6212117075920105,-0.0394712053239345,-0.4792933464050293,-0.6576083302497864,0.0713291987776756,-0.0145145282149314
-0.0025879596360027,-1.909432291984558,-0.0002037116792052984,-0.0027893173974007,-0.1933958679437637,0.1930945217609405,0.0476984530687332,-0.1205478012561798,0.0056770863011479,0.0189160294830799,-0.1850166767835617,-0.0913828313350677,-0.0101677952334284,-0.1730801910161972,0.0120223155245184,-0.0173960328102111,0.0163010451942682,-0.0624543912708759,-0.0813933908939361,-0.4997472167015075,-0.7890432476997375,0.0292094964534044,-0.0145145282149314
0.0435954593122005,1.243656873703003,4.511541919782758e-05,-0.0243988223373889,0.0073946076445281,-0.3762967884540558,0.3424728214740753,0.1385794878005981,0.3046807944774627,0.2268678992986679,0.250115692615509,0.0086510460823774,-0.0532130263745784,0.0747588649392128,0.0307913850992918,0.0345284380018711,-0.0218626819550991,-0.0618192330002784,-0.0185755081474781,-0.4459757804870605,-0.6008444428443909,-0.0058868234045803,-0.0145145282149314
0.0068551800213754,1.0132546424865725,-4.867374082095921e-05,-0.0099704358726739,-0.0006108745001256466,-0.1843620985746383,0.3102418184280395,-0.0445238128304481,0.1541474014520645,0.0049991575069725,0.2079335898160934,-0.0504605732858181,-0.145005464553833,-0.0707038566470146,0.0472921468317508,0.0259834695607423,-0.0028546769171953,0.0365638807415962,0.0237805936485528,0.6149758696556091,0.4787420332431793,-0.0103712482377886,-0.0145145282149314
0.0205524414777755,0.9376590847969056,-5.8425939641892917e-08,0.0032615123782306,0.0056591355241835,0.0724555104970932,0.4373904466629028,0.1230291351675987,-0.2932673394680023,-0.3704419434070587,0.0840481147170066,-0.0051236804574728,0.0603650957345962,0.0351637750864028,0.0818861722946167,-0.1384925246238708,-0.0688964203000068,0.0330730639398098,-0.0240945611149072,0.6798405051231384,0.9607991576194764,-0.0304782185703516,-0.0145145282149314
0.0060159326530992,0.3444257080554962,-2.22531525650993e-05,0.0017410375876352,0.1040545254945755,0.0340571068227291,0.1245818883180618,-0.0617607310414314,0.0013032930437475,0.0297995246946811,-0.16238534450531,-0.0964210331439971,-0.0108665060251951,0.0608731508255004,-0.036038301885128,-0.2071447521448135,-0.0507668815553188,0.0228627491742372,0.1128536611795425,0.8059938549995422,1.1163231134414673,-0.0319242887198925,-0.0145145282149314
-0.0158665608614683,-1.8820875883102417,-8.337701729033142e-05,0.0022054584696888,0.0021856315433979,0.0610733516514301,-0.0746726170182228,-0.1377366483211517,-0.0397716462612152,-0.0044124550186097,-0.2496336996555328,-0.0670245662331581,-0.0532431751489639,-0.1751376539468765,-0.0222768615931272,-0.2425883710384369,-0.0634871274232864,-0.2626978456974029,-0.1828009933233261,-0.4298261404037475,-0.8055533766746521,-0.0184793192893266,-0.0145145282149314
-0.0352147854864597,-2.1762850284576416,-2.714495349209756e-05,0.0039307074621319,0.0323293022811412,0.0748459175229072,-0.1396412551403045,-0.0543103739619255,-0.014488817192614,-0.1737341284751892,-0.2985481321811676,-0.025044722482562,0.0309334825724363,0.0598356910049915,-0.0254318285733461,0.4852054715156555,-0.0477371774613857,-0.2258953303098678,-0.241951122879982,-0.4090123474597931,-0.6668194532394409,0.0224593672901392,-0.0145145282149314
-0.0283028502017259,1.0954139232635498,-1.9205112039344385e-05,0.0042365579865872,-0.0248662941157817,-0.1107944771647453,0.1954008489847183,0.0192828550934791,-0.0280932914465665,0.0175700578838586,0.1741642206907272,-0.0713818743824958,0.0162772759795188,0.0583532750606536,0.0608827136456966,0.0558655969798564,-0.0152153642848134,0.3828990757465362,-0.0949602127075195,0.6740584373474121,1.0667743682861328,0.0413533598184585,-0.0145145282149314
-0.0038606049492955,1.0124084949493408,-2.9158858524169773e-05,0.0027249560225754,-0.0108182542026042,-0.0856811553239822,0.0037113968282938,0.145188421010971,0.0166973583400249,0.211674153804779,0.2330261766910553,-0.0382024496793746,0.049940500408411,0.0395386442542076,0.0150783536955714,-0.0155060747638344,0.0100862942636013,0.1661012321710586,-0.0156832039356231,0.6609686017036438,1.76518976688385,-0.0013981265947222,-0.0145145282149314
0.0886718183755874,0.1186657920479774,-4.973713657818735e-05,0.0039425306022167,-0.1261442154645919,0.2114296555519104,-0.0455239936709404,-0.0646709352731704,0.0366187468171119,0.0982789471745491,0.1776223182678222,-0.0450625941157341,0.0102062849327921,-0.1289597302675247,-0.0282050967216491,0.00029666241607628763,-0.0070651941932737,0.6104786396026611,0.3286094069480896,-0.4921221137046814,-0.6180870532989502,-0.0186890717595815,-0.0145145282149314
-0.0185972824692726,0.5269058346748352,-1.8867867765948176e-05,0.0040050614625215,-0.032836627215147,-0.0109375193715095,-0.1713518053293228,-0.1260305643081665,-0.0591164156794548,0.205044686794281,-0.1716383844614029,0.2314048409461975,-0.0207794494926929,0.2041586339473724,0.0247277878224849,-0.0183390341699123,-0.0342155285179615,-0.083125852048397,0.0112084718421101,-0.5986317992210388,-0.8149940371513367,0.0514339879155159,-0.0145145282149314
-0.0045447652228176,1.199065923690796,-2.0910512830596417e-05,0.0016875272849574,-0.1594281494617462,-0.074163943529129,-0.1486429125070572,-0.083204947412014,-0.0951505005359649,0.0880321860313415,-0.170855239033699,-0.0731536075472831,-0.0395526923239231,0.1769049912691116,0.024767342954874,-0.3020959794521332,0.0499876961112022,-0.2300913482904434,-0.0966939553618431,-0.5479053258895874,-0.8042252063751221,-0.0358853749930858,-0.0145145282149314
-0.0433097854256629,-0.216738224029541,-1.7508267774246633e-05,-0.0035352169070392,-0.0138626815751194,-0.0019470687257125,0.3525607585906982,-0.0042983703315258,-0.0431713834404945,-0.11682690680027,0.2034175992012024,-0.0424604192376136,-0.0457627698779106,0.0255030151456594,-0.0297139585018157,0.0689418166875839,0.0216723904013633,0.0043867281638085,-0.0447779856622219,-0.5215036273002625,-0.7394072413444519,0.0108688157051801,-0.0145145282149314
0.0037783593870699,0.4229689538478851,8.347287803189829e-06,0.0016957904445007,0.0396495945751667,0.0418051779270172,0.0189045164734125,-0.0161887817084789,0.0300069637596607,-0.055013071745634,-0.123350866138935,0.0612237565219402,0.0126343667507171,0.0535819977521896,-0.0239077545702457,-0.0939120277762413,-0.0738742873072624,0.3144762516021728,0.1387923657894134,0.7147126793861389,1.4662710428237915,-0.0019988829735666,-0.0145145282149314
0.0551537349820137,0.6527082920074463,-1.824339051381685e-05,0.002671972149983,-0.0711739659309387,0.0790415033698082,-0.1064731031656265,0.0599879585206508,-0.0712864696979522,0.0108625367283821,-0.1035234257578849,-0.1435844749212265,-0.0014100277330726,0.0038631174247711,0.022468339651823,0.1292050629854202,-0.0758048444986343,-0.2128488719463348,-0.0429786816239357,0.8285732865333557,1.110908031463623,0.020908884704113,-0.0145145282149314
-0.0352145992219448,0.5108435750007629,-2.135732938768342e-05,0.0033694156445562,-0.013082792982459,-0.1287942975759506,0.2068362385034561,0.2318083494901657,0.1007210463285446,0.082799844443798,0.2189617156982422,0.3194023072719574,0.0929227694869041,0.2840306460857391,0.1827553361654281,-0.1025565192103385,0.0477888062596321,-0.0599661469459533,0.0011650318047031,-0.4565789699554443,-0.5897223353385925,-0.0364004448056221,-0.0145145282149314
-0.0128286760300397,1.4518110752105713,-1.0888572433032095e-05,-0.0367605425417423,-0.0717236697673797,0.2081810086965561,-0.6578261852264404,-0.1250416189432144,0.1174691468477249,-0.0148626286536455,0.013905182480812,-0.0349174588918685,0.012959056533873,0.0061318627558648,-0.0289821438491344,0.077002465724945,0.0645267218351364,-0.0546967983245849,-0.0349834188818931,-0.5065057277679443,-0.7427423000335693,0.0160812120884656,-0.0145145282149314
-0.0187991727143526,-1.912479281425476,2.8201313398312777e-05,0.0023548125755041,0.0400718115270137,-0.1455716490745544,0.0392305739223957,-0.1213723346590995,-0.0342789441347122,-0.0020477976649999,-0.280374526977539,-0.0008528248290531337,-0.0626777783036232,-0.0205423384904861,-0.0250337533652782,-0.0503391362726688,-0.0749245882034301,-0.0180526170879602,-0.0840592756867408,-0.5285392999649048,-0.8040509223937988,0.0103884916752576,-0.0145145282149314
0.0005189633811824024,-0.383028894662857,-2.2056541638448834e-05,0.0025956553872674,0.0417353436350822,-0.0240717884153127,-0.1268216073513031,-0.0938848108053207,0.013832532800734,0.112090989947319,-0.3511920869350433,-0.0451956540346145,0.1115206107497215,-0.0620250441133976,0.0916719362139701,0.0665030181407928,0.0233194343745708,0.6643418073654175,-0.1036107391119003,-0.4914320409297943,-0.600080668926239,0.0477244369685649,-0.0145145282149314
-0.0112585090100765,0.6852936744689941,-4.222796997055411e-05,0.0077859088778495,0.027156775817275,0.0247463602572679,-0.3982220292091369,0.4428059756755829,-0.0241796933114528,0.1008424460887909,0.2634603977203369,-0.052910316735506,-0.0226976014673709,0.0263297855854034,-0.0426652617752552,-0.1061674803495407,-0.0184790883213281,0.0336132533848285,-0.04330325871706,0.5728835463523865,0.3164566457271576,-0.0186098497360944,-0.0145145282149314
-0.0430288016796112,-1.663992166519165,-0.00011592831287998706,0.0019835627172142,-0.0863667875528335,0.0091623133048415,-0.0843564048409462,-0.1570029407739639,-0.0549064464867115,0.0025780519936233,-0.3099035024642944,-0.0259218588471412,-0.0502736344933509,-0.1888925582170486,-0.0585343576967716,-0.2549993991851806,-0.0225050896406173,-0.2596909999847412,-0.1938249468803405,-0.4223414957523346,-0.8029327988624573,-0.0308236181735992,-0.0145145282149314
-0.0475341342389583,-2.3699448108673096,-0.000254048005444929,0.0017120345728471,0.0135475294664502,0.0423769243061542,-0.1334338635206222,-0.156172975897789,-0.0597139187157154,0.0258338581770658,-0.1493927389383316,-0.04799560084939,0.0700812712311744,-0.0635874792933464,-0.0209750793874263,-0.1474685817956924,-0.030434425920248,0.0293687712401151,-0.0339302234351635,0.7299670577049255,0.8544048070907593,-0.0003571945708245039,-0.0145145282149314
-0.0187741052359342,-1.2503328323364258,-2.4162931367754936e-05,0.0044073313474655,-0.0200960505753755,-0.0041269087232649,-0.2026802450418472,-0.120614469051361,-0.1046710088849067,-0.226801797747612,-0.3667477369308471,-0.0039095771498978,-0.0354048088192939,0.0943497940897941,0.0276313479989767,-0.0935515388846397,-0.0070631396956741,-0.3007394969463348,-0.2560990750789642,-0.4396277666091919,-0.7489011287689209,0.0019666247535496,-0.0145145282149314
0.0112300757318735,0.3190470039844513,1.215349038830027e-05,-0.0031824158504605,-0.0155464941635727,0.0254760924726724,0.2349927723407745,0.01051542814821,0.0177624691277742,0.0134217953309416,0.0744443535804748,0.1734590381383896,-0.06623125821352,0.0267339590936899,-0.0146002974361181,0.0207000486552715,-0.0146869784221053,0.1420142948627472,0.011630767956376,0.7775906324386597,0.961339831352234,-0.0084327384829521,-0.0145145282149314
-0.0370911844074726,-1.6610885858535769,1.882438300526701e-05,0.0015815395163372,-0.0024437999818474,-0.0049198660999536,0.1098299771547317,-0.149170383810997,-0.0856858715415,-0.039583895355463,-0.1521213501691818,-0.082264669239521,-0.0265105832368135,0.1213159337639808,-0.0169597640633583,-0.3177725970745086,-0.0305797811597585,-0.5892635583877563,-0.1132831498980522,0.5994713306427002,0.0868938267230987,-0.0206339694559574,-0.0145145282149314
0.0359051637351512,1.1574444770812988,4.469844134291634e-05,-0.0258804094046354,-0.3182387948036194,-0.0462957508862018,0.4179240763187408,0.751537561416626,0.0288813300430774,0.0226520895957946,0.535031259059906,-0.0081267738714814,-0.0036001489497721,-0.0281453486531972,-0.0036954251118004,0.0323880687355995,0.0130214309319853,-0.0544009432196617,-0.0160314422100782,-0.3796253800392151,-0.5714518427848816,0.0122701963409781,-0.0145145282149314
-0.0562391877174377,0.9199328422546388,-2.489691541995853e-05,0.0066593321971595,-0.0959439501166343,0.035563513636589,-0.0583691298961639,-0.1338643282651901,-0.0116004580631852,-0.0637131258845329,0.1720760017633438,0.0397254787385463,-0.039299052208662,0.075134091079235,-0.0039018616080284,0.1133330017328262,-0.0846163257956504,0.4172735214233398,-0.0116070667281746,0.67588210105896,-0.1462050974369049,0.0084678223356604,-0.0145145282149314
-0.0088048819452524,0.7873213291168213,-2.4380940885748718e-05,0.0011020413367077,0.0063690822571516,0.0582441911101341,0.1996777355670929,0.1797659397125244,0.0112507147714495,-0.2550646364688873,0.2688608765602112,-0.0057404888793826,0.0241737551987171,0.0541612617671489,0.0195866860449314,-0.006654486991465,-0.0290717203170061,0.19320809841156,0.0104548623785376,0.685983419418335,2.564321756362915,0.0032324446365237,-0.0145145282149314
0.0255431272089481,0.6199596524238586,7.027669926173985e-05,-0.0049659376963973,0.0639292895793914,-0.1225641146302223,0.3268474042415619,-0.0962025076150894,-0.0399182066321373,-0.0571623966097831,-0.3101732432842254,-0.0814509540796279,-0.0520362369716167,0.1237339302897453,0.0098188361153006,-0.2171978503465652,-0.0174360666424036,-0.2959135174751282,-0.072959765791893,-0.5102794170379639,-0.717292845249176,-0.0606212429702281,-0.0145145282149314
-0.0206642169505357,0.1906358152627945,-1.6313751984853297e-05,0.0062990863807499,0.0644295811653137,0.0082554202526807,-0.2981499433517456,-0.0250365026295185,-0.0112033104524016,0.1794999241828918,0.2217078208923339,0.0047633950598537,0.0320335887372493,0.0204734280705451,0.0288574993610382,0.0696891844272613,-0.015460723079741,0.4546420276165008,0.0377439074218273,0.6686994433403015,1.399297833442688,0.0066492864862084,-0.0145145282149314
0.0300287492573261,0.3129179179668426,-3.655155887827277e-05,0.0022464897483587,-0.0267142765223979,0.0535111986100673,-0.0823453143239021,0.0445464886724948,-0.0541476048529148,-0.1120013892650604,0.1077471226453781,-0.0913297235965728,0.0288202073425054,-0.0548244602978229,-0.1307027786970138,-0.1858254820108413,-0.0580575168132782,-0.254558801651001,0.0659589618444442,0.7260369062423706,0.4775818288326263,-0.0295341629534959,-0.0145145282149314
0.0906593725085258,1.398322582244873,-1.6803267499199137e-05,0.0055826720781624,-0.2273205518722534,0.0800979807972908,-0.3856562674045563,-0.113808088004589,-0.0200096163898706,0.0884142816066742,0.0615820176899433,-0.0377596877515316,-0.0102754533290863,0.0779205039143562,-0.0357395857572555,0.1064419150352478,-0.00029553656349889934,0.3848126530647278,-0.0537520833313465,-0.5147111415863037,-0.7409454584121704,0.0493736080825328,-0.0145145282149314
-0.0376870818436145,-2.0127530097961426,-3.1102492357604206e-05,-0.00020466027490329,-0.016253413632512,-0.0169603209942579,0.1222341507673263,-0.1167037114500999,-0.0144070480018854,0.0513086728751659,-0.3127060830593109,-0.0826078653335571,0.0702381357550621,-0.0020184929016977,-0.0592133663594722,-0.0573805198073387,-0.0482655391097068,-0.2970201671123504,-0.154764711856842,-0.4038280546665191,-0.7324914932250977,-0.0148918200284242,-0.0145145282149314
-0.0048213452100753,0.6898894906044006,-2.393054455751553e-05,0.0024038779083639,-0.012168594636023,0.0582050420343875,0.1809250712394714,0.2626884281635284,0.0208677258342504,-0.2720614075660705,0.3218272030353546,0.0371280908584594,0.0505243577063083,0.0953386425971984,-0.0134620703756809,0.1728972196578979,-0.0798001661896705,0.3801708221435547,-0.0200125165283679,0.516865611076355,1.5192573070526123,0.0145347481593489,-0.0145145282149314
0.0386322103440761,0.9354901313781738,-1.2632477591978386e-05,0.0027853725478053,0.0411927886307239,-0.0138535099104046,0.303458422422409,0.0852173119783401,0.0260995235294103,-0.0912123546004295,0.2343198359012603,0.2064468711614608,0.0391301475465297,0.1107925996184349,-0.0117463069036602,-0.0359222367405891,0.0101826814934611,0.3095363974571228,-0.0044591794721782,0.6951466798782349,1.679638147354126,0.0043567488901317,-0.0145145282149314
-0.0068255136720836,0.969252586364746,-2.9382856155280024e-05,0.0046523828059434,-0.0200557466596364,0.0458646342158317,-0.2530906498432159,0.1746813356876373,-0.0202592629939317,0.0679211243987083,0.1499853134155273,-0.0937580019235611,0.0133694782853126,0.1263051778078079,-0.0667564943432807,0.2390243262052536,0.0029235556721687,0.2202724814414978,-0.0674427524209022,0.5957094430923462,0.4932808876037597,0.0317343883216381,-0.0145145282149314
0.0398662127554416,-1.1006232500076294,-6.621942156925797e-05,0.0009115408756770194,0.0551418028771877,0.056398332118988,-0.1378908157348632,-0.1294842660427093,-0.0032295491546392,-0.0348151251673698,-0.2182378321886062,-0.0322330966591835,0.0062848590314388,-0.1780793070793151,0.0174550805240869,0.6058660745620728,0.0566614270210266,-0.008365225046873,-0.0252077132463455,-0.4663402736186981,-0.702953577041626,0.0050800554454326,-0.0145145282149314
-0.0011202747700735,0.0722596645355224,1.074044848792255e-05,0.0036549379583448,0.0140702836215496,-0.0688451007008552,0.1767501384019851,-0.2045024186372757,0.0249514039605855,-0.0967110469937324,-0.362540990114212,-0.0370013155043125,-0.0496447421610355,0.1532385647296905,0.0533822625875473,-0.5043196082115173,0.0050866217352449,-0.240223228931427,-0.0329286642372608,-0.5057141780853271,-0.6570019125938416,-0.0564060173928737,-0.0145145282149314
-0.0484867170453071,0.0843460783362388,-3.3792530302889645e-05,-0.003065224038437,-0.1089018285274505,-0.0567150488495826,-0.1964994072914123,-0.0572682358324527,0.0025603505782783,0.0235580466687679,-0.1376502811908722,-0.049165952950716,0.0098351975902915,0.026088498532772,-0.0470412746071815,0.0420189164578914,0.0165735632181167,0.0085099665448069,0.0155630409717559,0.8525384068489075,1.2563161849975586,-0.0077086980454623,-0.0145145282149314
-0.0599121190607547,1.2271171808242798,-5.56941085960716e-05,0.0175631958991289,0.0439954251050949,-0.010641467757523,0.1330879181623459,0.1314950436353683,-0.0354191996157169,0.022008704021573,-0.001308107515797,-0.0229178126901388,0.0306250546127557,-0.1483360677957534,0.029025662690401,0.0721695274114608,0.0178788788616657,0.4621480703353882,0.0410496816039085,-0.4213471710681915,-0.6173622608184814,0.014642427675426,-0.0145145282149314
-0.0264956895262002,-1.7042137384414673,-0.00036061712307855487,0.0032207954209297,-0.0187676269561052,-0.0609559081494808,-0.1589710116386413,-0.0734542235732078,-0.0943483486771583,-0.2113642394542694,-0.2613545060157776,-0.0379995256662368,-0.0382976904511451,-0.1164170578122139,-0.0065065873786807,-0.1516523361206054,-0.0092144794762134,-0.3262456357479095,-0.1613055616617202,-0.4385475516319275,-0.8386275768280029,0.0013813058612868,-0.0145145282149314
-0.0164457894861698,0.513508677482605,-1.883564254967496e-05,0.0019569050054997,-0.0029921068344265,0.0031526067759841,0.1768193989992141,0.2503281533718109,-0.0370686165988445,-0.1720953285694122,0.224133625626564,0.060518305748701,0.0424727872014045,0.126387745141983,-0.0348755940794944,0.0617135986685752,0.0107017206028103,0.3507200181484222,-0.0100178234279155,0.5435338616371155,2.0209357738494877,0.029017936438322,-0.0145145282149314
-0.014593219384551,-1.9450628757476809,-3.669440047815442e-05,0.0018009488703683,-0.0466141477227211,0.0442509204149246,0.0594913251698017,-0.1839942783117294,-0.0056814029812812,-0.1213525831699371,-0.3764871656894684,-0.02341840416193,0.0604555048048496,0.1022439077496528,-0.0260126926004886,0.1809517443180084,0.0091472184285521,-0.0837087482213974,-0.1561912298202514,-0.4226287305355072,-0.693870484828949,0.0171667858958244,-0.0145145282149314
-0.0197452623397111,-2.105279922485352,-0.0001112163590732962,-0.0017175817629322,0.0726422592997551,0.0107950177043676,-0.3018509149551391,-0.1322513073682785,-0.0462176203727722,0.0909406691789627,-0.2532774209976196,0.029511597007513,0.0109491785988211,-0.0522953122854232,0.0623388215899467,-0.0389735773205757,0.0379278324544429,-0.0606135353446006,-0.0335496589541435,-0.4544674456119537,-0.7776852250099182,-0.004929965827614,-0.0145145282149314
0.0977400168776512,1.0484699010849,-9.594787115929648e-06,0.0019476904999464,0.1073221489787101,0.1695581674575805,-0.1836962103843689,-0.1169717535376548,-0.021139221265912,-0.0205482970923185,0.1255585849285125,-0.0326679311692714,0.0022135421168059,0.0898156464099884,0.0012855571694672,-0.2012097090482711,0.1082955375313758,0.5497499704360962,0.1757790446281433,-0.4385285675525665,-0.5770092010498047,0.041485134512186,-0.0145145282149314
-0.004237042274326,-0.9803227186203004,-2.213714469689876e-05,0.0012767842272296,-0.0174080561846494,0.029484013095498,-0.219181016087532,0.0600970722734928,-0.0100120957940816,-0.0274392422288656,-0.1129951477050781,0.0090031633153557,0.0044135339558124,0.1400722712278366,0.0761473029851913,0.122741550207138,-0.0566017627716064,0.200877159833908,0.4183987975120544,0.7044032216072083,1.3791828155517578,0.0685768499970436,-0.0145145282149314
0.0244283322244882,1.477160096168518,-4.051683936268091e-05,-0.0245179552584886,0.0219574347138404,0.0748143941164016,-0.5744362473487854,-0.1451702862977981,-0.0113750556483864,0.0701261013746261,-0.0942352563142776,-0.0421915091574192,-0.1064204797148704,-0.134571835398674,-0.0274923276156187,0.0522028654813766,0.0225917547941207,-0.0922054201364517,-0.0423009470105171,-0.4709102511405945,-0.7239017486572266,-0.004380693193525,-0.0145145282149314
-0.0017596693942323,0.7222649455070496,-1.3849326933268458e-05,0.0081259254366159,-0.2482742220163345,0.2162150144577026,-0.1721236556768417,-0.0474354587495327,-0.0060161701403558,-0.204068049788475,-0.0208561923354864,0.1052566245198249,-0.0167949236929416,0.1869833618402481,-0.0361342541873455,0.5557788610458374,-0.0949179753661155,-0.3359196782112121,-0.0724405199289321,-0.5015197992324829,-0.6807835102081299,0.0248684771358966,-0.0145145282149314
0.0187594722956419,-0.1506844758987426,-1.2740816600853576e-05,0.0026644864119589,-0.0179015230387449,0.0603702031075954,0.1083103939890861,0.0659502074122428,0.0450110621750354,-0.0284836869686841,-0.1570108085870742,-0.0663924813270568,0.01899298094213,0.1410779953002929,-0.0314815156161785,0.1065118983387947,-0.0767175704240799,-0.1555075049400329,-0.1296748965978622,0.7170917987823486,2.056000232696533,0.022442739456892,-0.0145145282149314
0.0876513719558715,0.793257474899292,-6.19798811385408e-05,0.0071994704194366,0.3043116927146911,0.043964322656393,0.0130854090675711,-0.1323696374893188,0.1325613409280777,0.0227958429604768,-0.1451238840818405,-0.050926174968481,0.082230269908905,-0.133140429854393,-0.0047642877325415,0.2934945821762085,-0.0073401927947998,-0.0389294326305389,0.0162069424986839,-0.4441003799438476,-0.570306658744812,0.0511977039277553,-0.0145145282149314
-0.024209689348936,-1.9003959894180296,-6.099031452322379e-05,0.0029927706345915,0.032807320356369,0.0354562066495418,-0.4126816093921661,-0.0364003293216228,-0.0433319956064224,0.1344169825315475,-0.2772160172462463,-0.0807501748204231,0.0173666775226593,-0.0930869802832603,-0.0054700598120689,0.0855407491326332,0.0042655505239963,-0.2550923824310303,-0.1590951383113861,-0.4136382639408111,-0.7280401587486267,0.0041544800624251,-0.0145145282149314
-0.0082404501736164,-2.115769624710083,-5.040064570493996e-05,0.0025941515341401,0.0543611608445644,-0.0329634621739387,-0.2412725985050201,-0.098530426621437,-0.0083172693848609,0.0547389984130859,-0.0147572038695216,-0.0570440888404846,-0.1176584810018539,-0.1833769381046295,-0.03413837403059,-0.1599878370761871,-0.0288177579641342,-0.0780467167496681,-0.0830383375287056,-0.4654515981674194,-0.8210570216178894,-0.0298576578497886,-0.0145145282149314
0.0067832297645509,1.2859834432601929,-1.587256701895967e-05,0.0035995338112115,0.0695860609412193,0.0137095600366592,-0.1502392739057541,-0.0335641726851463,0.0515326410531997,0.1361743956804275,0.1508326232433319,-0.0273274388164281,0.0154232652857899,0.056319810450077,0.0711797401309013,-0.0737188905477523,-0.0252320133149623,0.6421690583229065,0.0140670593827962,0.6382778286933899,1.1182371377944946,-0.0089782439172267,-0.0145145282149314
-0.0157200209796428,-1.869059920310974,-0.00015516344865318388,0.0022715381346642,0.00040523771895095706,0.1200130507349968,-0.0616448521614074,-0.0436262674629688,-0.0095293251797556,-0.1339981704950332,-0.317670613527298,0.0125192888081073,0.0944415628910064,-0.1761008650064468,0.1380036026239395,0.0740313529968261,-0.0118158189579844,-0.2811925113201141,-0.1978238672018051,-0.4145024120807647,-0.7047510743141174,0.0074005555361509,-0.0145145282149314
0.0331924520432949,1.483445644378662,-1.2381962733343244e-05,0.0076713268645107,0.0363252982497215,-0.203223168849945,0.3371254205703735,-0.1134063750505447,-0.0004925905959680676,-0.1419581770896911,-0.2513068616390228,-0.0043700784444808,0.0154044851660728,0.0574520118534565,-0.0242273528128862,0.5271722078323364,-0.0040081613697111,0.5326366424560547,-0.043440468609333,-0.3754678666591644,-0.4528705775737762,-0.0021130666136741,-0.0145145282149314
0.0355413705110549,1.161523699760437,-2.349985152250156e-05,0.0248150303959846,0.1153804138302803,-0.0816051661968231,0.0524859018623828,0.1740885525941848,-0.0002292766148457304,0.040344201028347,0.5726550817489624,-0.0596758686006069,-0.0537387505173683,0.1002651900053024,0.0390207357704639,0.0635211914777755,0.034898966550827,-0.1623446941375732,0.0013739282730966,-0.345988780260086,-0.5640182495117188,-0.0083996783941984,-0.0145145282149314
0.0011168493656441,1.0746543407440186,-1.4456429198617116e-05,0.0029093483462929,0.1674301773309707,0.0118610365316271,0.1681119054555893,0.0422245375812053,-0.0179028641432523,-0.1352114379405975,0.0725838243961334,-0.0381759293377399,-0.0003809448971878737,0.1197632178664207,-0.0112008601427078,-0.1784812211990356,-0.0561073683202266,-0.5378332138061523,-0.0069445995613932,0.5763199329376221,-0.0630548074841499,-0.030289776623249,-0.0145145282149314
0.0568999089300632,0.5308595895767212,-6.6436477936804295e-06,0.0038609001785516,0.1612018942832946,-0.0159575510770082,-0.3416324257850647,-0.1261316239833831,-0.043323203921318,-0.0294471997767686,-0.1990163326263427,-0.0792482942342758,-0.0388241820037364,0.1836659610271453,-0.0049955658614635,0.0526230335235595,-0.0244182143360376,-0.4064474701881408,-0.0845054909586906,-0.5265002250671387,-0.7419291734695435,0.0259655695408582,-0.0145145282149314
0.0875188261270523,1.139521598815918,-1.590844476595521e-05,0.0028937158640474,-0.0604464821517467,0.1260860562324524,0.4436060190200805,-0.0877213552594184,0.0330214463174343,-0.1758795380592346,0.1861114501953125,-0.0829649716615676,-0.0386186093091964,0.0836795940995216,-0.0063725956715643,-0.1410954147577285,-0.0514136515557765,0.5529271364212036,-0.0685222521424293,-0.4521270096302032,-0.619069516658783,-0.0160270761698484,-0.0145145282149314
-0.0335602164268493,-1.6207085847854614,-2.278751344420016e-05,-0.005856639239937,0.0021963019389659,0.0836724787950515,0.1488196104764938,-0.1549061983823776,0.0377605073153972,-0.2426242232322693,-0.3024405539035797,-0.0278526544570922,-0.0373811833560466,-0.0161133129149675,0.0634999051690101,-0.2043728828430175,0.0047362744808197,-0.2946674823760986,-0.2006929814815521,-0.3921518921852112,-0.682864248752594,-0.0284540262073278,-0.0145145282149314
0.0734884813427925,-1.666137933731079,-1.2423912266967818e-05,0.0013439948670566,0.0166544392704963,0.0093577932566404,0.0048560081049799,-0.06052191182971,0.0103458864614367,0.0565052963793277,-0.1155028864741325,-0.0353655032813549,0.0753098204731941,0.0591809190809726,0.0348262451589107,0.2040527611970901,-0.1065964996814727,0.6777879595756531,0.5189279913902283,0.6336589455604553,0.7064167857170105,0.0165877193212509,-0.0145145282149314
0.0340731628239154,0.4329354166984558,-9.474231774220245e-06,0.003621376119554,0.0537300780415535,-0.1915476471185684,-0.0022144992835819,-0.1339685022830963,-0.0585341639816761,0.0406975261867046,0.2449028044939041,-0.114533394575119,-0.0929188728332519,-0.0006466997438110411,0.0285506602376699,-0.2722114324569702,-0.0294488817453384,0.0269147455692291,0.0518373548984527,-0.5609995126724243,-0.7434123158454895,-0.0698472708463668,-0.0145145282149314
0.0395005866885185,0.5100120306015015,-1.5110210370039567e-05,0.0071844076737761,0.0963194295763969,0.3671891093254089,-0.1883514523506164,-0.1226522251963615,-0.0514708794653415,-0.0145277976989746,0.1472663283348083,-0.0490055084228515,-0.0266865752637386,0.0315961986780166,-0.0076187951490283,0.055757213383913,-0.0259853359311819,0.3312999308109283,0.0366702117025852,-0.4268838465213775,-0.6566177606582642,0.0082388268783688,-0.0145145282149314
-0.0425292775034904,0.9796214699745178,-2.581056469352916e-05,0.0029338491149246,-0.0172723662108182,-0.091195173561573,0.181745558977127,0.1237520650029182,-0.0567452870309352,0.1484805792570114,0.1449341028928756,-0.0601509883999824,-0.0793787091970443,-0.0758343264460563,-0.0163442529737949,-0.0232676099985837,-0.006834166124463,0.3804862201213836,-0.0211003348231315,0.6342869400978088,1.0441511869430542,-0.0534998103976249,-0.0145145282149314
0.0707680061459541,1.2323750257492063,-4.3929205276072025e-05,0.00023192445223685357,-0.0185573436319828,-0.1639851033687591,0.1651277989149093,-0.0309671405702829,-0.0327930115163326,-0.0265415646135807,-0.2517257332801819,-0.0660217925906181,0.0423180051147937,0.0595836639404296,-0.0336461775004863,-0.0974162071943283,0.0369774140417575,0.2974174916744232,-0.1535419076681137,0.692202627658844,-0.1244846656918525,-0.0230316072702407,-0.0145145282149314
0.0334764160215854,-0.2551275491714477,1.0768264473881572e-05,0.0022989185526967,0.0245289038866758,-0.0208903327584266,0.1861103028059005,0.0204030517488718,0.0395709984004497,0.0768716186285018,-0.2224645167589187,-0.0207952540367841,-0.0124976718798279,0.0311634335666894,0.0008515199297107756,-0.0297926347702741,0.0385187081992626,0.3797161877155304,0.2378240227699279,0.7021466493606567,1.5983240604400637,-0.0049910726957023,-0.0145145282149314
0.036599900573492,1.3728500604629517,-2.507126919226721e-05,-0.0116413924843072,0.2172607779502868,0.0291320700198411,-0.3648655116558075,0.3399314880371094,0.0379227027297019,0.1944594830274582,0.4131213426589966,-0.0459757260978221,0.0398829579353332,0.0307805687189102,-0.0126949995756149,0.0919082090258598,-0.010946936905384,-0.0142136747017502,-0.0314008146524429,-0.3753982484340668,-0.4657467603683471,0.0012881165603175,-0.0145145282149314
0.0036871929187327,0.7491543889045715,-1.779142621671781e-05,-0.0055609792470932,0.0225861277431249,0.0359661094844341,0.2970531582832336,0.1117725595831871,-0.0057677831500768,-0.1756433099508285,0.2145489305257797,0.0956988707184791,0.0318222120404243,0.0258058849722147,-0.0692945122718811,-0.0219458509236574,0.0130332317203283,0.0343715772032737,-0.0369097292423248,0.533952534198761,0.6164770722389221,0.0160204302519559,-0.0145145282149314
0.0566132850944995,0.8171765208244324,-1.6220838006120175e-05,0.0029808485414832,-0.0233364664018154,-0.0774898678064346,0.4415069818496704,0.0610857829451561,0.0735262185335159,0.0876385793089866,0.1035221517086029,-0.0617073364555835,-0.0123292971402406,0.0800664871931076,-0.0185855627059936,0.1673431694507599,0.084146112203598,0.1160794720053672,0.1983350217342376,0.6460676789283752,-0.0324396304786205,0.0551435761153698,-0.0145145282149314
-0.0529545433819294,-2.15722131729126,-2.584632602520287e-05,0.0015029755886644,0.0174959190189838,0.0166713539510965,-0.228250965476036,0.1149023249745369,-0.0422302968800067,0.1178854554891586,0.1539932787418365,0.0429383404552936,0.014350239187479,0.0800992026925087,-0.0850612893700599,-0.0646294355392456,-0.0163514334708452,-0.0019075336167588,-0.0149217303842306,0.7190834879875183,0.7347005605697632,-0.0018985403003171,-0.0145145282149314
-0.021248560398817,0.4422929584980011,-4.830410762224346e-05,0.0036742375232279,-0.2394517809152603,0.1071058884263038,-0.0143714407458901,-0.0907292291522026,0.027996564283967,0.0492173358798027,0.0361901149153709,0.0089748073369264,0.0180693473666906,-0.1177580207586288,-0.030869398266077,0.2454212605953216,-0.0603767074644565,0.6503214836120605,0.2862239480018616,-0.4375860393047333,-0.6462869644165039,0.0599611029028892,-0.0145145282149314
-0.0751967281103134,1.0243085622787476,-4.955101758241653e-06,0.0088445916771888,-0.1855160892009735,0.1292220652103424,0.2526880800724029,0.3650273084640503,0.064924731850624,0.0413166619837284,0.2647137939929962,-0.0328484922647476,0.0281588099896907,0.1313328295946121,0.0077561317011713,0.3775976598262787,-0.0390699431300163,0.637054443359375,0.1518227905035019,-0.3663294613361358,-0.4857863187789917,0.0169006567448377,-0.0145145282149314
0.0074896961450576,0.6180206537246704,-1.303716271650046e-05,0.0032016232144087,-0.0022436962462961,-0.0505398139357566,0.4272120893001556,0.1954416781663894,0.1376796513795852,0.0091347564011812,0.2787341475486755,-0.0415447168052196,-0.0156240072101354,0.0979782417416572,-0.0041002240031957,0.3372384905815124,-0.1317956894636154,-0.156744971871376,-0.0500021800398826,0.5975276827812195,0.0003885579062625766,0.019317714497447,-0.0145145282149314
-0.0171400401741266,1.1708723306655884,-1.1965570593019947e-05,0.0044932523742318,0.0043110218830406,0.0260916519910097,-0.3553730547428131,-0.0216527935117483,0.0440105870366096,-0.2172557264566421,-0.1543443650007248,0.0612701140344142,-0.0088268546387553,0.0729602202773094,-0.0161379221826791,0.0679667443037033,-0.0495235547423362,0.3863139748573303,-0.1018672436475753,0.717913031578064,0.5300542712211609,0.0176915563642978,-0.0145145282149314
-0.0237531829625368,-0.276816576719284,-1.9856772269122303e-05,-0.0054865470156073,-0.0565157607197761,-0.0418839193880558,0.3658272325992584,0.024782920256257,-0.03367405757308,-0.0894898623228073,0.0739786475896835,-0.0349212251603603,-0.0253216456621885,-0.114442154765129,-0.0410988219082355,0.070941649377346,0.0180590339004993,0.013051719404757,-0.0009492781246080996,-0.5751619338989258,-0.822078287601471,0.0211094319820404,-0.0145145282149314
-0.0272177625447511,-1.9120382070541384,-8.415770571446046e-05,0.0020463052205741,-0.0555178076028823,0.1128226742148399,-0.2415179759263992,-0.1287684440612793,-0.0310759022831916,-0.002882789587602,-0.305571049451828,-0.0733274668455123,0.0061607067473232,-0.1308731138706207,0.1858953982591629,-0.1621103286743164,-0.0146470414474606,-0.2997415065765381,-0.2405606210231781,-0.4328345656394958,-0.7555872201919556,-0.011017782613635,-0.0145145282149314
0.0094014685600996,1.089823842048645,8.385104592889547e-07,0.0052211959846317,0.0265951137989759,0.0220161043107509,-0.1758425682783126,-0.000587388698477298,0.0206799749284982,0.0361386947333812,-0.1137975305318832,-0.0143326967954635,0.0434826985001564,-0.0103923492133617,0.0281221996992826,0.0337671041488647,-0.0579046122729778,0.1972208768129348,0.026239288970828,0.8085079193115234,1.780253291130066,-0.0323477685451507,-0.0145145282149314
-0.0100958608090877,-0.5783321261405945,5.029836029279977e-05,-0.0038326520007103,-0.0150101017206907,-0.1679702252149582,0.1843133568763733,0.0462645106017589,-0.0243152771145105,0.056978739798069,-0.1749716699123382,0.3021626770496368,-0.0392583422362804,0.2644951343536377,0.0816451609134674,0.1026617139577865,0.0194142274558544,0.0083966059610247,-0.0415294989943504,-0.5216190814971924,-0.7080318927764893,0.0074889338575303,-0.0145145282149314
0.0770861729979515,-0.1133015304803848,-6.293421029113233e-05,0.00212222058326,-0.0153933046385645,-0.0270380228757858,-0.0043014665134251,-0.0381515696644783,-0.0068029812537133,0.1868625581264495,-0.2616060078144073,0.0228090621531009,0.038786631077528,0.0848601534962654,-0.0072645591571927,0.0442066900432109,-0.0010024255607277,0.3295426666736603,0.0035759028978645,0.8188515901565552,0.6943974494934082,0.00633943406865,-0.0145145282149314
0.0301984306424856,-2.066793918609619,-0.00016834685811772945,-0.0013305043103173,-0.0657349228858947,-0.027003800496459,-0.0661091282963752,-0.1106267273426055,0.1500200927257537,0.0548961013555526,-0.1842211335897445,-0.0588481165468692,0.0608845725655555,-0.0912849828600883,-0.0730890408158302,0.0267080906778574,0.021623034030199,-0.0413151271641254,-0.0481400750577449,-0.4978590607643127,-0.8108330965042114,0.0038987309671938,-0.0145145282149314
0.0373430028557777,-1.4468179941177368,0.00025974432355724275,0.0025403760373592,-0.0815260112285614,0.0559662543237209,0.4154229164123535,-0.1613786071538925,0.0281558632850646,-0.3838220238685608,-0.2887878119945526,0.516701877117157,0.0666047558188438,0.2774922847747803,0.0482555478811264,-0.1549414098262787,-0.0236864369362592,-0.0162809640169143,-0.0066095073707401,-0.4585128128528595,-0.6520695686340332,-0.0116291819140315,-0.0145145282149314
-0.029376670718193,-2.063507080078125,-5.303474608808756e-06,0.0015707911225035,0.0195192322134971,-0.0164387747645378,-0.1106719374656677,-0.1507593542337417,0.0092085236683487,-0.0710481032729148,-0.2732053399085998,-0.0442490503191947,-0.1091581732034683,-0.0089640188962221,0.0149676920846104,-0.0022517836187034,-0.0240682382136583,-0.2861334383487701,-0.1499688029289245,-0.3789395689964294,-0.7612064480781555,0.0509713888168334,-0.0145145282149314
0.0311322398483753,1.0142929553985596,-2.499931724742055e-05,-0.0109777301549911,0.0373018644750118,-0.1997764706611633,0.1501062363386154,0.0440333671867847,-0.0278212185949087,0.008445949293673,0.1293189078569412,-0.0303240306675434,0.0060435715131461,0.0679458454251289,0.0095570990815758,0.0522895380854606,0.036918930709362,0.0026507503353059,-0.024410143494606,0.7317590117454529,1.080151081085205,0.0115939192473888,-0.0145145282149314
0.0081063946709036,-0.1530201584100723,-4.926558176521212e-06,0.0022090571001172,-0.0688568726181984,0.0314295999705791,0.5889849662780762,-0.1892663389444351,0.0297657437622547,-0.2878731787204742,0.0922675803303718,0.0589366070926189,-0.0051252311095595,0.1802889555692672,-0.007537935860455,-0.3982877433300018,-0.023218972608447,-0.4495973885059356,-0.1490613967180252,-0.4745961129665375,-0.5923501253128052,-0.0760925933718681,-0.0145145282149314
-0.045961495488882,0.6121647357940674,-3.75006566173397e-05,0.0021976884454488,0.0486818626523017,0.0376140251755714,0.1641533225774765,-0.1785341501235962,0.0670690685510635,0.0552543401718139,-0.19129179418087,-0.0088539589196443,0.0104771722108125,0.0031750872731208,-0.0117584997788071,-0.1111851558089256,-0.0510342307388782,0.2073708474636078,-0.1285961121320724,0.7711088061332703,0.7655320763587952,-0.0150828408077359,-0.0145145282149314
0.0523310266435146,1.0399633646011353,-1.1263859050814062e-05,0.009597934782505,-0.1703594028949737,0.0579947419464588,0.132490873336792,0.2107258439064026,-0.0415989272296428,0.0238227155059576,0.2046859562397003,0.1081496998667717,-0.0507377833127975,0.0854093357920646,0.02318218909204,-0.0258916486054658,-0.0306855160742998,-0.4603965580463409,-0.0472317747771739,0.5137604475021362,-0.2528887987136841,0.0122528253123164,-0.0145145282149314
-0.0196557715535163,0.4281084537506103,-7.486974936909974e-06,0.0006653721211478114,0.0970222577452659,-0.1227573305368423,0.3285665810108185,-0.2064602524042129,0.0026276255957782,-0.2737038731575012,-0.2093637585639953,-0.0801156163215637,0.0268428437411785,0.0530325509607791,0.0002476244990248233,0.0157952718436718,0.0133704105392098,0.7741235494613647,0.2664142847061157,-0.4225368499755859,-0.6538739800453186,-0.0184333734214305,-0.0145145282149314
-0.0177296306937932,0.8749228119850159,-1.7778471374185756e-05,0.0067757638171315,-0.0713795647025108,0.0528347939252853,-0.0763634890317916,0.0274204388260841,-0.0479406639933586,-0.0467502959072589,-0.1152088493108749,-0.007337752263993,0.0295538622885942,0.0942634791135788,0.015624264255166,0.2390389293432235,-0.0547411143779754,0.0013231876073405,-0.0507513470947742,0.7294760942459106,0.9076244235038756,0.025337815284729,-0.0145145282149314
0.0057240761816501,0.9265729784965516,-1.0520849173190072e-05,0.0006877300329506397,-0.0272053889930248,0.0328158810734748,0.1526200622320175,0.0021245416719466,0.0028747308533638,-0.1291009932756424,-0.1257380545139312,-0.0224894396960735,0.0188554786145687,0.0732095763087272,-0.0329080186784267,-0.1205345094203949,-0.124651551246643,-0.0822163969278335,-0.0729193612933158,0.7941437363624573,1.4257676601409912,-0.0150318043306469,-0.0145145282149314
-0.0028258978854864,0.5233814120292664,-4.163860285189003e-05,0.0029905943665653,-0.0415677689015865,-0.012385650537908,-0.1362923830747604,-0.0743064805865287,-0.02881845459342,0.1444148570299148,0.2011605054140091,0.1833554655313491,-0.0231238864362239,0.0599416196346282,0.0066416044719517,0.1108703091740608,-0.0449825562536716,0.1982237994670868,-0.0516065135598182,0.7155827283859253,1.399415135383606,0.0085366275161504,-0.0145145282149314
0.0050339032895863,0.5505243539810181,-2.204552583862096e-05,0.005672151222825,0.0404908508062362,0.0481607243418693,-0.2388270795345306,0.2357565909624099,-0.0464471317827701,0.1092831045389175,0.1771053969860077,-0.026133818551898,-0.0155008230358362,0.0912414416670799,0.0417546071112155,0.1130888983607292,-0.0941545516252517,0.1154133975505828,0.1067896038293838,0.681722104549408,1.109371304512024,0.0172805879265069,-0.0145145282149314
0.0164901670068502,0.114234335720539,-0.0001738817081786692,-0.010772650130093,-0.0651232898235321,0.0193871967494487,-0.3261568546295166,-0.051822256296873,-0.0309632383286952,-0.0056397062726318,-0.2172281295061111,-0.0503878407180309,0.0619656927883625,-0.1571337729692459,0.052158024162054,0.0847721993923187,0.0480227805674076,-0.0423215664923191,-0.0053490558639168,-0.5991023182868958,-0.8254616260528564,-0.0008787562837824225,-0.0145145282149314
0.0860547125339508,0.1310514956712722,-1.9045412045670677e-05,0.005317848175764,0.1052873656153678,0.0512527637183666,-0.1930150240659713,-0.0323103256523609,-0.0743645057082176,0.0872475281357765,0.0590272769331932,-0.0061490898951888,-0.008274202235043,0.0562342181801795,0.0024370055180042,0.0813711807131767,0.0067423335276544,0.5984612703323364,0.0447829663753509,-0.4750622510910034,-0.6181765198707581,0.0684573575854301,-0.0145145282149314
-0.0302986893802881,-0.2532839179039001,-3.5635319363791496e-05,0.0137958778068423,0.1330549567937851,-0.001774676493369,-0.1962524801492691,-0.0584870725870132,0.1544353663921356,0.2271479666233062,0.0398955941200256,-0.0702890008687973,0.0565145947039127,-0.1068242564797401,-0.0255993697792291,0.053043320775032,0.00043214112520217896,0.4393767416477203,0.2800966203212738,-0.4542226195335388,-0.6345458626747131,0.0209809690713882,-0.0145145282149314
0.0176985301077365,-1.4471343755722046,-5.098199471831322e-05,0.0023836039472371,-0.0044662044383585,-0.0156484972685575,0.2814480364322662,-0.0981896594166755,0.0006533392588607967,0.0203598495572805,-0.1793679296970367,-0.0636081174015998,0.0919684469699859,-0.1349156200885772,0.0409395433962345,0.2196273058652877,-0.0184078607708215,0.9304474592208862,-0.1174049526453018,-0.4452835619449615,-0.6864824891090393,0.0263651907444,-0.0145145282149314
-0.0089511917904019,0.7983914613723755,-2.054757351288572e-05,0.0024106518831104,-0.0005221947212703526,0.0481976233422756,0.1771818846464157,0.5188872218132019,-0.0307241287082433,0.0094102472066879,0.2149753272533416,0.0691653490066528,0.0202834010124206,0.0850866958498954,0.0180344097316265,-0.1136059314012527,-0.0190890226513147,-0.3543856143951416,-0.0337856486439704,0.5489436984062195,1.7575113773345947,-0.0287851300090551,-0.0145145282149314
-0.0220857262611389,1.3404548168182373,-3.8512655009981245e-05,0.0184875074774026,0.1034550741314888,0.0660137459635734,0.258182555437088,0.2812742888927459,-0.0211398508399724,0.0881800577044487,0.4191652536392212,0.0317891053855419,0.0252332594245672,0.0635440498590469,-0.029299683868885,0.5434883236885071,0.0477092638611793,0.2783743143081665,0.00256720604375,-0.386175125837326,-0.4864501357078552,0.0052414187230169,-0.0145145282149314
0.0082139279693365,0.0960115864872932,-1.4163331798044965e-05,0.002750706160441,0.1233040392398834,-0.0137518048286437,0.1439475417137146,0.3937154114246368,-0.0069104991853237,0.1442754119634628,0.2534494400024414,-0.0232445355504751,0.0440329909324646,-0.0003675574553199112,-0.0094141103327274,-0.066081203520298,0.0478056371212005,0.3909309804439544,0.1229230165481567,0.688461184501648,1.8925272226333616,0.0027948424685746,-0.0145145282149314
0.0102043701335787,0.6755205392837524,-2.635907003423199e-05,0.0020064758136868,0.0091010341420769,0.0185119304805994,0.0986044630408287,0.0380886197090148,0.0998838767409324,0.0559032596647739,0.0786722525954246,-0.0545726865530014,0.038775485008955,0.068448469042778,0.0232150722295045,0.2312721014022827,0.0786691084504127,0.268037885427475,0.1171959936618805,0.7256169319152832,1.9886003732681277,0.0412432886660099,-0.0145145282149314
-0.0129853123798966,1.4836372137069702,4.390407411847264e-06,0.0353825241327285,0.1769292801618576,0.0300688184797763,0.2406330555677414,0.0565266236662864,0.1296368986368179,-0.0548710785806179,-0.140883132815361,0.0099109848961234,0.0156278293579816,0.103521928191185,0.0323824509978294,0.6476938724517822,0.0350600257515907,0.0456463322043418,-0.0037124294321984,-0.4227104485034942,-0.5478451251983643,-0.0033349345903843,-0.0145145282149314
-0.1143137216567993,1.0979479551315308,-9.95250593405217e-06,-0.0096080657094717,-0.1378596872091293,-0.0788976177573204,0.3718448281288147,0.2199832946062088,-0.0437179766595363,-0.0750187635421752,0.4789800643920898,-0.005171210039407,0.0201811958104372,0.0228431969881057,-0.0210653990507125,0.050878457725048,-0.017170887440443,-0.0789955779910087,-0.0255130380392074,-0.431155115365982,-0.634702742099762,0.0068644830025732,-0.0145145282149314
0.0528875850141048,1.085042953491211,9.107337973546237e-06,-0.0167911574244499,0.1621041893959045,0.1938757300376892,0.4150746762752533,0.3068112730979919,-0.0619935095310211,-0.1557032316923141,0.2370848655700683,0.2119596600532531,-0.0223850756883621,0.2307863533496856,-0.0101362625136971,0.0563926771283149,-0.0054090931080281,-0.0508192516863346,0.0048433886840939,-0.3648974299430847,-0.6330585479736328,0.0216119829565286,-0.0145145282149314
-0.0056196996010839,0.6001060009002686,-3.8194986700546e-05,-0.0013221316039562,-0.0608035512268543,0.2407601326704025,-0.142278641462326,-0.085158571600914,0.0421591773629188,0.0379540659487247,-0.1525159329175949,0.0036531623918563,0.0426699891686439,0.1393586844205856,-0.019192237406969,-0.0633182898163795,0.0240717902779579,0.1273311227560043,-0.0877041965723037,-0.4924932420253753,-0.6763446927070618,-0.0078382762148976,-0.0145145282149314
0.021016938611865,0.7027478218078613,-8.040839020395651e-06,0.002309228060767,0.0298705212771892,0.0389671698212623,-0.055287379771471,-0.1188405826687812,0.028772035613656,0.0609341561794281,0.2207531780004501,0.0370036773383617,-0.034532930701971,0.1738007217645645,0.0017400175565853,-0.3266293406486511,0.032754573971033,-0.3673564195632934,-0.0275977961719036,-0.4996744990348816,-0.6970226168632507,-0.0273041352629661,-0.0145145282149314
0.0092763723805546,-0.4428525567054748,-1.890749263111502e-05,0.0012397146783769,0.0824532061815261,0.0657243579626083,0.1758787184953689,0.7091211676597595,0.1633155941963195,-0.1191112250089645,0.3435759842395782,0.0968741476535797,0.0546798333525657,0.1142298504710197,0.0403125956654548,0.0009234416647814214,-0.0321028195321559,0.390385091304779,0.0826760083436966,0.7229727506637573,2.158900737762451,-0.0276940148323774,-0.0145145282149314
0.0469409860670566,1.2367141246795654,-2.2006181097822264e-05,0.0097722643986344,-0.0665688589215278,0.234377309679985,-0.6350716352462769,-0.2056726068258285,-0.024773521348834,0.0340431742370128,0.2317599803209304,-0.0053058983758091,-0.0660993456840515,0.0999965220689773,-0.015430181287229,-0.4497629106044769,0.0434400588274002,-0.3185184001922607,-0.0361004546284675,-0.509986937046051,-0.6941208243370056,0.0045463843271136,-0.0145145282149314
0.0306977368891239,0.3748297989368438,-9.950462845154108e-05,-0.0128032397478818,-0.0135663598775863,-0.3419742286205292,-0.1304454505443573,-0.1932385265827179,-0.0580859892070293,0.0718911737203598,0.1339325159788131,-0.0924489572644233,-0.145052284002304,-0.277257889509201,-0.0413728430867195,-0.0228105597198009,-0.025856802240014,-0.0916341692209243,-0.0435864776372909,-0.5115718841552734,-0.7547171711921692,-0.0031139079947024,-0.0145145282149314
-0.0165678206831216,0.8336208462715149,-3.063409531023353e-05,0.0054902238771319,-0.0526592582464218,-0.0029127129819244,-0.3443284928798675,-0.0358673818409442,-0.0280815567821264,0.0267561711370944,0.1145278885960578,-0.0814998820424079,-0.0327685996890068,0.0504765212535858,-0.0171404667198658,0.0219596680253744,0.0221326760947704,-0.0114343492314219,-0.0551226399838924,0.7981539368629456,0.5709681510925293,0.0290358681231737,-0.0145145282149314
-0.0160955395549535,0.6085531711578369,-2.0343992218840867e-05,-0.0091264555230736,-0.2192500531673431,0.2263819575309753,-0.2588820159435272,0.5621975660324097,0.0748467072844505,0.1026304066181182,0.4734534919261932,0.1160997003316879,0.1121593490242958,0.1615801304578781,-0.0065193576738238,0.0890881493687629,0.0312280692160129,-0.0147900898009538,-0.0310479942709207,-0.4050655961036682,-0.6318618655204773,0.0184344369918108,-0.0145145282149314
0.0636608302593231,1.0697282552719116,-1.4411787560675292e-05,0.009587419219315,-0.159773588180542,0.1276367008686065,-0.1802985966205597,-0.1223474144935607,0.0349745973944664,0.1692662090063095,0.1551051884889602,0.2135546505451202,-0.0304555259644985,0.0950201824307441,-0.0319432727992534,-0.442879855632782,0.1456603407859802,-0.3012786209583282,-0.0477530471980571,-0.4829287528991699,-0.684805154800415,0.0424812734127044,-0.0145145282149314
0.002176352776587,0.8047753572463989,-1.3228094758233055e-05,0.0034146944526582,0.044068593531847,0.0412323363125324,0.1246269643306732,0.1968071907758712,-0.0192505363374948,0.1251146048307418,0.2363727688789367,0.0971537008881568,0.014311303384602,0.088375337421894,0.0119712576270103,0.0445718169212341,0.06462262570858,0.3379409313201904,-0.0212833099067211,0.5847497582435608,1.6011006832122805,0.0232222881168127,-0.0145145282149314
-0.0076035531237721,1.1712604761123655,5.173245881451294e-06,0.0067476867698132,0.2598407566547394,0.1446860581636428,0.2357490509748459,0.3089120984077453,-0.0213433355093002,-0.1601074784994125,0.2466767281293869,0.2393669188022613,0.0539569966495037,0.2334183454513549,0.1001419499516487,0.5123424530029297,-0.0031772614456713,-0.3986096978187561,0.0064512644894421,-0.3097111582756042,-0.4206030964851379,0.0020218074787408,-0.0145145282149314
-0.0063082594424486,0.3993374407291412,-1.4479912351816893e-05,0.0031989850103855,-0.1664666533470153,-0.0156383290886878,0.2611468136310577,-0.0987844988703727,-0.0620165988802909,0.0058061438612639,0.0874339863657951,0.0516963563859462,-0.0315249264240264,0.0883225798606872,-0.0139899617061018,-0.0082403179258108,-0.0430213175714015,-0.2022087723016739,-0.0751642510294914,-0.5613580942153931,-0.8127283453941345,0.0667851641774177,-0.0145145282149314
0.0202238652855157,-0.3955808877944946,-3.1056333682499826e-06,0.0039342162199318,0.1266313344240188,0.2111151665449142,-0.3117517530918121,0.8440395593643188,0.0340550988912582,-0.0056875133886933,0.7152012586593628,-0.0048955529928207,-0.0203163269907236,0.1035761684179306,-0.0082349879667162,-0.3105058968067169,-0.032017096877098,-0.007390899118036,-0.0587156452238559,-0.5027804970741272,-0.577703595161438,-0.0341565944254398,-0.0145145282149314
-0.0077454848214983,-2.240947961807251,-5.462454282678664e-05,-0.0014098047977313,0.0448092818260192,0.1014749184250831,-0.0920142903923988,-0.1335252821445465,0.0306804925203323,-0.2836888432502746,-0.319027692079544,-0.0340249240398407,-0.0837395414710044,-0.0638577044010162,-0.0855027809739112,-0.0458420254290103,0.0155807780101895,-0.050666369497776,-0.0516123659908771,-0.4758221209049225,-0.8155474066734314,0.0021162112243473,-0.0145145282149314
-0.0108861392363905,0.6925307512283325,0.000102751306258142,0.0267890840768814,-0.0164234470576047,0.0351034887135028,-0.1530300229787826,-0.040928553789854,-0.1230114474892616,-0.1247838214039802,0.0210846196860075,0.0132802166044712,0.0265772361308336,-0.1146165803074836,0.0369453728199005,0.2363860607147216,-0.0703698918223381,-0.0097021777182817,-0.0050776302814483,-0.579953670501709,-0.855844259262085,-0.0130385188385844,-0.0145145282149314
-0.0040955739095807,0.7196823954582214,-1.614612847333774e-05,-0.0025197826325893,-0.0250930283218622,-0.1259238123893737,0.4239256381988525,-0.0206934455782175,0.0773636475205421,-0.3056696951389313,0.1218188256025314,-0.0272138528525829,0.0184641629457473,0.0252784043550491,-0.0659437030553817,-0.0199632346630096,0.0342378318309783,0.0320432670414447,-0.0153736807405948,0.6637256145477295,0.8020620346069336,-0.032298244535923,-0.0145145282149314
0.0404269881546497,0.934510350227356,-3.9658960304223e-05,0.0026062296237796,-0.0005487384041771293,-0.0865505039691925,0.0024412288330495,-0.0284387841820716,-0.0418064519762992,0.0632582902908325,0.1185696199536323,-0.0996249690651893,-0.0942663177847862,-0.0682235807180404,-0.082852803170681,0.0328533686697483,0.0015292736934497,0.2690121233463287,0.1107226908206939,0.6600789427757263,0.4742816388607025,-0.0185366682708263,-0.0145145282149314
-0.0320803374052047,0.3452623188495636,-2.084359584841877e-05,0.0029148352332413,0.0501844733953475,0.0836097598075866,0.1080100312829017,-0.001032889354974,0.0456267222762107,0.0787311792373657,-0.1913385391235351,-0.0876169353723526,-0.0056718117557466,0.0141016840934753,-0.0053741196170449,0.0900241136550903,0.0140707567334175,-0.4346375167369842,-0.1270159631967544,0.7615823745727539,2.416041135787964,0.0183293968439102,-0.0145145282149314
0.0036451588384807,0.1920568794012069,-0.0006790533661842346,-0.0124419694766402,-0.0380575247108936,-0.1290788650512695,-0.2008094936609268,-0.1196221262216568,0.4114158153533935,0.2279642671346664,-0.2148817777633667,-0.0410853326320648,0.0058068712241947,-0.1484929323196411,0.0035429685376584,0.0387962237000465,0.0355859287083148,-0.0425572991371154,-0.0152322147041559,-0.5458164811134338,-0.7179993987083435,0.0073175653815269,-0.0145145282149314
0.0150639405474066,0.8572155237197876,-2.02515147975646e-05,0.0021445208694785,0.0234662164002656,0.013937035575509,0.046859573572874,-0.0160805955529212,-0.0006397449178621173,-0.0409390665590763,-0.1290194988250732,0.0172026492655277,0.0031410758383572,0.106014996767044,-0.0554893724620342,0.1672016680240631,-0.0217113737016916,0.3490990102291107,0.0139986053109169,0.700374960899353,0.5688741207122803,0.0148062752559781,-0.0145145282149314
0.0142033547163009,0.9908829927444458,-1.4801280485698952e-05,0.0027884209994226,-0.0158103741705417,0.0099926711991429,-0.0079151792451739,0.2235741019248962,-0.1427447646856308,0.1465995460748672,0.2526158094406128,-0.001890258397907,0.0093731908127665,0.0724258720874786,-0.0183147825300693,-0.0992309376597404,0.1470804214477539,0.5457453727722168,0.0352855026721954,0.5912938117980957,1.7442138195037842,-0.0117642218247056,-0.0145145282149314
0.0228892844170331,1.3537195920944214,-1.4964512956794351e-05,0.0078728813678026,0.1785218715667724,-0.0617247186601161,-0.068933367729187,-0.178946316242218,0.0388964749872684,0.1770045757293701,0.1472759991884231,-0.0404719524085521,-0.0404999889433383,0.1339866816997528,0.0011170911602675,-0.3352113366127014,0.0059942789375782,-0.0729247778654098,-0.0067135258577764,-0.4958280920982361,-0.747390866279602,-0.0788071081042289,-0.0145145282149314
0.0110487826168537,-0.0631989762187004,3.82508005714044e-06,0.0022725162561982,-0.000664284045342356,0.0292142238467931,0.0766241624951362,0.0196168888360261,0.0113147338852286,0.0662879720330238,-0.1549096256494522,-0.0396807789802551,0.0121516017243266,0.0984271243214607,0.0131684895604848,-0.1501786708831787,0.0527486018836498,-0.4719091355800628,0.0819951221346855,0.7476049065589905,2.026818990707397,0.0056294882670044,-0.0145145282149314
0.0070152701810002,1.2064213752746582,-1.1095358786405995e-05,0.0243385042995214,0.3573420643806457,-0.0063316249288618,-0.1578928679227829,-0.1342776864767074,0.0321066230535507,0.2336431741714477,0.0576431602239608,-0.0338202118873596,0.0358012616634368,0.0252678450196981,0.0685244649648666,0.1236566752195358,0.0004659593105316162,-0.3118299841880798,-0.0124867316335439,-0.457239955663681,-0.6410433650016785,0.0038001341745257,-0.0145145282149314
0.0005413669859990478,0.6110587120056152,-4.113207978662103e-06,0.0028697743546217,0.0833498463034629,-0.1710574030876159,0.4074151813983917,0.029200242832303,0.2287464588880539,-0.2553660869598388,-0.1581912785768509,0.0107368370518088,0.0334463417530059,-0.1122233793139457,-0.0115547012537717,0.2131777703762054,-0.0110927084460854,0.559278666973114,0.2867730557918548,-0.4109557569026947,-0.5399100184440613,0.0491989329457283,-0.0145145282149314
-0.0241609644144773,-1.418405532836914,-0.0005045757861807942,-0.007258266210556,0.0190759934484958,0.0149818798527121,-0.0558527298271656,-0.0763963013887405,0.0918088629841804,0.2362193167209625,-0.2724599838256836,-0.1249622553586959,0.0965863987803459,-0.1561411470174789,-0.0549124330282211,0.0315344631671905,-0.0085023092105984,-0.3806627690792084,-0.0128074511885643,0.6565569043159485,0.0156085835769772,0.0388263501226902,-0.0145145282149314
0.0122455470263957,-2.182771921157837,-0.00014715184806846082,0.0057860878296196,-0.0037991751451045,-0.062728151679039,-0.2884250581264496,-0.1204961612820625,0.065777339041233,0.0415262468159198,0.0326225832104682,-0.0061546396464109,-0.0095541402697563,-0.1489191204309463,-0.0158560592681169,-0.0348274484276771,0.0191657729446887,-0.0668385401368141,-0.0628129467368125,-0.4930872917175293,-0.8263624906539917,0.010742213577032,-0.0145145282149314
0.0027298205532133,-1.5950167179107666,-0.000237814849242568,-0.0029498899821192,-0.054727803915739,-0.0146120078861713,-0.1268118470907211,-0.1016041040420532,-0.0276464968919754,0.034262903034687,-0.2326077222824096,-0.0354432947933673,-0.0966210886836052,-0.1234146803617477,-0.0339390188455581,0.072666585445404,0.0052658454515039,-0.0621810443699359,-0.0505660884082317,-0.4891755580902099,-0.83587646484375,0.0412124432623386,-0.0145145282149314
-0.0255367085337638,-0.2028843611478805,-6.006812327541411e-06,0.0043634925968945,-0.1215907484292984,0.0939918458461761,0.0182602647691965,-0.1445005536079406,-0.0231512486934661,0.0050712274387478,-0.2727128565311432,-0.0545842945575714,-0.0689084455370903,0.2297241240739822,-0.0319050252437591,-0.4599724411964416,-0.0845688059926033,-0.397267997264862,-0.1619550585746765,-0.4683988392353058,-0.7756438851356506,-0.0732266828417778,-0.0145145282149314
0.0310339853167533,0.530096709728241,-7.501020445488393e-05,-0.0042946124449372,0.0216086711734533,-0.013468506745994,-0.1771618276834488,-0.2094907313585281,0.0262506250292062,0.029790123924613,0.3529289960861206,-0.0524540245532989,0.0801016464829444,-0.1051164492964744,-0.0110227195546031,0.0483583621680736,0.0343704968690872,-0.0616455264389514,-0.0333557166159153,-0.5708326101303101,-0.8554273247718811,0.0026601424906402,-0.0145145282149314
0.0178913716226816,1.3849518299102783,-5.070985935162753e-06,0.0342582613229751,0.2923159599304199,-0.1348733752965927,-0.1543983519077301,-0.0830755680799484,0.0170926302671432,0.1143101379275322,-0.1512880474328994,-0.0505293346941471,-0.0533049441874027,-0.2168498933315277,-0.0352909304201602,0.6039640307426453,0.00028097815811634064,-0.2821877598762512,-0.0165792312473058,-0.4403717815876007,-0.5670663714408875,-0.0047982675023376,-0.0145145282149314
-0.099499300122261,1.1538286209106443,-1.4832530723651873e-05,0.0041864435188472,0.1389508694410324,0.1994772404432296,0.0978813618421554,0.1717871278524398,0.0004936950281262398,0.0564087331295013,0.1557197272777557,0.1172870397567749,-0.0046359817497432,0.1932335346937179,-0.025046108290553,-0.1646281331777572,0.0035894948523491,0.4864862561225891,-0.0286649391055107,-0.3991255760192871,-0.5744132995605469,-0.0403111092746257,-0.0145145282149314
-0.0011210181983187,0.5352097749710083,1.6968951968010515e-06,0.0066015007905662,-0.085186630487442,0.2392365634441375,0.0622449070215225,-0.0493828356266021,-0.0279228296130895,-0.0077612432651221,-0.0188251566141843,-0.0503074750304222,0.0444747880101203,0.176475390791893,-0.0668914169073104,-0.0431375652551651,-0.0769447088241577,-0.4280571043491363,-0.0947616472840309,-0.499742329120636,-0.7173469066619873,-0.015285619534552,-0.0145145282149314
-0.0090144705027341,0.8644468188285828,-5.129171768203378e-06,0.0027560323942452,-0.1853512674570083,0.199855774641037,0.2175259888172149,-0.0515384450554847,-0.0102019784972071,-0.0974025204777717,-0.017006829380989,-0.0318696796894073,0.0513821057975292,-0.0191908720880746,0.0671072751283645,-0.057842556387186,-0.0586333349347114,-0.4022058844566345,-0.0881734192371368,-0.5393915176391602,-0.770565927028656,0.0068220146931707,-0.0145145282149314
0.022741524502635,-2.180467367172241,-0.00012794352369382975,-0.0022673592902719,-0.0996409431099891,0.1889314949512481,-0.154964193701744,-0.0853408649563789,0.1445866972208023,0.075548380613327,-0.1666263341903686,-0.0036908246111124,-0.0167961996048688,-0.1126285716891288,-0.0472885333001613,0.0030900705605745,0.0347026288509368,-0.0512041226029396,-0.0578841902315616,-0.5033366084098816,-0.8296686410903931,0.000751429470255971,-0.0145145282149314
0.0137198958545923,1.1315548419952393,-8.639424777356908e-06,0.0027248451951891,0.0054923924617469,-0.0674066618084907,0.2783654928207397,-0.0142886377871036,-0.0142523925751447,-0.2410745769739151,-0.0831827521324157,-0.0176572278141975,-0.0104812262579798,0.0392587445676326,-0.0725739896297454,-0.1934127807617187,0.0371027067303657,0.4764586091041565,-0.0582843758165836,0.6995179653167725,1.7530338764190674,-0.0100244032219052,-0.0145145282149314
0.0473314970731735,-2.2731075286865234,-0.00018338178051635623,-0.0023128848988562,0.056868128478527,-0.0518656894564628,-0.0674004256725311,-0.0896962732076644,0.0078486232087016,-0.0078085884451866,-0.2614937126636505,-0.0292541310191154,-0.0217779669910669,-0.1726141273975372,-0.034168042242527,-0.0093728518113493,0.0313942991197109,-0.09543377161026,-0.0878784358501434,-0.5063593983650208,-0.8340723514556885,-0.0011724699288606,-0.0145145282149314
-0.0741380080580711,1.331068515777588,-2.2329586499836296e-05,0.0114593477919697,-0.2027293145656585,0.014541289769113,-0.0873071402311325,0.1605747491121292,0.1072501316666603,0.0288039576262235,0.4748514592647552,-0.0025771784130483,0.020927220582962,-0.0927653461694717,-0.0164576303213834,-0.1142383813858032,0.0195527784526348,-0.0198294650763273,-0.0123674655333161,-0.4776858687400818,-0.7282614707946777,-0.0384031906723976,-0.0145145282149314
-0.0063279382884502,-1.41760516166687,-9.621426579542458e-05,-0.0040809428319334,-0.0203064139932394,0.0100055672228336,-0.3895697891712188,-0.109611228108406,0.0394872315227985,0.0008703892817720771,-0.0494590252637863,-0.0801101624965667,0.0278274398297071,-0.1203262656927108,-0.0592546910047531,0.064109668135643,0.0091169644147157,0.0067668883129954,0.0091297002509236,0.7807227969169617,0.0446667410433292,0.0062408703379333,-0.0145145282149314
0.0272057130932807,0.4694550931453705,-7.618440577061847e-06,0.0108173890039324,-0.045670285820961,0.1624349504709243,-0.2218062132596969,-0.0626939162611961,-0.0783684477210044,-0.041717130690813,0.1631685346364975,-0.0873535349965095,-0.0009291073656640948,0.1218770593404769,-0.0472262948751449,-0.1592515856027603,-0.0028664078563451,-0.2674395143985748,0.0193575397133827,0.7285151481628418,-0.1247581094503402,-0.0439927764236927,-0.0145145282149314
-0.0853403583168983,-0.3400214612483978,-0.00011296215234324336,0.0052241547964513,-0.0472072698175907,0.0293260049074888,0.0996741726994514,-0.1114504784345626,0.047293547540903,-0.0171809252351522,-0.2622943222522735,-0.1030492261052131,-0.2327125668525695,-0.1645062416791916,-0.0136751504614949,0.3031793534755707,-0.0252565275877714,0.0808263570070266,0.0619944222271442,0.6241825222969055,0.5635822415351868,0.0658528953790664,-0.0145145282149314
-0.0176880042999982,0.2756125628948211,-2.3141350538935512e-05,0.0037565568927675,-0.0797028169035911,0.1451243460178375,0.2284926474094391,-0.073044903576374,-0.0445750094950199,0.0823284089565277,-0.1575061082839965,-0.0705102086067199,0.0698462799191474,-0.1030392050743103,-0.0180115681141614,-0.0109550571069121,-0.0310327578336,0.3451050221920013,0.3123994767665863,-0.4854514598846435,-0.7209438681602478,-0.0579855479300022,-0.0145145282149314
-0.0171374827623367,-1.5921179056167605,-5.57185267098248e-05,0.006788520142436,0.0148421078920364,0.1904017478227615,-0.1420911699533462,-0.1434549689292907,-0.0306666810065507,-0.3651062846183777,-0.2989534139633178,0.0091361794620752,0.0283678267151117,0.0130586354061961,0.0568369664251804,0.0379761084914207,0.0097124753519892,-0.0254836753010749,-0.0250275116413831,-0.4758979380130768,-0.6954842805862427,0.0114352433010935,-0.0145145282149314
0.0212617386132478,-2.116224527359009,-0.0001459214254282415,0.0034496709704399,-0.0331603214144706,0.0996680110692977,-0.1250577718019485,-0.1429895013570785,-0.0394194088876247,-0.0297268405556678,-0.233383297920227,0.0261024460196495,-4.301710578147322e-05,-0.087499164044857,0.0678211078047752,-0.0549540407955646,0.0352521799504756,-0.1574572026729583,0.1603756099939346,-0.4385024011135101,-0.7108548283576965,-0.0108602605760097,-0.0145145282149314
-0.0683324411511421,0.4920943081378937,-6.84412952978164e-07,0.0038875243626534,-0.1177262291312217,0.0996279865503311,-0.0376063883304595,0.1314987391233444,-0.0584121756255626,0.0474971048533916,0.2131754904985427,0.1867296248674392,0.003403223818168,0.2632569372653961,0.0295812282711267,0.4442138969898224,0.0135214300826191,0.6556355953216553,0.2289169579744339,-0.3607936799526214,-0.4901849627494812,0.0036023787688463,-0.0145145282149314
0.0175719149410724,1.2059597969055176,-2.028604649240151e-05,0.0025664782151579,0.0364615805447101,0.0030412429478019,0.0732472836971283,0.1101085692644119,0.0616826824843883,-0.1118184924125671,0.241033673286438,-0.073698453605175,-0.0111649008467793,0.0461514703929424,-0.0359326563775539,0.0256068240851163,0.0883688628673553,-0.2458663284778595,0.00381003273651,0.661743700504303,1.5387823581695557,0.0197931062430143,-0.0145145282149314
-0.0196925029158592,0.9561631083488464,-2.4709377612452957e-05,0.0030342629179358,0.0206764619797468,0.1124222576618194,0.0601377300918102,0.2777670323848724,0.0632272511720657,0.0603527389466762,0.211332157254219,-0.0246428269892931,0.0563777796924114,0.0628823190927505,0.0081360721960663,0.1235019117593765,0.0088558513671159,0.3747634291648865,0.0098195113241672,0.6011395454406738,1.7679044008255005,0.0022090242709964,-0.0145145282149314
0.0071524637751281,-2.1843268871307373,-0.0002288144314661622,-0.0015182346105575,-0.0274171214550733,-0.0902566164731979,0.0185769814997911,-0.1235046833753585,-0.0913397893309593,0.0904085934162139,-0.2632284164428711,-0.0108564924448728,-0.0645544752478599,-0.1528579443693161,-0.0445742048323154,0.0185839850455522,0.0124108325690031,-0.0369746796786785,-0.0512450188398361,-0.495010107755661,-0.8076330423355103,0.0058354246430099,-0.0145145282149314
0.0294971261173486,0.955684781074524,-1.8584676581667736e-05,0.0026832888834178,0.0301916450262069,0.0861947461962699,0.1463247239589691,-0.0635387748479843,-0.0310230813920497,-0.0487468540668487,0.1584450602531433,0.0639970600605011,-0.0093907844275236,0.0428919196128845,-0.0194479431957006,0.0616728663444519,-0.0599929094314575,0.5177814364433289,-0.064700536429882,0.6624155640602112,1.0566433668136597,0.019161095842719,-0.0145145282149314
-0.0587969161570072,-1.8783080577850344,-1.202313433168456e-05,0.0018459260463714,-0.0393555201590061,-0.0574010051786899,0.1613523811101913,-0.125769555568695,-0.0495814867317676,0.0495306178927421,-0.1977979987859726,-0.0308147985488176,0.0698583349585533,-0.0354711152613163,0.1081993952393531,-0.0548001080751419,-0.0688769072294235,0.5119056105613708,-0.0241589713841676,-0.5001146197319031,-0.731368899345398,-0.0340962186455726,-0.0145145282149314
-0.0035757839214056,0.9569129943847656,-5.536575918085873e-05,0.0017790613928809,-0.0078114341013133,0.0682536885142326,-0.0775574222207069,0.1649323850870132,0.0037246930878609,0.1929424703121185,-0.0216955188661813,0.0143050896003842,-0.0465820170938968,0.1297819167375564,-0.0273907706141471,0.0840472653508186,-0.074292205274105,0.1633779555559158,0.117979310452938,0.7142127156257629,0.7122387290000916,0.0047228834591805,-0.0145145282149314
0.0096346540376544,-2.109569311141968,6.114898133091629e-05,-0.0023795743472874,-0.0986771881580352,-0.0644762814044952,0.1119061708450317,-0.0720462724566459,0.1265940219163894,0.0372889712452888,-0.1820460706949234,-0.0359680503606796,-0.1112639158964157,-0.1509042829275131,-0.021155510097742,0.0237237941473722,0.0324292294681072,-0.0541211850941181,-0.0493593476712703,-0.5441465377807617,-0.8547133207321167,0.0046438630670309,-0.0145145282149314
-0.0260631367564201,0.4390355944633484,-7.191374606918544e-06,0.0035010946448892,0.0475546084344387,0.0129564963281154,0.159238263964653,-0.1114337891340255,-0.0375552624464035,0.0107692219316959,-0.2466823756694793,-0.0474768057465553,-0.0741175636649131,-0.0894551426172256,-0.0361592136323452,-0.094727449119091,-0.0621518604457378,-0.4169042110443115,-0.1114406585693359,-0.5361238718032837,-0.7819925546646118,0.0098469844087958,-0.0145145282149314
-0.0560463406145572,0.4684891700744629,-2.4161003238987178e-05,0.0080595603212714,-0.0441125705838203,0.0809489041566848,0.0228219553828239,0.0186045058071613,0.0091699222102761,0.0155733106657862,0.1411770433187484,-0.0940904393792152,0.0041391164995729,-0.0019447687081992,-0.0471440367400646,0.1903984546661377,-0.0953708887100219,0.3990147709846496,-0.0971218794584274,0.587053656578064,-0.1662681251764297,0.0274929869920015,-0.0145145282149314
-0.0062610767781734,0.4302183091640472,-1.1130687198601663e-06,0.0035882869269698,-0.0113126439973711,-0.2092872560024261,0.4447252750396728,0.2545710802078247,-0.0118146119639277,-0.0297438818961381,0.2141907811164856,0.067213661968708,-0.0104494784027338,0.0869337990880012,-0.0385074019432067,0.2214220762252807,-0.0159362256526947,0.1519851833581924,-0.0097213294357061,0.5784779191017151,-0.0782730877399444,0.0172865875065326,-0.0145145282149314
-0.0565817132592201,0.5692345499992371,2.2387866920325905e-06,0.0031767874024808,0.3071210086345672,-0.1440289318561554,-0.3247424960136413,-0.1294847279787063,-0.0411879979074001,0.0856813266873359,-0.1641674935817718,0.172544464468956,0.0249370653182268,0.1601315587759018,-0.0344985909759998,0.0862261429429054,-0.0061009624041616,-0.3643723428249359,-0.0194823946803808,-0.4017596840858459,-0.6497443318367004,0.0285634491592645,-0.0145145282149314
-0.0024270117282867,0.987742006778717,-3.769640898099169e-06,0.0018892395310103,0.0253560226410627,0.1579950600862503,-0.0532079935073852,-0.1952383369207382,-0.0323720052838325,0.0901995226740837,-0.1762244403362274,0.0067962715402245,-0.0066855382174253,-0.070751242339611,-0.0757718458771705,-0.3141456842422485,0.012010695412755,0.3377151787281036,0.0083275083452463,-0.5132657289505005,-0.7536017298698425,-0.0337829925119876,-0.0145145282149314
0.1086239069700241,1.2113947868347168,-9.07375942915678e-05,0.001925281714648,-0.0397471934556961,-0.0409699194133281,-0.19355109333992,-0.084817536175251,0.0399014540016651,0.1374324262142181,-0.0800457596778869,-0.015883732587099,0.0631524994969368,-0.0607852824032306,-0.02423239313066,-0.105187639594078,0.021295428276062,0.4594257175922394,-0.1082508787512779,0.7268383502960205,0.011282262392342,-0.0019380539888516,-0.0145145282149314
0.0437259338796138,-0.3596464693546295,-4.815292777493596e-05,-0.0044086938723921,0.015588266775012,-0.0078627858310937,-0.3543736338615417,-0.0119383381679654,0.0116336680948734,-0.0103068631142377,0.1284128427505493,0.0035581963602453,-0.1008699014782905,0.0053774081170558,-0.002374974777922,0.0140806511044502,-0.0141439642757177,0.0473755076527595,-0.00965909473598,0.815365195274353,-0.1563165187835693,-0.0246261209249496,-0.0145145282149314
0.0441989228129386,-0.3204132914543152,-1.0429630492581056e-05,0.0062204482965171,-0.0349607169628143,0.0172059945762157,-0.3658103048801422,0.0869445875287056,0.0310167782008647,0.0047577102668583,0.2468234449625015,0.0068367850035429,-0.0008752293651923537,0.0595262236893177,-0.0492299273610115,-0.2056912183761596,0.0433366186916828,-0.5827826857566833,-0.1326355934143066,0.6184717416763306,0.5351455211639404,-0.0243057627230882,-0.0145145282149314
2.0045517885591835e-06,-0.0807765051722526,-1.9716477254405614e-05,0.0019445018842816,-0.0086139449849724,0.0210388340055942,0.0861052051186561,0.2844167351722717,0.0477706789970397,-0.2014766782522201,0.2638993859291076,0.0060260370373725,-0.0227465573698282,0.0617934614419937,0.0148764168843626,-0.181154116988182,0.0186960641294717,-0.5646376013755798,-0.0742919445037841,0.6530667543411255,2.132976531982422,-0.0187982562929391,-0.0145145282149314
-0.0049590794369578,-1.2000898122787476,-8.47148839966394e-06,0.0032902576494961,0.0223644040524959,-0.1867252737283706,0.129049614071846,0.0561596229672431,-0.0568828731775283,0.00021910597570240495,0.0874718725681305,-0.0482736565172672,0.002431888366118,-0.0579757466912269,0.0931759476661682,0.2367924004793167,-0.0824699401855468,0.5512195229530334,0.4940939843654632,-0.4587742686271667,-0.6106140613555908,0.0142375938594341,-0.0145145282149314
0.0165000706911087,-1.394199013710022,-1.79459857463371e-05,0.0018206123495474,0.0457607619464397,0.0380738787353038,0.0350052453577518,0.1437959372997284,0.0192954484373331,0.0594502799212932,-0.1413421928882599,-0.0590692646801471,0.0201015528291463,0.0789471715688705,0.0032801704946905,0.1698015481233596,0.017937783151865,-0.1026404947042465,0.3535507023334503,0.7630484104156494,1.6645351648330688,0.0225375853478908,-0.0145145282149314
-0.0265032071620225,-2.124265670776367,-5.697071901522577e-05,0.00299290753901,-0.0060739866457879,0.0185384508222341,-0.0797264650464057,-0.0759560316801071,-0.0727466493844986,-0.1080938801169395,-0.290382832288742,-0.0019513329025357,0.0422226227819919,-0.0429037138819694,-0.0377820245921611,-0.0263171698898077,-0.0490669831633567,-0.0566260516643524,-0.0571096502244472,-0.4667744636535644,-0.8141621351242065,0.0022789274808019,-0.0145145282149314
-0.030655151233077,-1.828396201133728,-0.0005913636996410787,0.0016764184692874,0.0109791802242398,0.1183577254414558,-0.2252040952444076,-0.0060262945480644,-0.021401360630989,0.0321051068603992,-0.1920880526304245,-0.0647348836064338,0.0851838663220405,-0.098232202231884,0.0081628682091832,0.0450872555375099,-0.081539511680603,-0.3708148002624511,-0.1575629711151123,-0.410389631986618,-0.7368000745773315,0.0058862664736807,-0.0145145282149314
-0.0043081911280751,0.8419499397277832,-2.861098619177937e-05,0.0027101011946797,-0.0671368166804313,0.1726086139678955,-0.0069425986148417,-0.1436672359704971,0.092173233628273,0.0247703623026609,-0.2996125817298889,0.0119343549013137,0.0520583800971508,0.0749635174870491,-0.0365258753299713,-0.0819042474031448,0.0287660043686628,-0.4075009524822235,-0.115180917084217,-0.519355833530426,-0.677626371383667,0.0326805748045444,-0.0145145282149314
-0.0795215293765068,1.1066244840621948,-1.702264853520319e-05,0.0065732770599424,0.0082090655341744,-0.0323000736534595,-0.1314270198345184,0.0883626937866211,-0.0999402031302452,-0.0126752089709043,0.324901133775711,-0.0577552430331707,-0.0481017008423805,0.0661433041095733,0.0312213860452175,-0.211895078420639,-0.0336422137916088,-0.3294989168643951,-0.0317072495818138,-0.4557004272937774,-0.7697094678878784,0.0030228302348405,-0.0145145282149314
0.0438471920788288,1.2471381425857544,-5.065694858785719e-05,-0.0229064114391803,-0.0463179312646389,0.165394514799118,-0.0786107555031776,-0.1257221698760986,0.1210781708359718,-0.0025197104550898,-0.0206027813255786,-0.0062345257028937,0.0037208988796919,0.1228219419717788,0.0614133216440677,-0.0013621189864352,0.030971597880125,0.0341809317469596,0.0113516608253121,0.7351201176643372,0.0421572215855121,-0.0239923913031816,-0.0145145282149314
0.0416292995214462,1.1850906610488892,-2.106329338857904e-05,0.0026452636811882,0.0371291749179363,0.0548129193484783,0.2360881119966507,0.1510304510593414,0.0097134616225957,-0.000295698584523052,0.1256285160779953,-0.0367370992898941,-0.0674643367528915,-0.0376848578453063,0.0290845334529876,-0.1066034659743309,-0.0047098901122808,0.4903803169727325,0.0217747539281845,0.5981715321540833,1.4853906631469729,-0.0202148929238319,-0.0145145282149314
-0.0038043016102164,-0.1229848191142082,-3.769042814383283e-05,0.0025787560734897,-0.0333850532770156,-0.0210923198610544,0.1912145912647247,0.1481828242540359,-0.0139477709308266,-0.0752178505063057,0.0651162192225456,0.0226530190557241,0.0091060865670442,0.0020038406364619,-0.0091614108532667,0.1099088117480278,-0.0669011622667312,0.0635468512773513,-0.1089534759521484,0.7871537804603577,1.807761073112488,-0.0014980512205511,-0.0145145282149314
0.007169154472649,-1.3536098003387451,-0.0006186496466398239,0.0049086669459939,-0.0448186732828617,-0.0464733205735683,-0.1460907459259033,-0.0662658959627151,-0.0867526605725288,-0.1825681626796722,-0.2501790821552276,-0.0312501788139343,-0.0228971149772405,-0.1256761401891708,-0.1373320519924163,-0.060744509100914,-0.0038107440341264,0.312527060508728,0.286173015832901,-0.495634377002716,-0.773968517780304,-0.0428060144186019,-0.0145145282149314
0.00010752454545581712,-2.051989316940308,-2.3998392862267792e-05,0.0029743579216301,-0.4136751294136047,0.1930001080036163,-0.2989985048770904,0.2313577979803085,-0.0305828657001256,0.0846284106373786,0.1330002695322036,0.0076699797064065,7.883500802563503e-05,0.1010496988892555,-0.0029335308354347,-0.0772746130824089,-0.0021274050232023,-0.0895392075181007,-0.0495087765157222,-0.4352113902568817,-0.7777376174926758,0.0033948333002626,-0.0145145282149314
0.0170971974730491,1.2125444412231443,-1.408160460414365e-05,0.0029976009391248,0.0039743306115269,0.0101186167448759,0.2219762057065963,-0.0148442201316356,0.0379587821662426,-0.1195795163512229,0.1416117399930954,-0.0026811140123754,0.0174772348254919,0.0465507619082927,-0.0303886886686086,-0.1878069937229156,-0.0405364967882633,-0.0787232667207717,-0.0097141163423657,0.7670729756355286,1.9828577041625977,-0.0518047995865345,-0.0145145282149314
-0.0247035045176744,0.930837333202362,8.23607697384432e-05,0.003163295565173,0.0531635805964469,-0.0193076245486736,0.295158177614212,-0.1008612066507339,0.0269720368087291,-0.1692911088466644,-0.2320081293582916,0.1338273584842682,0.0108576733618974,0.1314467340707779,0.0152816027402877,-0.0959396287798881,-0.0204293653368949,-0.3249185681343078,0.1653699278831482,-0.4679852724075317,-0.6593164801597595,-0.0173625368624925,-0.0145145282149314
-0.0159390773624181,0.6205285787582397,-1.1618249118328094e-07,-0.0048356670886278,0.0920093432068824,0.1090832650661468,0.4633752703666687,0.1568921357393264,-0.0464191026985645,-0.0260755121707916,-0.0400180295109748,-0.0258681867271661,-0.0008263761410489678,-0.0102931540459394,0.0007596313953399658,0.1060376167297363,0.0060626226477324,-0.033818919211626,-0.0168163683265447,-0.5429580807685852,-0.7161761522293091,-0.0026399914640933,-0.0145145282149314
-0.0705089792609214,1.2511680126190186,3.490811650408432e-06,0.0024305363185703,0.1910293996334076,0.1392932683229446,0.2598216235637665,-0.0479655265808105,0.0024672306608408,-0.4160102605819702,-0.0249714683741331,0.081524446606636,0.0035354301799088,0.1775261461734771,-0.0202976018190383,-0.0441989786922931,0.003099248278886,0.6176179647445679,-0.0411768555641174,-0.3951904475688934,-0.505474865436554,0.0141701251268386,-0.0145145282149314
0.0220948308706283,0.9500368237495422,-3.3162577892653644e-05,0.0020628811325877,-0.0454476997256279,-0.0538632124662399,-0.3728667199611664,-0.0543463975191116,-0.0745299383997917,0.0596948415040969,-0.1355152279138565,-0.0866308882832527,-0.0274517182260751,0.0645521879196167,-0.0927781164646148,-0.1347494274377823,-0.0238256230950355,0.0884511098265647,-0.0713071674108505,0.734136700630188,-0.2015057206153869,-0.0490188300609588,-0.0145145282149314
-0.0191780664026737,0.4474271535873413,-1.3840748579241335e-05,0.00340780406259,0.1096440330147743,-0.0364155434072017,-0.4134847521781921,-0.0861791446805,-0.0608729571104049,0.0874640718102455,-0.165528118610382,-0.064986877143383,-0.1199849620461463,-0.0856242179870605,-0.0155073069036006,0.0363540090620517,-0.0273122023791074,0.4713994860649109,0.138987198472023,-0.4560062289237976,-0.6870100498199463,-0.017894422635436,-0.0145145282149314
-0.0010656884405761,-0.8632148504257202,-1.5918660210445523e-05,0.0032245996408164,0.0444003529846668,0.0309761464595794,-0.0066537610255181,-0.1165544539690017,0.034934252500534,0.0259957313537597,-0.1509083807468414,-0.1023422703146934,-0.0088817430660128,-0.1813486367464065,-0.0263616312295198,-0.21590356528759,-0.0584717206656932,-0.2340580821037292,0.1812250167131424,-0.4609941244125366,-0.6987922191619873,-0.0389293730258941,-0.0145145282149314
0.0761660784482956,1.373867154121399,-1.55890520545654e-05,0.0100763365626335,0.0678526237607002,0.004914067685604,0.4131991267204284,0.1180235370993614,0.1897918730974197,0.0719840005040168,0.2547587454319,-0.0496737882494926,0.0250980779528617,-0.076113611459732,0.0041188457980751,0.4445019364356994,0.0334989540278911,0.6631436347961426,-0.0677152276039123,-0.3892609179019928,-0.4599584937095642,0.0098335379734635,-0.0145145282149314
-0.0276232901960611,0.0058684111572802,1.4771758287679404e-05,0.0048964782617986,-0.0987908169627189,-0.0586503483355045,0.2938405275344848,-0.108587808907032,-0.0618762671947479,0.0027454646769911,-0.1368511915206909,-0.0275359209626913,0.0579369999468326,0.2432059198617935,0.0494308732450008,-0.164889395236969,-0.0238129142671823,-0.0853649750351905,0.1123143509030342,-0.5053588151931763,-0.6719467043876648,-0.049282606691122,-0.0145145282149314
-0.0165340863168239,-0.3470608294010162,-0.00015010248171165586,0.0078528113663196,-0.0286397617310285,-0.0518678352236747,-0.1705338209867477,-0.0734182819724083,-0.1203036680817604,-0.1758102178573608,-0.2390763908624649,-0.0592786818742752,-0.0386671498417854,-0.1485411077737808,-0.062726005911827,-0.1926970332860946,-0.0184082090854644,-0.3424912691116333,-0.2315888106822967,-0.4821788966655731,-0.8357529044151306,-0.0548181906342506,-0.0145145282149314
0.0331852994859218,-2.0156757831573486,-5.468404560815543e-05,0.0010728696361184,0.024892134591937,0.0594899542629718,-0.1899594813585281,-0.1089834347367286,-0.0326156802475452,0.0462340451776981,-0.2528393566608429,-0.0379752181470394,0.0064927190542221,-0.1391843259334564,-0.0581430569291114,-0.1163852363824844,-0.0487131439149379,0.4860283434391022,-0.0946214497089386,-0.4491270184516907,-0.7144245505332947,-0.0551133938133716,-0.0145145282149314
-0.0185284167528152,-2.3660125732421875,-0.00018944463226944208,-0.0027004275470972,-0.2668926417827606,0.1367594897747039,-0.1081163212656974,-0.118741437792778,-0.0570272877812385,-0.034511886537075,-0.1330675929784774,-0.0010346656199544,-0.0970591306686401,-0.1323180347681045,-0.0465186536312103,0.0165855213999748,0.0198368206620216,-0.0508506670594215,-0.1009103059768676,-0.4533458352088928,-0.8008626699447632,0.0283349081873893,-0.0145145282149314
-0.0081265904009342,0.315070629119873,-5.699985194951296e-05,0.002864068141207,0.2502564489841461,-0.1804705709218979,-0.2359386086463928,-0.1035404875874519,0.1773664057254791,0.1801701784133911,-0.2420687973499298,-0.0672448277473449,0.0089052664116024,-0.1772445142269134,-0.0469775311648845,-0.4849892556667328,-0.0103402752429246,-0.4251614212989807,-0.0728558376431465,-0.4836034178733825,-0.7452757954597473,-0.044356383383274,-0.0145145282149314
-0.0165183041244745,-0.8106222748756409,4.285071918275207e-05,0.0019557322375476,-0.0148845482617616,-0.0248721241950988,-0.1079365536570549,-0.0893377959728241,0.0089363818988204,-0.1043294593691825,-0.2718762159347534,-0.0405442975461483,-0.0532963126897811,0.0489404648542404,-0.0270208306610584,-0.4085702300071716,0.0197855606675148,-0.0638444572687149,-0.0532750971615314,-0.4836930334568023,-0.7706050276756287,-0.0105259045958518,-0.0145145282149314
-0.0075543322600424,0.2743354141712188,-1.4973349607316775e-05,0.002194226020947,-0.0225773509591817,0.0556795448064804,-0.1230131685733795,0.1845598518848419,-0.0203544050455093,0.0437986552715301,0.1454660445451736,-0.1141617223620414,-0.0018273362657055,0.0493367798626422,-0.0375281274318695,0.1137049496173858,-0.0869263708591461,-0.1898461282253265,-0.0634278729557991,0.675877034664154,1.5709245204925537,0.0315351299941539,-0.0145145282149314
-0.0966448783874511,0.8363531231880188,-2.6455694751348343e-05,0.0025245011784136,-0.0626346543431282,0.1116019412875175,-0.0808522775769233,0.0196972042322158,0.0527689456939697,0.0363140814006328,0.0291381068527698,0.0217678248882293,-0.0292023718357086,0.0579859130084514,0.0948443934321403,-0.0964440181851387,-0.0556345731019973,0.5770591497421265,0.0189197435975074,0.6741594672203064,-0.1073482409119606,-0.0065276287496089,-0.0145145282149314
0.00017817488696891814,0.9201310873031616,-1.9351406081113964e-05,0.0031162905506789,-0.0278068948537111,0.063578151166439,0.1896888762712478,0.2201995104551315,-0.0103331822901964,-0.1560774445533752,0.233738824725151,0.0351359285414218,0.0382739678025245,0.1028631180524826,0.0025995711330324,-0.0307336933910846,0.0615926086902618,0.0314380601048469,-0.0259985048323869,0.573605477809906,2.1561920642852783,0.0111667001619935,-0.0145145282149314
0.0277827233076095,-1.816076636314392,0.0006687986897304654,-0.0090179191902279,-0.045558076351881,-0.0529365688562393,-0.1952069550752639,-0.133620873093605,-0.1436891257762909,-0.1355376839637756,-0.2502464950084686,-0.0200936459004879,-0.0330583564937114,-0.0924750640988349,-0.0121999392285943,-0.0151957711204886,0.0106309438124299,-0.0490137785673141,-0.0466077998280525,-0.5431903600692749,-0.8597817420959473,0.0182076841592788,-0.0145145282149314
-0.024006463587284,0.0189912635833024,-1.1184700269950554e-05,0.0107905836775898,0.0317620262503623,-0.1796752512454986,0.1835913360118866,-0.0026328535750508,-0.0794453993439674,0.0661731213331222,0.0570877008140087,-0.099031813442707,-0.0199325811117887,0.0814496651291847,0.0010572026949375,0.307608038187027,-0.1012428849935531,0.382084310054779,0.1095743104815483,0.6476748585700989,1.6552671194076538,0.0438655987381935,-0.0145145282149314
0.0088426573202013,0.6459158658981323,-3.73653310816735e-05,0.0022088198456913,-0.0372717678546905,-0.0025482261553406,-0.1617350280284881,0.2635874450206756,-0.0098320869728922,0.1466785073280334,0.2421958446502685,0.1109823659062385,0.0314720161259174,0.0948275625705719,-0.0146449627354741,0.0394318997859954,-0.1619990170001983,0.1015513986349105,-0.0344954840838909,0.6737586259841919,2.10706090927124,-0.0110625447705388,-0.0145145282149314
0.0029286711942404,0.2657482326030731,-1.560360033181496e-05,0.0021550958044826,-0.0244388189166784,-0.0010841115145012,0.0599437616765499,-0.0272789765149354,0.0158539023250341,-0.1295414417982101,0.0971711948513984,-0.0751342922449112,0.0099164666607975,0.0142897814512252,0.0435499474406242,0.0677288174629211,-0.0833747088909149,-0.2520030736923218,-0.0526113063097,0.7390099167823792,1.4191128015518188,0.0049380487762391,-0.0145145282149314
-0.0285723023116588,-1.1575077772140503,-0.00010302095324732365,0.0008454796043224633,0.0354996137320995,-0.0231988597661256,0.0545743443071842,-0.3521560728549957,-0.0420801043510437,-0.0954916626214981,-0.1779689788818359,-0.0441376380622386,0.0482692420482635,-0.0407139547169208,-0.0139107592403888,-0.0661064386367797,0.0861075446009635,0.1338502764701843,0.0552669689059257,0.8840469121932983,1.9939565658569336,0.0263723358511924,-0.0145145282149314
-0.0136425150558352,0.9275404214859008,-1.9577026250772175e-05,0.0035553162451833,0.0133270528167486,-0.0538342408835887,0.2530325055122375,0.0154809178784489,0.1153857707977294,-0.0759759619832038,0.0736290961503982,0.025576701387763,0.0795179083943367,0.0465472005307674,0.0034862551838159,0.0740523934364318,-0.1516744494438171,0.3045077323913574,-0.0700189992785453,0.7715767025947571,1.5000089406967163,0.0031272063497453,-0.0145145282149314
-0.0538084469735622,-1.699784517288208,-1.441385393263772e-05,0.0006855959654785693,-0.0292919557541608,-0.0795344337821006,0.095284417271614,0.1995636820793151,-0.0540362782776355,-0.2176586389541626,0.1265646368265152,-0.0030436988454312,0.0154837984591722,0.1855397373437881,-0.0286510530859231,-0.1848572194576263,0.0100392336025834,0.8201305270195007,0.6080287098884583,-0.4152038693428039,-0.6144400238990784,-0.0014659136068075,-0.0145145282149314
0.0011966360034421,-0.2552725076675415,-3.775178629439324e-05,-0.0028735336381942,0.0044318730942904,0.0111227082088589,-0.1576341390609741,-0.0568912774324417,-0.0827066078782081,0.111087366938591,-0.1472958475351333,-0.0607451424002647,-0.0065861707553267,0.0377322174608707,-0.049316182732582,0.0544353835284709,-0.0180916562676429,0.1124967113137245,0.0279465820640325,0.8126121759414673,1.8824822902679443,0.0315896645188331,-0.0145145282149314
0.0528919175267219,0.1564338356256485,-7.478683983208612e-06,0.0036226627416908,0.3295827209949493,0.0634683892130851,0.2653095126152038,-0.0189013537019491,0.0313009694218635,-0.1029847040772438,0.1694258153438568,0.1172243952751159,0.0467745102941989,0.2740474045276642,-0.0624319091439247,0.2212807089090347,0.0044632470235228,-0.3660820424556732,-0.0643973797559738,-0.3845691084861755,-0.5022736191749573,0.0290771685540676,-0.0145145282149314
0.0153328599408268,-0.0523255132138729,-6.160371412988752e-06,0.0049401121214032,0.0616421774029731,-0.0922418162226677,-0.2078795731067657,-0.1536557078361511,0.0587392710149288,0.0108926985412836,-0.0170920062810182,0.0440123565495014,-0.0178668573498725,0.185196578502655,-0.0241626687347888,-0.5261557102203369,0.044371623545885,-0.0454744063317775,-0.0337197296321392,-0.5584974884986877,-0.7674731016159058,-0.0317828729748725,-0.0145145282149314
0.0437744110822677,1.0353842973709106,-1.355533822788857e-05,0.0032454680185765,-0.0079288203269243,0.0434606336057186,0.0267614834010601,0.1001501679420471,-0.0401508100330829,0.0674973726272583,0.1597166210412979,0.0725285857915878,0.0020062422845512,0.0833518579602241,0.0911624059081077,-0.0386514514684677,0.0510732308030128,0.3833638727664947,-0.0362185463309288,0.6382262110710144,1.2658582925796509,-0.0307560991495847,-0.0145145282149314
-0.0033518648706376,0.6354436874389648,-3.005480539286509e-05,0.0038709768559783,0.002233168343082,-0.0369094647467136,0.1642604172229766,0.1184625923633575,0.077556662261486,0.0111245745792984,0.1203344464302063,0.1765400022268295,0.0111726215109229,0.1141643151640892,0.0141070960089564,0.2776120007038116,-0.0675095692276954,-0.1410591751337051,-0.0170629471540451,0.7167620658874512,1.8968464136123655,0.0293397381901741,-0.0145145282149314
-0.0224152021110057,-2.028651714324951,-0.0005625596968457103,0.0024803115520626,0.0124179711565375,0.1304407119750976,-0.2847643494606018,-0.1213261634111404,-0.0541551113128662,0.0651495903730392,-0.3232788145542145,-0.0248694997280836,-0.0074503947980701,-0.1651645898818969,-0.0289302468299865,0.0968002751469612,-0.0875246152281761,-0.0453026928007602,-0.0337022878229618,-0.4486345052719116,-0.755032479763031,-0.0326968654990196,-0.0145145282149314
-0.0127670131623744,-1.3667792081832886,-0.0013779229484498,-0.0111205084249377,-0.0173455774784088,-0.0359561592340469,-0.1071624904870987,-0.0908429250121116,-0.1391302198171615,-0.1735294312238693,-0.2420035302639007,0.0293444916605949,-0.033871654421091,-0.1038961037993431,0.0068451282568275,-0.0169234555214643,0.0403514355421066,-0.0731219574809074,0.0113949282094836,-0.5331278443336487,-0.8174529671669006,0.0191393569111824,-0.0145145282149314
0.0283727403730154,-1.634133219718933,0.00012463153689168394,0.0027477461844682,-0.0914254561066627,0.0084724500775337,0.1242413744330406,-0.0972796455025672,0.054505169391632,-0.0098332036286592,-0.1846283674240112,-0.039988100528717,-0.1228314712643623,-0.1898106634616851,-0.0326989479362964,-0.1495160609483719,0.0544923841953277,-0.0790752544999122,-0.0678649023175239,-0.5528078675270081,-0.8248500823974609,-0.0275891963392496,-0.0145145282149314
-0.0447359271347522,0.2131694704294204,-1.5199551853584126e-05,0.0019101076759397,-0.0204025097191333,0.0388697236776351,-0.0105424057692289,-0.0393736325204372,0.0567442029714584,0.0091236596927046,-0.1039470583200454,-0.0484966337680816,0.0471433140337467,-0.0316360704600811,-0.0290241632610559,-0.1559591889381408,-0.0487464182078838,0.4946301281452179,0.2117875665426254,0.7173186540603638,1.7050689458847046,-0.0145357493311166,-0.0145145282149314
0.0002152701345039532,-1.26123309135437,-0.00013316073454916477,-5.723646609112621e-05,-0.0134498067200183,-0.0387995243072509,-0.008616667240858,-0.1430605351924896,-0.009117217734456,-0.0677589550614357,-0.270234614610672,-0.0440077520906925,-0.0408194102346897,-0.2015338391065597,-0.0038698716089129,-0.231366753578186,0.0636244714260101,0.2732889950275421,-0.1288134604692459,-0.477089375257492,-0.7209466695785522,-0.0075498083606362,-0.0145145282149314
0.0140576064586639,1.0391173362731934,-5.048863386036828e-06,0.0038662527222186,-0.0400184579193592,0.0379874259233474,-0.1114910915493965,0.0413981489837169,-0.0647609606385231,-0.1541154682636261,0.1173958778381347,0.0152017567306756,-0.0257544815540313,0.1004603654146194,0.0261053517460823,-0.254786342382431,0.0637839511036872,-0.4923243820667267,-0.0414803959429264,0.6652476787567139,1.804839253425598,-0.0049444190226495,-0.0145145282149314
0.035249538719654,1.08545982837677,-3.5625176678877324e-05,0.0024922944139689,0.0833163559436798,0.0508829914033412,0.1062600836157798,0.0850541889667511,0.0168761815875768,-0.0099941212683916,0.1524744927883148,-0.0251450389623641,0.0493560060858726,0.0006471917731687427,0.0122629879042506,-0.0559342429041862,0.0827315300703048,0.1486176252365112,-0.0197331085801124,0.7747737169265747,1.8177748918533323,0.0183680057525634,-0.0145145282149314
0.0078168399631977,-1.5299443006515503,-2.1281084627844397e-05,0.003594065317884,-0.1145737096667289,0.1148254722356796,-0.3507305979728699,-0.0726149827241897,0.1113918870687484,0.0296742767095565,-0.2931932508945465,0.2010284215211868,-0.0722558498382568,0.0612488277256488,-0.0129205454140901,-0.0013521432410925,-0.0217493530362844,-0.101472221314907,-0.0287902057170867,-0.4483024477958679,-0.7258089780807495,0.0036668758839368,-0.0145145282149314
-0.077792227268219,1.1752105951309204,-1.8292616005055606e-05,0.0078633381053805,-0.1403202712535858,-0.0036437844391912,-0.3929377794265747,0.1677524596452713,-0.0257060565054416,0.2045156210660934,0.2735587060451507,0.0255222860723733,-0.0582772456109523,0.1107521057128906,0.0070051574148237,-0.4384320974349975,0.1853881329298019,-0.0628900006413459,0.003324813209474,-0.4919392168521881,-0.7545868754386902,-0.0196710433810949,-0.0145145282149314
-0.0051835384219884,1.0072641372680664,-9.322062396677213e-06,0.0186049453914165,0.1108604446053505,0.0351073630154132,-0.3296032249927521,-0.1810897588729858,0.0462237484753131,0.1325778812170028,0.3581879734992981,0.3505959808826446,0.046303566545248,0.1676042675971985,0.0236770529299974,0.1023335009813308,-0.0318248979747295,-0.35080486536026,-0.0123755075037479,-0.4278498589992523,-0.5886971354484558,0.0097799152135849,-0.0145145282149314
0.0499475561082363,0.3380922973155975,1.961677844519727e-05,0.0031785033643245,-0.0641402974724769,-0.0335811711847782,-0.3512719273567199,-0.1406459212303161,-0.0227578375488519,0.1574709862470626,-0.1503940224647522,-0.1044073849916458,0.0036942050792276,0.1002378761768341,0.1740038096904754,-0.1057258993387222,-0.0297971107065677,-0.2964305877685547,-0.0758968293666839,-0.5569641590118408,-0.7511724829673767,-0.0569224841892719,-0.0145145282149314
0.0078831315040588,0.3239970803260803,-0.0001646899909246713,0.0057363398373126,0.0256712827831506,0.0131975775584578,0.2831659615039825,0.0751968547701835,0.0048358747735619,-0.004945364780724,-0.15843465924263,-0.086840882897377,0.1793508976697921,-0.1029765456914901,-0.0332189835608005,0.1314008831977844,0.0448214784264564,-0.204173281788826,-0.0123384147882461,0.8367767930030823,0.1014888659119606,0.0062980796210467,-0.0145145282149314
0.0093870917335152,0.2468816339969635,-1.9081759091932327e-05,0.001941367634572,0.0791395232081413,-0.2718489468097687,-0.1815714240074157,-0.1464180201292038,0.0186730939894914,0.0977267697453498,0.0391601026058197,-0.1264640390872955,0.0012267451966181,0.1838024854660034,-0.0409551076591014,-0.2450379282236099,-0.0008646904025226831,-0.4743824601173401,0.0322807058691978,-0.4806847274303436,-0.734808623790741,0.0007379582966677845,-0.0145145282149314
0.0071791508235037,-1.1073975563049316,1.620399416424334e-06,-0.0007910557324066758,-0.208105981349945,-0.00036602531326934695,0.3106245696544647,-0.0582385770976543,0.039765927940607,-0.1276229619979858,0.1322641372680664,-0.0564045384526252,-0.0120494281873106,-0.0580549612641334,-0.0233079195022583,-0.2205765098333358,-0.0632308945059776,0.0160290114581584,0.0060393740423023,-0.5324124693870544,-0.8240213990211487,-0.0339205749332904,-0.0145145282149314
0.0087193585932254,0.1513833254575729,-2.6630812499206517e-05,0.0098458146676421,0.0284839030355215,-0.3782278299331665,0.0146957412362098,-0.0990348681807518,-0.0443486347794532,-0.0216326657682657,0.030650733038783,-0.0744548141956329,0.0611126497387886,-0.1214312836527824,-0.0219683963805437,0.0464537888765335,-0.0475932322442531,0.1090209558606147,0.2037516385316848,-0.5228378772735596,-0.7697418332099915,0.0383023880422115,-0.0145145282149314
-0.0621181093156337,0.9616397619247437,-1.935025284183212e-05,0.0039133829995989,0.0345814675092697,-0.0102739669382572,-0.0742216035723686,0.2120551764965057,-0.0127927949652075,0.0118829132989048,0.2590842545032501,0.0872851908206939,-0.0489843674004077,0.1006749793887138,0.085906833410263,0.0405863970518112,-0.0195634737610816,-0.022570677101612,0.0123085444793105,0.6328933835029602,-0.1882465630769729,0.0132742067798972,-0.0145145282149314
-0.0131339207291603,1.1803793907165527,-2.5475637812633067e-05,0.0034730532206594,0.1056925952434539,0.0703562423586845,0.0550112947821617,0.0777154639363288,0.018552727997303,0.0340656004846096,0.0385044440627098,-0.0356554463505744,0.0650658831000328,0.0581795275211334,5.0588765589054674e-05,-0.135877713561058,0.2243718057870865,-0.0877575948834419,0.0272388402372598,0.8439714312553406,2.019161939620972,-0.0145540544763207,-0.0145145282149314
0.0236204583197832,-1.0984653234481812,3.8130528992041945e-06,-0.0005128671182319522,0.2110378742218017,-0.0195976309478282,0.2975658774375915,-0.1388281434774398,-0.0249985177069902,-0.3214796185493469,-0.2941880822181701,-0.0542229115962982,0.032690156251192,0.1104288473725318,0.0015661549987271,-0.2179876416921615,0.0238868333399295,-0.2146189510822296,-0.2079590409994125,-0.4118241965770721,-0.5805572271347046,-0.0263354144990444,-0.0145145282149314
-0.0494107864797115,0.4989929795265198,-5.708093522116542e-05,0.0096643650904297,-0.0506532415747642,-0.1802123337984085,-0.2475091069936752,0.4789901971817016,-0.0366518907248973,0.258617639541626,0.2165261358022689,-0.0628838688135147,-0.0594720989465713,0.0761730447411537,0.0837766900658607,-0.0033746333792805,-0.030335996299982,0.3107423782348633,0.0517003051936626,-0.4903945326805115,-0.6986192464828491,0.0174648594111204,-0.0145145282149314
-0.0151477018371224,0.2832515835762024,-1.862710269051604e-05,0.0032762615010142,-0.0219718776643276,0.0154639640823006,-0.2495100796222686,0.5143724679946899,0.0413084365427494,0.0219968874007463,0.1868508011102676,-0.0531794838607311,-0.0342377535998821,-0.0581936500966548,-0.0583907850086689,-0.0696432664990425,-0.0332014113664627,0.496592253446579,0.0093789976090192,0.6095933318138123,0.3891216516494751,-0.0155544513836503,-0.0145145282149314
-0.0199062451720237,-0.4811181128025055,-1.520506339147687e-05,0.0014778129989281,0.0774001777172088,-0.0474613755941391,-0.3143943548202514,-0.1194687709212303,0.0048166583292186,-0.0029155146330595,-0.2532535195350647,0.0183913633227348,0.0133795775473117,0.0869479402899742,-0.0104007218033075,-0.2726615369319916,0.0288421474397182,-0.1869567930698394,-0.1430419385433197,-0.5056025385856628,-0.7484248876571655,-0.0474594682455062,-0.0145145282149314
0.0190363153815269,1.0365850925445557,-3.660228685475886e-06,0.0052472692914307,-0.0022335788235068,-0.1373842656612396,0.220200702548027,0.0461789816617965,0.0250841248780488,-0.0324449427425861,0.2414271980524063,0.1600040197372436,0.0471728779375553,0.0730139538645744,0.0203767735511064,0.0251170247793197,0.0506100691854953,0.0921096205711364,0.0054854117333889,0.7396886944770813,1.968685269355774,0.0203172173351049,-0.0145145282149314
-0.0254042036831378,0.9023672342300416,-3.5777986340690404e-05,0.0022567207925021,-0.0374244451522827,0.0898126363754272,-0.0910309553146362,0.1102573797106742,-0.0073867863975465,-0.0473512820899486,0.3009445667266845,-0.0934074223041534,-0.009215478785336,0.0545239672064781,-0.0337876267731189,-0.0674356073141098,0.0433579348027706,0.1903849691152572,-0.0977333560585975,0.6135599613189697,0.6674428582191467,0.006689878180623,-0.0145145282149314
0.0148674603551626,0.4186117351055145,-7.283313607331365e-06,-0.0031069642864167,0.0178890582174062,0.0524247623980045,-0.1990151703357696,-0.0400701463222503,0.0326241590082645,0.0569921247661113,0.1424915194511413,0.1930825859308242,0.1358317583799362,0.0543362759053707,0.0141154741868376,0.0518407113850116,-0.0027689796406775,0.0207824446260929,-0.037001684308052,0.7422787547111511,1.1085819005966189,-0.0074725574813783,-0.0145145282149314
-0.0095579605549573,-2.306857824325561,-0.00017763645155355334,-0.0023426858242601,-0.0561007373034954,0.1767325550317764,0.1935725510120391,-0.0988182723522186,-0.0120737710967659,0.028576947748661,-0.1989374309778213,-0.0118400203064084,-0.0612943544983863,-0.1450507342815399,-0.0570092797279357,-0.0172121748328208,0.0195481572300195,-0.0697857216000557,-0.070172868669033,-0.5018903017044067,-0.7783635854721069,0.0315675884485244,-0.0145145282149314
-0.0422271117568016,1.087931752204895,-3.524992644088343e-05,0.0043500168249011,-0.0489023402333259,0.0872891917824745,-0.0899028107523918,0.0414634570479393,-0.0045833229087293,0.0643678605556488,0.2380148321390152,-0.0349422320723533,0.0142340920865535,0.0637016743421554,-0.0050681550055742,0.0685866177082061,-0.0899674296379089,0.2409886717796325,0.0495793148875236,0.7137532830238342,1.7322839498519895,0.0024066767655313,-0.0145145282149314
0.0212471894919872,0.9979539513587952,-1.7632566596148536e-05,0.0030748380813747,0.01291692443192,-0.1030922681093216,0.1144870519638061,0.0232310201972723,0.023444777354598,0.0381408333778381,0.1227981820702552,-0.0263349264860153,0.0201010759919881,0.0032042223028838,-0.040515586733818,-0.1485714614391327,0.1169477775692939,0.341532826423645,-0.0113548161461949,0.6807351112365723,1.837082862854004,0.0038674555253237,-0.0145145282149314
-0.0410872474312782,0.7465099692344666,-1.2453499948605897e-05,0.0065717059187591,0.2608636617660522,-0.2342039793729782,-0.2014437615871429,-0.1891797333955764,-0.0481583103537559,0.1423903256654739,-0.1232906803488731,0.0732901841402053,0.0088204788044095,0.1026700139045715,-0.0194253027439117,0.5496476292610168,-0.0252003334462642,-0.0013489653356373,-0.0199696328490972,-0.4424689710140228,-0.5535088181495667,0.0011854624608531,-0.0145145282149314
0.0407448559999465,1.323511838912964,-2.4783519620541483e-05,0.0033665520604699,-0.013627665117383,-0.1018204614520073,-0.1461074501276016,-0.0197431538254022,0.0059574982151389,0.1704273670911789,-0.0922500789165496,-0.0483257211744785,0.0024792770855128,0.0714115500450134,-0.0332058817148208,0.1235431432723999,0.0225729681551456,0.1774552911520004,-0.1105381846427917,0.6995152831077576,-0.0499295964837074,0.0558020956814289,-0.0145145282149314
0.0141102680936455,0.353561669588089,-1.4098568499321118e-05,0.0032400586642324,0.0225109588354825,0.0931581854820251,-0.1836538016796112,0.3331808745861053,0.0766400471329689,-0.0785195678472518,0.1958945989608764,0.0350056700408458,0.0173395778983831,0.081979788839817,-0.0540775246918201,0.0826723426580429,-0.0197817832231521,0.5224942564964294,-0.0616601184010505,0.5650840401649475,0.7818894386291504,0.0256309378892183,-0.0145145282149314
0.002238999120891,-2.1533010005950928,-0.0001952449674718082,-0.0007374833221547306,-0.0702484622597694,-0.0383815988898277,-0.1049365401268005,-0.1057193130254745,-0.0391642712056636,0.0187379047274589,-0.2721667289733886,-0.0293445363640785,-0.1042490303516388,-0.1991522908210754,-0.0421891212463378,-0.1677048057317733,0.0073844599537551,-0.0857346653938293,-0.0958921313285827,-0.4469422996044159,-0.7980061769485474,0.0016028875252231,-0.0145145282149314
-0.0162606257945299,-0.3227755427360534,-7.795239798724651e-05,-0.006066785659641,-0.0271738395094871,0.0857348963618278,-0.2793871760368347,-0.1591155976057052,0.0667755082249641,0.0391991436481475,-0.2159896045923233,-0.0334718637168407,-0.0136008681729435,-0.1493434607982635,0.0138378543779253,0.0440722331404686,0.0317680202424526,-0.0612895339727401,-0.0129329767078161,-0.5621736645698547,-0.7616618275642395,0.008765478618443,-0.0145145282149314
0.0542097352445125,-2.2735371589660645,-6.988334644120187e-05,0.0063657467253506,0.0429827086627483,-0.0041900821961462,-0.2320188581943512,-0.1049271076917648,-0.0488951057195663,0.0340371653437614,-0.259794145822525,-0.0321726500988006,0.0324370563030242,-0.0822299644351005,-0.0524197965860366,-0.069977082312107,0.0055200485512614,-0.0629421696066856,-0.0499943271279335,-0.4508205354213714,-0.7861850261688232,0.0039391019381582,-0.0145145282149314
-0.0551641397178173,-0.8496388792991638,2.2433450794778764e-05,0.0025366123300045,-0.0708546265959739,-0.001728190225549,0.3166219890117645,0.0250206440687179,0.0177395176142454,0.0371267423033714,-0.060571402311325,0.1767785549163818,0.0447231940925121,0.1711534857749939,-0.0429120324552059,0.3911475837230682,0.0278782490640878,-0.0369270890951156,0.1735818237066269,-0.4700199961662292,-0.605248212814331,6.630866118939593e-05,-0.0145145282149314
0.021102575585246,0.991588532924652,-7.107610144885257e-06,0.0031501257326453,-0.0024444740265607,0.021208906546235,0.1483378559350967,0.2960294485092163,0.0689007490873336,0.0665142983198165,0.2629199624061584,-0.0306784193962812,-0.0224373135715723,0.0514343343675136,-0.0036368437577039,-0.1219156980514526,0.0800386145710945,-0.2891358137130737,-0.0389972664415836,0.4912839531898498,2.0910894870758057,0.0211106054484844,-0.0145145282149314
0.0579907149076461,-2.1073076725006104,-2.3412940208800137e-06,0.0002964656159747392,0.1620126515626907,-0.0344073735177516,-0.2217239588499069,-0.069771908223629,-0.0087319975718855,0.0908652767539024,-0.1799565255641937,-0.0270067173987627,0.0321087315678596,-0.1860849261283874,-0.0134941320866346,-0.0471491180360317,-0.0018557911971583,-0.2887913584709167,-0.0447784885764122,-0.415151834487915,-0.7444769144058228,0.0156554970890283,-0.0145145282149314
-0.0501664504408836,0.0142442276701331,0.0002269131655339152,0.0078243715688586,-0.0902930200099945,0.0720648244023323,0.1812047660350799,-0.0871073827147483,-0.0161354932934045,-0.1096294447779655,-0.1010529994964599,-0.0121837966144084,-0.0087263118475675,-0.0825797691941261,-0.0214571561664342,0.1093391925096511,0.0354407504200935,0.5492221713066101,0.3747239112854004,-0.5090687274932861,-0.6858046650886536,0.0407433919608593,-0.0145145282149314
-0.0155286351218819,0.8573246002197266,-6.477392162196338e-06,0.007722801528871,-0.015494997613132,-0.3174844682216644,0.2182541936635971,0.1264562457799911,0.0228918008506298,-0.0356487669050693,0.269303947687149,-0.0079616457223892,0.031996514648199,0.0431304536759853,-0.0529442876577377,-0.0936678797006607,-0.0241740364581346,0.1435304433107376,0.0022088170517235,0.6323707699775696,0.4756530523300171,-0.0072045577690005,-0.0145145282149314
-0.0125123895704746,-1.8427854776382449,1.178766251541674e-05,0.0010553220054134,0.0057347728870809,-0.0095206880941987,0.4029222428798675,-0.1178717538714408,-0.0477323345839977,-0.1772833466529846,-0.2250749170780182,-0.03221195936203,-0.0975370332598686,-0.1812190115451812,-0.0362600237131118,-0.1324555724859237,-0.0718383938074112,-0.3540458083152771,-0.1569634526968002,-0.4366314709186554,-0.7811203598976135,0.0023876701015979,-0.0145145282149314
-0.0114535512402653,-1.3032305240631104,-0.0013779229484498,-0.0091036343947052,-0.0133487153798341,-0.0662536546587944,-0.1216563358902931,-0.1516023576259613,-0.1266078203916549,-0.1825777143239975,-0.1659983843564987,0.011299162171781,-0.0225499533116817,-0.1314267367124557,-0.0123700173571705,-0.0019156078342348,0.0355160199105739,-0.0320588797330856,0.006660274695605,-0.523754894733429,-0.8361598253250122,0.0166486725211143,-0.0145145282149314
-0.0254092514514923,-2.0424797534942627,0.0010833541164174,-0.0061686718836426,-0.0165397059172391,-0.0784058719873428,-0.0951128602027893,-0.0528920888900756,-0.1302438676357269,-0.1887336075305938,-0.2058653831481933,0.0080005945637822,-0.053821638226509,-0.1154977530241012,-0.0112608643248677,-0.0712326318025589,0.01435714866966,-0.0622815676033496,-0.078916884958744,-0.4969035983085632,-0.8346660137176514,0.015816181898117,-0.0145145282149314
-0.0112558957189321,-0.945222556591034,7.903031655587256e-05,-0.000371862668544054,-0.0890372693538665,0.120374359190464,0.4776829779148102,-0.0578995198011398,0.0206832531839609,-0.0264939498156309,-0.1805925518274307,-0.040754497051239,-0.0834798067808151,-0.2102898508310318,-0.0008214891422539949,0.1278829276561737,0.0317964628338813,-0.0336846187710762,-0.0299846306443214,-0.5431767702102661,-0.7098619341850281,0.0234122518450021,-0.0145145282149314
-0.016200978308916,0.0400157459080219,-3.347281744936481e-05,0.0066269082017242,0.0624641962349414,0.0850811004638671,-0.2175971269607544,-0.1310327351093292,0.0973341166973114,0.216088593006134,-0.109315775334835,0.1093173995614051,-0.0537425056099891,0.2081066668033599,-0.0279323756694793,0.0012390176998451,-0.0321504324674606,0.5119178891181946,0.0448977500200271,-0.4304099380970001,-0.6236447095870972,0.0118019813671708,-0.0145145282149314
0.0067416820675134,-1.7131452560424805,-0.000155714777065441,0.0042339814826846,-0.0461181439459323,0.1730737835168838,-0.0412257201969623,-0.1101516038179397,-0.0152542749419808,0.0868884325027465,-0.1345516890287399,0.0156182348728179,0.0539907403290271,-0.0701097771525383,0.1263827234506607,0.0180962663143873,0.0452699624001979,-0.2763397693634033,0.3581682443618774,-0.4074722230434418,-0.643669843673706,0.0160959307104349,-0.0145145282149314
0.0176642332226037,-1.930206298828125,-4.491241998039186e-05,-0.002892657648772,0.0140308579429984,-0.1786459237337112,0.1343110650777816,-0.0990754887461662,0.0305012874305248,0.0044049364514648,-0.1719507277011871,-0.0585198700428009,-0.0136980172246694,-0.2005001306533813,-0.0617579817771911,-0.0184950102120637,0.0320610478520393,-0.0087781297042965,-0.03287810459733,-0.511194109916687,-0.7898308634757996,0.0150956027209758,-0.0145145282149314
-0.0333928987383842,0.9566348791122437,-1.7448572180001065e-05,0.0024247609544545,0.0062547493726015,0.0357608720660209,-0.1206516474485397,-0.0273174084722995,-0.0064471503719687,0.0512066558003425,0.1931859999895095,0.0939763113856315,-0.0029513253830373,0.0522294528782367,0.0034736243542283,0.0519712194800376,-0.0694621577858924,0.5528022050857544,0.0231475289911031,0.6671320796012878,1.6803618669509888,0.0251789111644029,-0.0145145282149314
0.0202255249023437,-0.933041512966156,-7.3628507379908115e-06,0.0013183504343032,0.0598097145557403,-0.1151952892541885,-0.1080891415476799,0.0353609211742877,-0.0229415688663721,-0.0141778020188212,-0.0212624054402112,0.2589434683322906,-0.0385557748377323,0.2186512947082519,0.017279740422964,0.0731521472334861,-0.0315570160746574,-0.3650688827037811,-0.1741121411323547,0.6357700824737549,0.1454217284917831,-0.0136156249791383,-0.0145145282149314
0.0054826280102133,-1.999126672744751,-0.0002202182076871395,-0.0011590451467782,0.0451891645789146,-0.0798831209540367,-0.1355929523706436,-0.1081177219748497,0.0712521448731422,0.0541105642914772,-0.2121948897838592,0.0010676868259906,0.0784045383334159,-0.115230768918991,-0.0494846664369106,-0.0387853980064392,0.0276734679937362,-0.0426737032830715,-0.0092139886692166,-0.4536343514919281,-0.7928919196128845,0.0057501206174492,-0.0145145282149314
-0.0105934813618659,0.6502550840377808,-0.0001633554056752473,0.0069336108863353,-0.1739123165607452,0.0900598987936973,-0.1484824270009994,-0.050359159708023,-0.0043515292927622,0.1568764001131057,-0.1060308963060379,-0.0371022932231426,0.0430553369224071,-0.1129098236560821,-0.0297038089483976,0.2821218967437744,0.2501288652420044,-0.0437370166182518,-0.040631279349327,-0.5255328416824341,-0.7798154950141907,0.067298024892807,-0.0145145282149314
0.0164686515927314,1.1206334829330444,-1.742199674481526e-05,0.0060194064863026,0.0415940359234809,-0.179497629404068,0.1864250898361206,-0.1700443029403686,0.343391865491867,0.2448766827583313,0.2808209955692291,0.057820625603199,0.0119785405695438,0.0959575623273849,0.0558637790381908,0.0647305324673652,0.042970348149538,-0.0272536501288414,-0.0026048459112644,-0.4884373247623443,-0.6224648952484131,0.0406722240149974,-0.0145145282149314
-0.0222253445535898,-1.1291004419326782,-1.4191093214321882e-05,0.0018705482361838,-0.0199509654194116,0.0077276383526623,0.1558470875024795,-0.099806897342205,-0.0259184949100017,-0.1070671752095222,-0.2099462747573852,-0.01929328776896,0.0342670045793056,-0.1223594844341278,0.0040120785124599,-0.2941435873508453,0.0706165134906768,-0.4233190417289734,-0.2767804861068725,-0.4507800042629242,-0.7528117299079895,-0.0361657887697219,-0.0145145282149314
-0.0412900634109973,1.2138601541519165,-1.578784576850012e-05,0.0102748274803161,0.127672329545021,0.2193184047937393,-0.2979479730129242,-0.037692554295063,-0.0606131963431835,0.0825415104627609,0.2272080779075622,0.1025905832648277,-0.0446165576577186,0.1241956278681755,-0.0099057452753186,-0.2349203526973724,-0.010323928669095,0.2514420449733734,0.0771487653255462,-0.4330368936061859,-0.6214619278907776,-0.0467468649148941,-0.0145145282149314
0.0320150218904018,1.0527708530426023,-1.5266199625330046e-05,0.0031392720993608,-0.0116032166406512,0.0388330183923244,-0.1138911619782447,-0.0162852704524993,0.0716794058680534,0.1622022241353988,0.1268650442361831,-0.0192754585295915,-0.0050447266548871,0.0007652116473764181,0.0417018048465251,0.0056440476328134,0.0075320056639611,0.4942474365234375,0.1519180089235305,0.6797869801521301,1.676017999649048,0.0081364894285798,-0.0145145282149314
-0.0463472306728363,1.1456232070922852,-3.669701982289553e-05,-0.0184817612171173,0.0073714740574359,-0.2002378851175308,0.5848885774612427,0.2410730570554733,0.2549627125263214,-0.3211769163608551,0.4606776237487793,0.0072169410996139,0.0418544150888919,0.0290504600852727,0.0087403748184442,0.0547827668488025,0.0100074922665953,-0.019521115347743,-0.0084265442565083,-0.4285316169261932,-0.5913403630256653,0.0059868460521101,-0.0145145282149314
0.0232018940150737,1.104365587234497,-9.764713468030097e-06,0.0021085117477923,0.0229448024183511,-0.0223276857286691,0.3394419550895691,-0.0178387816995382,-0.0167296454310417,-0.1464264243841171,-0.1305351555347442,0.0085928905755281,0.062067087739706,0.0577861182391643,-0.0036646311637014,-0.1895260512828827,0.1164195910096168,0.1390309482812881,-0.0386075899004936,0.8106259107589722,2.118062257766724,-0.0230719186365604,-0.0145145282149314
-0.0221828613430261,-0.4320621192455292,-4.5660941395908594e-05,0.0041033294983208,0.0438513681292533,0.1855356097221374,-0.1598505228757858,-0.1151186674833297,0.0935292467474937,-0.2691799402236938,-0.2645549774169922,-0.0206292942166328,-0.002857701620087,-0.1280509382486343,-0.0628914013504982,-0.3540644943714142,-0.0644237026572227,-0.0541195310652256,-0.0426108464598655,-0.5885233283042908,-0.7954016923904419,-0.0359567552804946,-0.0145145282149314
-0.0043230517767369,-0.5885582566261292,-2.977729309350252e-05,0.0044911284931004,0.0275941547006368,0.1282027810811996,-0.1311599910259246,-0.0511092394590377,-0.0113719729706645,0.0441952794790267,-0.2763226330280304,0.3271194100379944,0.0139934858307242,0.342338889837265,-0.0090102907270193,0.4498678743839264,0.0180322583764791,-0.1444656699895858,-0.0176201574504375,-0.3854088485240936,-0.5530198812484741,0.1170017793774604,-0.0145145282149314
0.025386556982994,-0.9052606225013732,-0.00010411912808194757,0.0059076831676065,-0.0900175049901008,0.1041145473718643,-0.3587478697299957,-0.0002764098171610385,-0.0411670580506324,0.1746116429567337,-0.2492145299911499,-0.0142100686207413,0.0471970252692699,-0.1114929392933845,-0.0640067309141159,0.0832171961665153,0.0326280295848846,-0.003148487303406,0.0176221020519733,-0.4823456406593323,-0.730396032333374,0.0101177562028169,-0.0145145282149314
-0.0038299004081636,0.7303835153579712,-5.9173871704842895e-06,0.0033369443845003,-0.0029916814528405,-0.0772570818662643,0.2299617826938629,0.1100702583789825,0.0508015789091587,0.1265441328287124,0.1100430116057396,0.1783021837472915,0.1636874079704284,0.0805508121848106,0.0253572035580873,0.06570316106081,-0.0613372288644313,0.5323567390441895,0.1069366484880447,0.64710533618927,1.2986855506896973,0.0056439116597175,-0.0145145282149314
-0.054095197468996,1.3488878011703491,-2.736000169534236e-05,0.0118617266416549,0.0988886281847953,-0.0709400996565818,0.3187339305877685,0.1625551134347915,-0.0125813828781247,0.0428652837872505,0.1759284883737564,-0.0223385095596313,-0.0385067611932754,-0.1686829328536987,0.0053404825739562,0.063244454562664,-0.0501953326165676,0.4932117760181427,-0.0301206018775701,-0.4067488312721252,-0.5366637706756592,-0.0206820145249366,-0.0145145282149314
0.0800473466515541,1.1937354803085327,-1.6343390598194674e-05,0.0077689220197498,0.070737637579441,-0.037283182144165,-0.4529440701007843,0.021551601588726,0.0055486746132373,0.1511659771203994,0.3813502788543701,0.2605849802494049,-0.0663642063736915,0.1737381219863891,-0.0600733794271945,-0.059207733720541,0.0140748443081974,-0.2598137259483337,-0.0425521284341812,-0.4713446497917175,-0.6266623139381409,-0.001468347501941,-0.0145145282149314
0.0566770210862159,1.0873920917510986,-8.88252179720439e-06,0.0090938135981559,0.2249663472175598,0.1320738941431045,0.1308474987745285,0.3877522051334381,0.0132933259010314,-0.2292839586734771,0.5513221621513367,0.0361139625310897,-0.0257777422666549,0.2145538181066513,-0.0555295497179031,-0.2439262419939041,-0.0196683276444673,-0.3768576085567474,-0.0295181330293416,-0.3146586418151855,-0.4562010467052459,0.0036272332072257,-0.0145145282149314
0.0587177611887455,-2.034260034561157,-3.682529495563358e-05,0.0011610885849222,0.0219111423939466,0.0230438206344842,-0.1806446462869644,0.1515238136053085,-0.0114976074546575,0.0151258101686835,-0.1938800513744354,-0.0406299009919166,-0.0751412510871887,-0.1522680819034576,-0.014010451734066,0.0565842352807521,-0.0229190364480018,-0.2781707644462585,-0.1171728298068046,-0.3934462070465088,-0.7173736095428467,-0.0202521160244941,-0.0145145282149314
-0.0057835541665554,1.1270664930343628,-1.91547951544635e-05,0.0029697292484343,-0.0347000770270824,-3.282930265413597e-06,0.1067327186465263,-0.240606352686882,0.1096620857715606,0.0044405846856534,-0.1967737823724746,0.0220377929508686,0.139638215303421,-0.020087756216526,0.0753188729286193,-0.2421573996543884,0.0858468562364578,0.0933514013886451,-0.2079520672559738,0.7603241801261902,0.5511326789855957,-0.0060734027065336,-0.0145145282149314
0.0327402763068676,1.147554636001587,-0.0002014143392443657,0.0105720246210694,-0.1137232854962349,0.2771051824092865,0.0250102914869785,-0.1603820621967315,0.1389821022748947,0.0068141212686896,0.0135115040466189,0.0091380588710308,-0.0249221473932266,-0.0913791358470916,0.0169570371508598,0.0390855856239795,0.080770768225193,0.1054161339998245,0.2179844826459884,-0.4557861685752868,-0.640419065952301,0.0117773041129112,-0.0145145282149314
0.0486767143011093,-0.0277643073350191,-2.0271079847589132e-05,0.0028228901792317,-0.0279926694929599,-0.1154020205140113,0.2139510214328766,-0.1579791903495788,0.0269339494407176,-0.0737480968236923,0.0085295373573899,-0.0407282747328281,0.0827928036451339,0.2664178013801574,-0.013093682937324,-0.0576576329767704,-0.047076791524887,-0.1785491108894348,-0.1797192841768264,-0.4952176213264465,-0.6621253490447998,0.0020936739165335,-0.0145145282149314
0.0385054387152195,-2.29701828956604,0.00048085767775774,0.0060014529153704,-0.0326637141406536,-0.0616194084286689,-0.1544423848390579,-0.0948777720332145,-0.1137052625417709,-0.1072395220398902,-0.2462823837995529,-0.0144947795197367,-0.0417356640100479,-0.0905983224511146,-0.0064545283094048,-0.0456954166293144,0.0094393249601125,-0.0482231080532074,-0.0724398419260978,-0.4969434142112732,-0.8552900552749634,0.0079585500061512,-0.0145145282149314
0.0268981382250785,0.1193480938673019,-0.00010117364581674336,0.0193042233586311,0.2117951810359954,0.0146586140617728,-0.2167890518903732,0.0877063497900962,0.0347705595195293,0.0687294155359268,-0.2116106152534485,-0.0501210130751132,0.0475774742662906,-0.1585942804813385,-0.0214589387178421,0.6150262951850891,-0.0154782868921756,-0.0089373104274272,-0.0451461486518383,-0.4405870735645294,-0.5018773674964905,0.0147093208506703,-0.0145145282149314
-0.0121142165735363,-0.2645091116428375,3.522292536217719e-05,-0.0045997598208487,-0.0712868943810463,-0.0114034721627831,0.3362881541252136,0.1811543405055999,-0.0609064027667045,-0.0538839250802993,0.1073554456233978,-0.0500525496900081,-0.0990665256977081,-0.152934193611145,-0.063891164958477,0.0849043130874633,-0.0056051225401461,-0.0298091880977153,-0.0503605045378208,-0.5526747107505798,-0.8017220497131348,0.0116922687739133,-0.0145145282149314
-0.045487780123949,0.4203255772590637,-1.4610417565563694e-05,0.0044650775380432,0.2576341032981872,-0.1101482436060905,-0.0707226321101188,-0.1502285748720169,-0.068895898759365,0.0923211202025413,0.0490637719631195,0.0357851758599281,-0.0042139892466366,0.082852654159069,-0.0094520524144172,0.3082200288772583,-0.0418532937765121,-0.4087815880775451,-0.0491580292582511,-0.467009574174881,-0.608199954032898,0.0054345852695405,-0.0145145282149314
0.040985133498907,0.3342679142951965,-7.919697964098305e-06,0.0024792607873678,-0.0595080554485321,0.0178478043526411,0.3905255496501922,-0.1226165518164634,0.0191351398825645,0.0259979888796806,-0.1024176701903343,-0.042239025235176,0.0213135983794927,0.0598762519657611,0.0590253472328186,-0.3027823567390442,-0.0261367112398147,-0.4495466351509094,-0.1268623322248459,-0.4669082164764404,-0.7081020474433899,-0.0777483358979225,-0.0145145282149314
-0.0183522440493106,0.0769648998975753,2.5566827389411628e-05,0.0278491303324699,-0.009748569689691,-0.0127133252099156,-0.0931640937924385,0.000917258090339601,-0.0998238697648048,-0.0914350375533104,-0.1975239068269729,0.0489555075764656,-0.0068906415253877,-0.016621945425868,0.0490588769316673,-0.2511572241783142,-0.0300050470978021,-0.4193313717842102,-0.1938448101282119,-0.5117181539535522,-0.7492915987968445,-0.0615641362965106,-0.0145145282149314
-0.014645991846919,0.5854275226593018,-5.055077053839341e-06,0.0026546278968453,-0.0254565849900245,-0.0337403565645217,0.1970596313476562,0.0455254130065441,0.1535719782114029,-0.0351344384253025,0.0816185697913169,0.1731478124856948,0.1230677291750907,0.0870086178183555,-0.0794926434755325,0.1808122992515564,-0.0797479078173637,0.4938306510448456,0.0994996279478073,0.7169654965400696,0.99814635515213,0.0168179422616958,-0.0145145282149314
0.0057328143157064,-2.052180767059326,-0.00020775978919118643,0.0038217783439904,-0.1052722856402397,-0.0049120988696813,0.0434256233274936,-0.1528048515319824,0.0213517602533102,-0.0516795217990875,-0.2663212120532989,-0.017398677766323,-0.0207115076482296,-0.1563552916049957,0.0135127715766429,0.4606526494026184,-0.038966566324234,-0.0511592365801334,-0.0490564741194248,-0.5023118257522583,-0.7626429796218872,0.0078291660174727,-0.0145145282149314
0.0012965212808921,-1.68886399269104,-0.00012620401685126126,0.0020573574583977,-0.0520482286810874,-0.0507569946348667,0.1447693556547165,0.1934070736169815,0.0078377928584814,0.0302431471645832,-0.0060702203772962,-0.1037389114499092,-0.019248142838478,-0.1343480050563812,-0.0554821379482746,-0.13508340716362,-0.0002550651552155614,0.2748233377933502,-0.0782049894332885,-0.5127989649772644,-0.8178960680961609,-0.0548674128949642,-0.0145145282149314
-0.0136933485046029,0.9092902541160583,-4.603991692420095e-05,0.002112534828484,0.0290428511798381,-0.1282690912485122,0.0796050280332565,0.0264403615146875,0.0860469192266464,0.0039111743681132,0.2699312269687652,-0.0225756522268056,-0.0726921707391738,-0.0307566504925489,-0.0186948515474796,0.0149737112224102,-0.0449650846421718,0.308895856142044,-0.0631294026970863,0.6845001578330994,1.6778076887130735,0.0034788264892995,-0.0145145282149314
0.0166942924261093,0.6154142618179321,5.431869794847444e-06,0.0020150423515588,-0.0360794477164745,0.0038741459138691,0.2480266988277435,-0.0216203443706035,0.1012935936450958,0.1528303474187851,-0.1545381397008896,0.1924592703580856,0.0302674137055873,0.0935730934143066,-0.0053972699679434,0.0377969481050968,0.046546284109354,0.4084487557411194,-0.01911929436028,0.7068835496902466,0.975642740726471,0.0433891713619232,-0.0145145282149314
-0.0378913395106792,-1.3847428560256958,-1.2636744941119105e-05,0.0002621878811623901,0.0054254387505352,0.012896773405373,0.0011750407284125,-0.2811021506786346,0.0004421041521709412,0.0246364139020442,-0.2334810644388198,-0.0768355205655098,0.0009962127078324556,0.0722251385450363,0.0043949950486421,-0.2343850880861282,0.0979656353592872,-0.5021520853042603,-0.2291557192802429,0.7084830403327942,0.9393855929374696,-0.0034373730886727,-0.0145145282149314
0.0170320942997932,-1.2498693466186523,-2.8681846742983907e-05,0.0013308859197422,-0.0881418213248252,-0.0511626601219177,0.136012926697731,-0.0086894612759351,-0.0075441203080117,-0.1068753898143768,0.019496027380228,-0.0925209373235702,-0.0118267042562365,-0.010428917594254,-0.0667064785957336,0.1235949024558067,-0.0150020103901624,0.2493675947189331,0.2655135691165924,0.7052389979362488,0.5658531785011292,0.0160508304834365,-0.0145145282149314
-0.0029055958148092,-1.6871113777160645,-0.00010719266720116138,-0.004503353498876,-0.021055445075035,-0.1639931797981262,0.084747739136219,0.2625055313110351,-0.0732714086771011,-0.0142499757930636,-0.0732928439974784,-0.0464909635484218,-0.0435982756316661,-0.1752120405435562,-0.0615223720669746,0.0220939945429563,0.0109692057594656,-0.0378833152353763,-0.0251913890242576,-0.5778087973594666,-0.8361172676086426,0.0093996645882725,-0.0145145282149314
0.0518342666327953,1.6237154006958008,-0.00014912834740243852,0.042778767645359,0.0178241916000843,0.0608251430094242,-0.1058138981461525,0.0326468534767627,-0.1101718991994857,-0.0853104516863823,-0.2094616293907165,0.1043250933289527,0.0235871132463216,-0.0133720962330698,0.0817320942878723,-0.1254053562879562,-0.0471697561442852,0.0150249265134334,0.0153135322034358,-0.5167313814163208,-0.8062394857406616,-0.0380132049322128,-0.0145145282149314
-0.0076936036348342,0.1051981747150421,-2.613788819871843e-05,0.0060994015075266,-0.0132317906245589,-0.2410621345043182,0.2185894250869751,0.1109049245715141,-0.0512282066047191,0.0389180369675159,-0.1868513524532318,-0.0671734884381294,0.0339019075036048,-0.2214637845754623,0.1328592151403427,-0.1033316701650619,-0.1069423332810401,-0.3122986257076263,-0.0068612173199653,-0.5285000801086426,-0.6907594799995422,-0.0522666275501251,-0.0145145282149314
-0.0060262307524681,-1.7527509927749634,-3.3056276151910424e-05,0.0015643519582226,0.036435417830944,0.0098961926996707,-0.3149925172328949,-0.1468419134616851,0.0832515507936477,0.0010728877969086,-0.2338600307703018,-0.0576432570815086,-0.1077019572257995,-0.1778248697519302,-0.0220825616270303,-0.2632279992103576,-0.0334522612392902,-0.0938492938876152,-0.0541727393865585,-0.4446378946304321,-0.7609869241714478,-0.0242940969765186,-0.0145145282149314
-0.0535775572061538,0.951219379901886,-6.388730980688706e-06,0.0046410225331783,-0.0582926459610462,-0.2563240528106689,-0.2283468842506408,0.1043875068426132,-0.0554470717906951,0.1711681187152862,0.138164222240448,-0.0750800222158432,-0.0401736535131931,0.0817589461803436,0.0507030189037323,-0.3108965754508972,-0.0049080648459494,-0.4683647453784942,-0.0982862636446952,0.6334611177444458,-0.1449776738882064,-0.0199109446257352,-0.0145145282149314
0.0108344266191124,-1.172832489013672,5.502130807144568e-05,0.0052497494034469,-0.0448076799511909,0.1534728407859802,-0.2118048667907714,-0.1599649637937545,0.0178718287497758,-0.0006282348185777664,0.0352480746805667,0.0163800660520792,0.0492430329322814,-0.082238920032978,0.0718894600868225,0.1336710005998611,0.0419495142996311,-0.046936210244894,0.0397246368229389,-0.5185996294021606,-0.7726172208786011,0.0181776732206344,-0.0145145282149314
0.0092305112630128,1.0039911270141602,-1.8005357560468838e-05,0.0032376183662563,-0.0169243477284908,-0.1317477524280548,0.1560831665992736,-0.0123746898025274,-0.0153812384232878,0.041186649352312,0.0899900272488594,-0.0453436188399791,0.0477510392665863,0.0287567265331745,-0.1006577759981155,-0.1949280947446823,-0.0385191701352596,0.3462680280208587,0.0622593313455581,0.6872914433479309,0.5611243844032288,-0.0136356465518474,-0.0145145282149314
-0.0308676473796367,-1.5539833307266235,-5.374285683501512e-05,0.0024015638045966,0.0379226952791214,0.0142297856509685,0.2111660987138748,-0.3187018632888794,0.0078122168779373,-0.0280545894056558,-0.149903729557991,-0.0405258350074291,0.010346345603466,-0.0477120801806449,0.0244608223438262,0.3065103590488434,-0.0225171539932489,0.3074119091033935,-0.1748340725898742,0.7170038819313049,1.5306564569473269,0.0279569011181592,-0.0145145282149314
-0.0292456895112991,1.0037472248077393,-5.0549948355183005e-05,-0.0118247456848621,-0.0607351213693618,-0.0655132532119751,-0.0889331623911857,-0.037244614213705,0.1870975345373153,0.022941268980503,0.072539173066616,0.0320648849010467,0.0180676020681858,0.0741061195731163,0.0394268184900283,0.0203510411083698,0.0232818182557821,0.0058753015473484,-0.0078742625191807,0.7442854046821594,-0.0793941468000412,0.0011083740973845,-0.0145145282149314
0.0116622187197208,1.0739431381225586,-7.353857654379681e-06,0.0035774558782577,-0.0260526277124881,0.021204225718975,0.2630103528499603,0.0440883673727512,0.0049260193482041,-0.3396683037281036,0.1222889646887779,0.1863282918930053,0.0724293887615203,-0.001947037409991,-0.0131949698552489,-0.001139139290899,-0.0218801628798246,0.4785796999931335,-0.0421979390084743,0.6469799280166626,0.748245894908905,0.0377585105597972,-0.0145145282149314
-0.0803943946957588,1.2695014476776123,-2.3147425963543355e-05,0.0078622912988066,-0.1196701750159263,0.0690445303916931,-0.4016132950782776,-0.0946797877550125,-0.0356026701629161,0.0968522578477859,0.2067400068044662,-0.0058402298018336,0.0080475807189941,-0.0328564196825027,-0.0041361474432051,-0.2590679824352264,-0.1040506735444068,-0.0307703968137502,-0.0040971767157316,-0.5165954232215881,-0.8015732765197754,-0.0713962614536285,-0.0145145282149314
0.0701125785708427,-0.0366903208196163,-9.294257324654608e-05,0.0039881104603409,-0.1027557477355003,0.1171757206320762,-0.1452651023864746,-0.1214110180735588,-0.1097840443253517,-0.0004659303813241422,-0.208823099732399,-0.0463922098278999,-0.0252206660807132,-0.1237259060144424,-0.0464237108826637,-0.3457627594470978,-0.0637855678796768,0.5292556881904602,0.2612973153591156,-0.5364271402359009,-0.7927089929580688,-0.0739238858222961,-0.0145145282149314
-0.0057683596387505,1.0821127891540527,-5.440251698018983e-06,0.0043609617277979,-0.0216837804764509,-0.0732912868261337,0.1965681910514831,-0.0110177528113126,0.0110937217250466,0.0841920524835586,0.1031687408685684,0.1330045312643051,-0.012685882858932,0.076707050204277,4.897438702755608e-05,0.0890764147043228,-0.0183513704687356,-0.3691483736038208,0.0050111422315239,0.7144455313682556,2.159853935241699,0.0254585593938827,-0.0145145282149314
0.0051766065880656,0.98200523853302,-6.31537550361827e-05,-0.0086470246315002,0.0236784014850854,-0.0969778522849083,0.0497353784739971,0.0198042653501033,-0.0601219087839126,0.0204822942614555,0.1341603547334671,-0.1047720238566398,-0.1904430836439132,-0.0753260552883148,-0.0394848696887493,-0.0239029619842767,0.0365811958909034,0.0285689923912286,0.0012698426144197,0.7110333442687988,1.8348366022109983,0.0132701247930526,-0.0145145282149314
0.0077711744233965,0.3692482113838196,-1.5849811461521313e-05,0.0026463619433343,0.0083770034834742,0.0358266681432724,-0.083478108048439,0.1045551523566246,0.0630623400211334,0.035633098334074,0.2021176218986511,-0.068259909749031,0.0284105725586414,-0.0359587185084819,-0.0621462017297744,0.0739231407642364,0.028855588287115,0.4925753474235534,0.2415279000997543,0.6441441774368286,0.4072217941284179,0.0026736403815448,-0.0145145282149314
-0.0122524313628673,-2.106860399246216,7.282686419785023e-05,0.0154615556821227,-0.0462131239473819,-0.0678940787911415,-0.1841528266668319,-0.1443704217672348,-0.1161219924688339,-0.1596149206161499,-0.2545915246009826,-0.0074262414127588,-0.0587678365409374,-0.0759768337011337,-0.0031367887277156,-0.0546106845140457,-0.0620959401130676,-0.0487360619008541,-0.076822929084301,-0.4704000651836395,-0.8406556844711304,-0.0177711099386215,-0.0145145282149314
-0.0163479372859001,0.6436436772346497,-2.180725277867168e-05,0.0012321884278208,-0.0442276857793331,0.0065198270604014,0.2869905829429626,-0.2083283364772796,-0.0135949812829494,-0.4490457773208618,-0.176321342587471,-0.0710980147123336,0.0079996772110462,-0.0665917247533798,-0.1007496044039726,-0.1212334781885147,-0.0745860785245895,0.1335091143846511,-0.0448991060256958,0.8185586929321289,0.9772900938987732,-0.0054189986549317,-0.0145145282149314
0.0141412233933806,0.9706826210021972,-1.4508772437693551e-05,0.0026307106018066,-0.0066430121660232,-0.1004913449287414,0.4182627499103546,-0.0295019913464784,0.0008546411991119385,-0.2467976212501526,0.1282343417406082,0.024264121428132,-0.0173437353223562,0.0165359117090702,-0.032476857304573,-0.2379665225744247,0.088240809738636,0.0639435872435569,0.0250023733824491,0.6864163279533386,0.7873892188072205,0.0083841644227504,-0.0145145282149314
-0.055723812431097,-0.2208554595708847,9.910581866279244e-06,-0.0041405512019991,-0.0190784763544797,-0.0659570097923278,0.3890169262886047,-0.0213756840676069,-0.0279898736625909,-0.2928239703178406,-0.1121444925665855,-0.03985346108675,0.0163660049438476,0.0278605874627828,-0.0616115033626556,0.0548126101493835,0.0599102452397346,0.1350134164094925,0.0017605782486498,0.8623504638671875,0.9368589520454408,-0.0149921178817749,-0.0145145282149314
-0.0080376286059618,0.5653181672096252,1.1391406587790698e-05,-0.0022472916170954,0.001065099844709,0.0254040248692035,0.049717541784048,-0.0165853109210729,0.0208636969327926,-0.1204224824905395,0.0976394787430763,0.1532803475856781,0.2106008529663086,0.052281342446804,-0.056905448436737,0.0321422852575778,0.03141950070858,0.1561961770057678,0.0208596289157867,0.894843339920044,1.5960516929626465,0.0166474971920251,-0.0145145282149314
0.0251598488539457,0.2170237898826599,-4.073230957146734e-05,0.0177015122026205,0.0457461439073085,0.0181676819920539,0.1039772480726242,-0.0451728403568267,0.1227968260645866,0.1157874912023544,-0.1599196046590805,-0.0775757879018783,-0.029055368155241,-0.1522361785173416,-0.0346364714205265,0.5405478477478027,-0.0347789749503135,-0.0489621758460998,0.2712571918964386,-0.4268819093704223,-0.5481154918670654,0.0922804996371269,-0.0145145282149314
-0.0147218517959117,1.3740078210830688,-0.00022004253696650267,0.0327367447316646,0.0961554571986198,-0.0152459265664219,-0.1874488890171051,-0.0974981114268302,0.0798790827393531,-0.0234113205224275,-0.2509235739707947,-0.0227774064987897,0.0185873918235301,-0.1378300786018371,-0.0035305444616824,0.6987840533256531,0.0300488118082284,0.0221955422312021,-0.0164954364299774,-0.45024374127388,-0.5298051238059998,0.0063965157605707,-0.0145145282149314
-0.0095287868753075,0.0980482771992683,4.75759879918769e-05,0.0067223245278,-0.1099528819322586,0.0912216156721115,0.291910707950592,0.1549332290887832,0.1039639413356781,-0.2280426025390625,-0.1849406957626342,-0.010949658229947,0.085418626666069,-0.0456590987741947,-0.028777003288269,-0.2710599601268768,-0.1288095116615295,-0.0213568806648254,-0.0325117669999599,-0.5700415968894958,-0.7672017812728882,-0.0565377585589885,-0.0145145282149314
0.0355234891176223,0.5240706205368042,-4.7812063712626696e-06,0.003174505662173,-0.1358925998210907,-0.0121225509792566,0.4114665687084198,0.3262134194374084,-0.0479055568575859,-0.0822725445032119,0.2909554243087768,-0.0649091452360153,-0.0138171110302209,-0.1411984711885452,-0.0191720407456159,-0.1478468179702758,-0.0173011496663093,-0.5477304458618164,-0.022107221186161,-0.490209013223648,-0.7590770721435547,-0.0025093194562941,-0.0145145282149314
-0.0168521106243133,-0.3888822793960571,-0.00012329273158684373,0.0071988077834248,-0.0221541114151477,-0.0584642067551612,-0.1660745590925216,-0.0722811073064804,-0.0993413105607032,-0.1795554012060165,-0.2386483699083328,0.0210872255265712,-0.0469878837466239,-0.0889362543821334,-0.0035054315812885,0.0324308052659034,0.0238805171102285,-0.1821885555982589,-0.0161214917898178,-0.5476697087287903,-0.8141714930534363,0.0090975537896156,-0.0145145282149314
-0.0067772343754768,-0.1405227780342102,-1.865836020442657e-05,0.0018868721090257,-0.0419110991060733,0.1243972852826118,-0.2603881657123565,0.1595133990049362,-0.0023446292616426,0.0843921676278114,0.2831451296806335,0.0134304519742727,0.033938568085432,0.1026874482631683,-0.0080739483237266,0.0431873761117458,-0.0014289289247244,0.396941065788269,-0.0144297750666737,0.6389719843864441,1.6500718593597412,-0.0073946346528828,-0.0145145282149314
0.1164433136582374,-0.2391042709350586,-2.093516377499327e-05,0.0026583548169583,-0.0119163747876882,-0.0687863305211067,0.3835987746715545,-0.0172869116067886,0.183514267206192,0.1035101860761642,-0.2245843261480331,-0.0640247836709022,-0.0280913636088371,-0.0511991828680038,-0.0398845486342906,-0.0798992812633514,0.034705713391304,0.4423547685146332,0.3664709031581878,0.6248704791069031,-0.0230911001563072,0.0057525397278368,-0.0145145282149314
0.1064069792628288,1.3551785945892334,-1.952503953361884e-05,0.0090010091662406,-0.2327072322368621,0.0882733315229415,0.0542451255023479,-0.1104338616132736,0.1348598450422287,0.2056026607751846,-0.0386134497821331,0.1849560141563415,-0.0110107995569705,0.1132324337959289,0.0039298124611377,-0.0472344532608985,0.1674252301454544,0.2163206040859222,-0.0709234550595283,-0.4300197064876556,-0.6620431542396545,0.0344861485064029,-0.0145145282149314
-0.0152705814689397,-2.296761512756348,0.00048085767775774,-0.0013443268835544,-0.0266091115772724,-0.0817237794399261,-0.1425091326236724,-0.1070195659995079,-0.117812730371952,-0.0870998129248619,-0.2633676826953888,-0.0142696592956781,-0.0435640625655651,-0.0985262542963028,-0.001460685278289,-0.0468490533530712,0.008263194002211,-0.0478469505906105,-0.0656197592616081,-0.4963891208171844,-0.8371442556381226,0.0077302348800003,-0.0145145282149314
-0.0056493626907467,-0.8084425330162048,4.805251955986023e-05,-0.0028477578889578,-0.1164886131882667,0.0350019708275795,0.1934350281953811,0.0512764267623424,-0.0379146113991737,-0.0689007714390754,-0.1407544910907745,0.203894704580307,-0.0058042048476636,0.3000003397464752,0.0198647417128086,0.0881171375513076,0.0263809394091367,0.0228435639292001,0.0060465526767075,-0.5197468996047974,-0.6912697553634644,0.0188981369137763,-0.0145145282149314
0.0176644995808601,1.009285569190979,-1.4317341992864384e-05,0.0035982204135507,0.0098875602707266,0.0049664918333292,-0.0728357136249542,0.0684512704610824,0.0520897693932056,0.0420250967144966,0.1040105149149894,0.1831505894660949,0.0397832430899143,0.0752180814743042,0.0099467318505048,-0.2115601152181625,0.0170055329799652,-0.3780693411827087,-0.0571521408855915,0.6428694725036621,1.9188377857208248,-0.0753755196928978,-0.0145145282149314
-0.0672478899359703,1.2272869348526,2.182329626521096e-05,0.0076966304332017,-0.0173471383750438,-0.2451310902833938,0.3019616901874542,-0.0526976138353347,-0.058649968355894,0.040493294596672,-0.0658958107233047,-0.0100106773898005,-0.0044200615957379,-0.0657265707850456,-0.0160497594624757,0.0661915093660354,0.012465750798583,0.5225524306297302,-0.002478216541931,-0.4912756085395813,-0.7278969883918762,0.0168344471603631,-0.0145145282149314
-0.0095225051045417,0.8665639758110046,-1.865836020442657e-05,0.0020071575418114,0.0407134145498275,0.0104905376210808,-0.1127570047974586,0.2430076897144317,0.0701630786061286,-0.0195364151149988,0.2219772785902023,0.0700974613428115,0.0449349358677864,0.0837689936161041,0.045175451785326,0.0129986107349395,-0.0665165334939956,0.2922877669334411,-0.0363377407193183,0.6042527556419373,2.259821653366089,-0.0077239163219928,-0.0145145282149314
0.0039974702522158,0.9744812250137328,-3.527201624820009e-05,0.0027605025097727,0.004540960304439,0.0340716391801834,-0.085803784430027,0.2807177305221557,0.0525806136429309,0.1019948571920394,0.2632997930049896,-0.0217341501265764,0.0274446718394756,0.0707863420248031,0.0211206134408712,-0.0535990595817565,-0.0412132367491722,0.2415432780981063,-0.0293754693120718,0.5719667077064514,2.495843410491944,0.0290789045393466,-0.0145145282149314
0.0039208550006151,0.802039623260498,-3.96794275729917e-05,0.0020555136725306,-0.0093985013663768,0.0293395649641752,-0.0206508934497833,0.295977383852005,0.0971722975373268,-0.0218060947954654,0.2269045114517212,0.03066136687994,0.0066098161041736,0.0953993797302246,0.0636342838406562,0.1008362546563148,-0.0458927489817142,0.1712720096111297,0.0051761120557785,0.5939376950263977,2.222008466720581,0.0134529303759336,-0.0145145282149314
0.012527740560472,-0.220543086528778,-1.1186559277120978e-05,0.0021943217143416,0.091157391667366,0.002197598805651,0.1202257275581359,0.7175807356834412,-0.0251787770539522,0.0363774634897708,0.2280154228210449,0.1947047263383865,-0.0083070835098624,0.1040500849485397,0.0251622479408979,0.1101550981402397,0.0449263602495193,-0.5591405034065247,-0.0796945467591285,0.6669620275497437,1.4591037034988403,0.0052681593224406,-0.0145145282149314
0.1197978630661964,1.4163470268249512,-2.044941356871277e-05,0.0101524833589792,0.1247520968317985,0.0535028763115406,0.5125231146812439,0.2096767723560333,0.0168442409485578,-0.2749604880809784,0.5287513136863708,-0.0566601753234863,0.002894477918744,0.0971297845244407,-0.0241331029683351,-0.3251166939735412,0.0159488338977098,0.1875799894332885,-0.0093033481389284,-0.3456052839756012,-0.4595256447792053,-0.060932844877243,-0.0145145282149314
-0.0108734406530857,-1.6460306644439695,-3.1016883440315723e-05,-0.0030367218423634,0.043597787618637,-0.0567026026546955,-0.0897777751088142,-0.1260172426700592,0.0772719979286193,0.0046112975105643,-0.0921579599380493,-0.0486055687069892,0.016664769500494,-0.1716050654649734,-0.0473502166569232,0.0467697456479072,0.017471982166171,-0.085799902677536,-0.0323699712753295,-0.5315341949462891,-0.8391274809837341,0.023202134296298,-0.0145145282149314
0.0466263368725776,1.3709535598754885,-9.78439929895103e-05,-0.0085532907396554,0.002317180391401,0.352888286113739,-0.5213103294372559,0.2495084404945373,-0.0123664252460002,0.1273190379142761,0.1798587888479232,0.00034118094481527805,0.0263111349195241,-0.099001221358776,0.0218573305755853,0.0900714918971061,0.0226521957665681,0.0029910549055784,-0.0219246912747621,-0.3901072144508362,-0.6000904440879822,0.0160185042768716,-0.0145145282149314
-0.0175852067768573,-0.046329665929079,-5.521088314708322e-05,-0.0029445721302181,-0.0668268576264381,0.0043414682149887,0.305260419845581,-0.0433144904673099,-0.092295341193676,-0.0460654608905315,-0.186390146613121,-0.0228948276489973,-0.0083831222727894,0.0024998311419039,0.0300854220986366,0.0818422064185142,-0.0090266419574618,0.2043802887201309,-0.0056915050372481,0.8631529808044434,1.7141870260238647,0.0093201529234647,-0.0145145282149314
-0.0104567538946866,-0.9191226959228516,-0.00012227369006723166,0.0076692402362823,-0.0126104978844523,-0.0654453635215759,-0.1475750505924224,-0.1505822390317917,0.0652218610048294,0.2462817132472992,-0.180382564663887,-0.0541326478123664,-0.0360627584159374,-0.176954448223114,0.0108721377328038,0.0306446719914674,0.0114560192450881,-0.0621916279196739,-0.0466281957924366,-0.514924943447113,-0.724168598651886,-0.0027093556709587,-0.0145145282149314
-0.0558469109237194,-0.2951328158378601,-3.390580968698487e-05,0.0021792117040604,-0.0333977602422237,-0.0201060678809881,0.353186160326004,-0.0050888326950371,0.0081697478890419,-0.2189281433820724,0.1330024302005767,-0.0781785175204277,0.00031602539820596576,0.1016099378466606,-0.0433838963508605,-0.0401053465902805,-0.0767316669225692,0.1972015798091888,0.2603679299354553,0.7082580924034119,0.0089909611269831,-0.0265521686524152,-0.0145145282149314
0.0215926673263311,0.483810156583786,-2.499227412045002e-05,0.0029240613803267,-0.0864171460270881,-0.1301926672458648,-0.2701947391033172,-0.1228836104273796,0.0781970098614692,0.19194196164608,-0.0032857793848961,-0.0922831371426582,-0.0100458832457661,-0.0997067838907241,-0.0670038908720016,-0.1086291745305061,-0.0336301252245903,-0.4535906612873077,-0.107847549021244,-0.5984300971031189,-0.90509432554245,0.0190724600106477,-0.0145145282149314
0.0015147026861086,1.0278185606002808,-1.9013870769413188e-05,0.0063328361138701,0.0370054841041564,0.0476907305419445,-0.0374846570193767,0.0382714010775089,0.0203122831881046,-0.0172587893903255,0.1750333607196808,-0.0437627993524074,0.0385803990066051,0.0427754931151866,0.1162250414490699,-0.1061789989471435,0.0027492169756442,-0.1488429009914398,-0.1175199523568153,0.6205928921699524,0.8468766808509827,-0.0269273370504379,-0.0145145282149314
-0.0629340633749961,-1.710983395576477,-5.298147152643651e-05,0.0015003810403868,0.0135938134044408,0.1063292622566223,-0.1744728535413742,-0.1139541789889335,0.1347194761037826,0.0551694147288799,-0.287411630153656,-0.0423302315175533,0.0212415270507335,-0.1335698366165161,0.0259731132537126,-0.2016698867082595,-0.0562939569354057,-0.3299361169338226,-0.2709852755069732,-0.3764567971229553,-0.7089569568634033,-0.0262666400521993,-0.0145145282149314
-0.0280708782374858,-2.1010642051696777,-5.396675260271877e-05,0.0016865878133103,-0.1044635772705078,-0.0317799858748912,-0.0235999524593353,-0.1183052584528923,-0.0511552654206752,-0.0186627209186553,-0.2883242666721344,-0.0350955128669738,-0.0815681964159011,-0.1705424338579177,-0.0532966367900371,-0.041467111557722,-0.0465492494404315,-0.3156470060348511,-0.1418069899082183,-0.4464552998542785,-0.8393582105636597,-0.0050051086582243,-0.0145145282149314
0.0284862983971834,1.0086451768875122,-1.781768150976859e-05,0.0023233424872159,-0.0024244165979325,-0.0675888806581497,0.1567021459341049,0.1945337355136871,-0.0274537559598684,-0.0532907508313655,0.2363274544477462,-0.0423957183957099,0.0839595198631286,0.0683352872729301,-0.0611528307199478,0.0578661412000656,-0.0055598374456167,0.507785439491272,0.0366701483726501,0.6233816742897034,1.013587474822998,0.024399384856224,-0.0145145282149314
-0.0049712271429598,-0.9760444760322572,-2.431122265988961e-05,0.0029049348086118,-0.0257142893970012,-0.0533422902226448,-0.30235356092453,-0.0520226210355758,0.0006026280461810529,-0.0196715705096721,-0.2228424400091171,-0.0084046423435211,-0.0668583586812019,0.14641834795475,-0.0335484556853771,-0.3611857891082763,-0.0451961606740951,-0.0345299430191516,-0.0280034709721803,0.7930988669395447,-0.1237017065286636,-0.0325931273400783,-0.0145145282149314
0.0236800294369459,-0.9032045006752014,-5.161567241884768e-05,0.0114536993205547,0.0044398549944162,-0.0359093584120273,0.3043264150619507,0.0710950493812561,-0.0382377728819847,0.0008337478502653539,-0.0380998626351356,-0.1290114223957061,-0.1450126618146896,-0.1405163705348968,-0.0418992601335048,0.5064077377319336,0.0020427075214684,0.1207137927412986,0.0223288536071777,0.8478530645370483,-0.1209939792752265,0.0584464445710182,-0.0145145282149314
0.0255190394818782,-2.050735712051392,-8.090364281088114e-05,0.0010940298670902,-0.0688156187534332,-0.0397150628268718,-0.1349971741437912,0.139417752623558,-0.0187945161014795,0.0343088209629058,-0.167252168059349,-0.0496271587908268,-0.0893785506486892,-0.1916909217834472,0.0385553874075412,-0.1445910483598709,0.010989730246365,-0.0365200378000736,-0.1121288985013961,-0.4694821238517761,-0.7499572038650513,-0.0879681706428527,-0.0145145282149314
0.0279111713171005,-1.893434166908264,0.0006687986897304654,-0.0090179191902279,-0.0455031506717205,-0.0599738880991935,-0.1936912983655929,-0.1347255557775497,-0.1436891257762909,-0.1355442851781845,-0.2491917461156845,-0.0205766707658767,-0.0333775915205478,-0.0867504701018333,-0.0131917828693985,-0.0299287978559732,0.0106309438124299,-0.0503562912344932,-0.0516678318381309,-0.5271229147911072,-0.8658195734024048,0.0177856404334306,-0.0145145282149314
-0.0403924733400344,-1.1646795272827148,-2.4623892386443916e-05,0.0048660128377377,-0.0603403784334659,-0.0225961133837699,0.4392830431461334,0.0052943597547709,0.0987051501870155,0.0890382304787635,-0.0718119665980339,-0.0399970300495624,0.0219433810561895,-0.0645535364747047,-0.0535973273217678,0.0699422955513,0.0361248552799224,0.1786572784185409,0.3701664209365845,-0.4607878029346466,-0.6764659285545349,0.0075725917704403,-0.0145145282149314
0.0155481779947876,0.9328659176826476,-2.4709377612452957e-05,0.0018867511535063,0.0048694959841668,0.0075139869004487,-0.081214502453804,0.2315578907728195,0.0261674541980028,0.0108537077903747,0.2129794955253601,-0.0297334734350442,0.0566955916583538,0.053860742598772,0.0209017787128686,-0.1768812984228134,0.0110506182536482,0.4333042800426483,0.0057906899601221,0.5774966478347778,2.130373477935791,-0.0304276589304208,-0.0145145282149314
0.01920747756958,-1.908561944961548,-3.8015597965568304e-05,0.0024399852845817,0.0220963396131992,-0.2010925561189651,0.0813940092921257,-0.1270371973514557,-0.0699012130498886,-0.0083966394886374,-0.2483138442039489,-0.0343016013503074,0.1140571907162666,0.0883224084973335,-0.0429108254611492,-0.0456014983355999,-0.0819938406348228,-0.0605396963655948,-0.0731694623827934,-0.5036507844924927,-0.8216288685798645,-0.017296552658081,-0.0145145282149314
-0.0574529208242893,-0.0964153781533241,-6.369710899889469e-05,-0.003779656952247,-0.021832201629877,0.0316131897270679,-0.2584840357303619,-0.010571202263236,0.007133703213185,0.0685600116848945,0.1298260986804962,-0.0415654592216014,0.0442986264824867,-0.0949313193559646,0.0031648210715502,0.061935469508171,-0.0149403773248195,0.05793322250247,-0.0148537429049611,0.802682638168335,1.094030499458313,0.0113557362928986,-0.0145145282149314
0.0797861367464065,-1.667028546333313,-0.0001198542449856177,0.0022659066598862,0.0139291873201727,-0.1403494775295257,0.1188812926411628,-0.1013201624155044,-0.038135502487421,0.0311712343245744,-0.2477229237556457,-0.0305525232106447,0.0265659783035516,-0.149481251835823,0.1026847064495086,-0.2543255388736725,-0.0148996524512767,-0.3232084810733795,-0.1514551192522049,-0.4113093912601471,-0.7391466498374939,-0.0301214940845966,-0.0145145282149314
-0.0004470159765332937,0.9331480264663696,-1.4643537724623457e-05,0.0073225079104304,0.1435767710208892,-0.3021930456161499,-0.2049908638000488,-0.08340834826231,-0.0101951267570257,-0.1087409928441047,0.1704715490341186,0.0369001999497413,-0.0247568693011999,0.1926013082265854,-0.0391635112464427,0.1412342488765716,-0.0551790483295917,-0.1575027257204055,-0.0437204614281654,-0.4732423722743988,-0.679572343826294,0.0153462812304496,-0.0145145282149314
-0.0141007779166102,1.0051239728927612,-1.430188785889186e-05,0.0052882665768265,0.0173068139702081,0.0851814746856689,-0.2932892441749573,0.2725939750671386,0.1238825246691703,0.0190088413655757,0.2479291260242462,0.2169342786073684,0.0682279616594314,0.0467531979084014,0.02038593031466,0.0256221182644367,0.0227611102163791,-0.408174991607666,-0.054146658629179,0.6219808459281921,2.0437419414520264,-0.0033116014674305,-0.0145145282149314
-0.0001991608733078465,-2.086376428604126,-0.000641112681478262,-0.0020331926643848,-0.0690377578139305,-0.0286952275782823,-0.1015670821070671,-0.1458059698343277,0.0309515539556741,-0.2261705547571182,-0.2950868904590606,-0.1002921760082244,-0.0316634252667427,-0.1845568120479583,0.0149267241358757,-0.0072980127297341,0.0061202370561659,-0.1002035662531852,-0.0836733356118202,-0.5137549638748169,-0.7930101156234741,0.008992969058454,-0.0145145282149314
0.0205344259738922,-1.4209368228912354,-2.6379413611721247e-05,0.0027470360510051,-0.1214219853281974,0.0247629880905151,0.1921140253543853,0.3442899286746979,0.0392763912677764,0.0459926053881645,0.5612043142318726,0.2561447322368622,0.0704259127378463,0.2783690989017486,-0.0365425236523151,-0.151359349489212,0.0562692433595657,-0.2954818606376648,-0.0560800619423389,-0.3877081274986267,-0.6128144860267639,0.0418403223156929,-0.0145145282149314
0.0430905222892761,0.2540979385375976,-2.8339440177660435e-05,0.0023346578236669,-0.0239913985133171,0.022789129987359,0.0294896587729454,-0.0245558861643075,-0.0160747580230236,0.0082694888114929,0.1426035016775131,-0.0575642921030521,-0.0181605368852615,0.1056549027562141,-0.0415630377829074,-0.1359914094209671,-0.0387609302997589,0.1134613454341888,-0.1034983769059181,0.6837781667709351,-0.1866919994354248,-0.0271187461912632,-0.0145145282149314
0.0092982267960906,0.6888901591300964,-1.3040331396041438e-05,0.0030788069125264,0.0363396219909191,0.1366420090198516,-0.2691273391246795,0.2854974567890167,0.0592952594161033,0.014641803689301,0.267487496137619,0.0376917049288749,-0.00025038362946361303,0.0807352140545845,-0.0559807196259498,0.1067761778831482,-0.0759976804256439,0.2779078781604767,-0.0035051996819674,0.5111362338066101,0.2251521646976471,-0.0040552499704062,-0.0145145282149314
0.0094486018642783,-1.364111304283142,-0.0001281180011574179,0.001341497641988,0.0046142037026584,-0.1838197112083435,0.0012742602266371,-0.0659389570355415,-0.0895368903875351,0.1765154153108596,-0.1981884092092514,-0.043767761439085,0.0562125034630298,-0.1859277337789535,-0.0646721646189689,0.0252628605812788,0.0016668760217726,0.2663979232311249,-0.0762283354997634,-0.4669274985790252,-0.7428930997848511,0.0217041224241256,-0.0145145282149314
-0.0395625568926334,1.0298724174499512,-2.349653368582949e-05,0.003583924844861,-0.034609280526638,0.0034911269322037,-0.0667167529463768,0.2249140590429306,0.0030659397598356,0.0842891931533813,0.2049859911203384,0.1738335937261581,-0.0275343805551528,0.0991964489221572,0.1031434834003448,0.118563488125801,0.0051324116066098,0.448429137468338,-0.0246324948966503,0.5990808010101318,0.6098657846450806,0.0726563483476638,-0.0145145282149314
0.0315264016389846,1.6377257108688354,-4.68497455585748e-05,0.0330595187842845,0.0729095786809921,-0.1173782125115394,-0.0545039251446723,0.064342513680458,0.2016555666923523,-0.0925346165895462,-0.2781173586845398,-0.0158403739333152,-0.0821835696697235,-0.1535030454397201,0.0350497923791408,0.5912742614746094,0.0268356874585151,0.0039089452475309,-0.0108076157048344,-0.3942016661167145,-0.5881943702697754,0.0006886128103360534,-0.0145145282149314
0.015669472515583,-2.1382877826690674,-0.0002348633133806288,-0.002600154839456,0.0048330621793866,-0.0550024099647998,0.199485182762146,-0.1825475692749023,-0.01321741938591,-0.001935469917953,-0.2120521515607834,-0.0741796940565109,0.0241497382521629,-0.1699320822954177,0.0004847112868446857,0.0454199090600013,0.0268976874649524,-0.024390934035182,-0.0695993155241012,-0.5010744333267212,-0.7923393249511719,-0.0028716593515127,-0.0145145282149314
-0.0153436763212084,0.5996397733688354,-2.8358706913422797e-05,0.0014413817552849,0.0090150497853755,0.0096993912011384,0.1107593551278114,0.3427793979644775,0.0562722533941268,0.0168188363313674,0.1306987255811691,-0.0219406075775623,0.0367296077311039,0.072078101336956,0.0809232518076896,-0.1296719014644622,0.0513655394315719,0.1540331542491912,-0.0141513515263795,0.7402895092964172,2.539615631103516,-0.0248252432793378,-0.0145145282149314
0.0225235018879175,0.5943487286567688,-1.1734406143659726e-05,0.0029864399693906,-0.049125425517559,0.0449057966470718,-0.0692242607474327,0.0642151236534118,-9.99347903416492e-05,0.0504969805479049,-0.2162713557481765,-0.008823606185615,-0.056323867291212,-0.0082845725119113,-0.0043751276098191,0.1760442107915878,-0.0768936648964881,-0.1673384606838226,-0.1086379066109657,0.7860024571418762,2.059900283813477,0.0359824411571025,-0.0145145282149314
-0.0110940728336572,0.89096999168396,-1.0999749065376818e-05,0.0021480312570929,0.0565761178731918,0.0354902148246765,0.2116808295249939,0.204273983836174,0.0456016473472118,-0.0753854289650917,0.1327142119407653,0.0726501047611236,-0.0273078698664903,0.0613847374916076,0.0353629030287265,-0.0384290888905525,-0.0112206758931279,-0.4865871071815491,-0.1433588564395904,0.5127629637718201,1.685631275177002,0.0073544476181268,-0.0145145282149314
-0.0217070486396551,1.1188799142837524,-1.133164914790541e-06,0.0073615899309515,-0.3473749756813049,0.0209384579211473,0.6285229921340942,0.7128531336784363,-0.0339579321444034,-0.2535925507545471,0.339913010597229,0.1572367399930954,0.0081044575199484,0.1647262275218963,-0.0320147722959518,0.2026461511850357,-0.0552608780562877,-0.3223514258861542,-0.0583722703158855,-0.3430057466030121,-0.4977070689201355,0.0129998978227376,-0.0145145282149314
-0.000964225095231086,0.4024738073348999,-2.986744948429987e-05,-0.0114803565666079,0.0967223867774009,-0.2470777928829193,-0.2652886211872101,-0.1812959909439087,-0.0508834347128868,0.1090119034051895,0.010547736659646,-0.0758200138807296,-0.1333990842103958,-0.2137153446674347,-0.049345213919878,-0.0121541088446974,-0.0013655991060659,-0.1033023968338966,-0.0454035960137844,-0.5808358788490295,-0.8440313935279846,-0.0071663446724414,-0.0145145282149314
-0.0121312886476516,-0.3116005957126617,-1.796246215235442e-05,0.0241542775183916,0.1772161275148391,-0.0036798992659896,0.0040389928035438,-0.1021373271942138,0.0059007387608289,-0.2195607870817184,-0.2835783660411834,-0.0223133582621812,0.0179391950368881,0.0351040065288543,-0.0170702300965785,0.6594577431678772,0.0085546933114528,-0.2807493507862091,-0.2116212695837021,-0.4323980212211609,-0.5361735224723816,0.00730048911646,-0.0145145282149314
-0.0223728418350219,-1.813536524772644,-6.298896914813668e-05,0.0017966084415093,0.0395438633859157,-0.0721046105027198,0.0655842646956443,-0.1026098877191543,0.075941763818264,0.0492198877036571,-0.3132588267326355,-0.0418071039021015,0.0293528400361537,-0.1943269819021225,0.050766535103321,-0.1017074063420295,-0.0793326869606971,-0.3416246175765991,-0.2907795011997223,-0.4017576277256012,-0.7031937837600708,-0.0117261996492743,-0.0145145282149314
-0.0391329824924469,0.9928236603736876,-2.626064087962732e-05,0.0040924698114395,-0.0876086726784706,0.0071728145703673,0.3913125395774841,-0.0543315671384334,0.0018085399642586,-0.1150898784399032,0.1214646399021148,0.0530215464532375,-0.0102485585957765,0.067741721868515,0.038448292762041,0.108572743833065,0.0028485478833317,0.0788303464651107,-0.0617199391126632,0.7340964078903198,0.0062455679289996,-0.0076853716745972,-0.0145145282149314
0.0472384318709373,0.7195618748664856,-1.1774543963838369e-05,0.0026149041950702,0.0059042531065642,0.0016558733768761,-0.2372037917375564,-0.1045695692300796,-0.0186299253255128,-0.0038254326209425,-0.1448401063680648,-0.0613100193440914,-0.051718171685934,0.0932792350649833,-0.007566655986011,0.0206430293619632,0.117513008415699,0.2626560926437378,0.0770178884267807,-0.4995029270648956,-0.7960065007209778,0.0769016221165657,-0.0145145282149314
0.0394807234406471,0.961400270462036,-2.8361391741782427e-05,0.0031991971191018,-0.0518584214150905,-0.0187250338494777,-0.0679266899824142,0.0076515534892678,0.0700336098670959,0.021084114909172,0.1937674582004547,0.0054394882172346,0.0240173954516649,0.0169731844216585,-0.0690765455365181,-0.1256001442670822,-0.0270957853645086,-0.0037291692569851,0.0715535134077072,0.6976425051689148,0.9124093651771544,-0.0276341401040554,-0.0145145282149314
-0.0059565175324678,0.6583356857299805,-2.0732040866278112e-05,0.0026140534318983,-0.0986197888851165,0.0244914274662733,-0.185144692659378,-0.0931876897811889,0.0305256862193346,0.0416605398058891,-0.2117811441421508,-0.0717705115675926,0.0418157167732715,-0.077262632548809,-0.0069771101698279,-0.2457162141799926,0.0016700839623808,-0.4426861107349396,-0.1046928837895393,-0.6029731631278992,-0.8119471669197083,-0.089856818318367,-0.0145145282149314
0.0138285625725984,1.0015116930007937,-4.049463314004242e-05,0.0028877221047878,0.003021387849003,0.0252080950886011,0.3838048577308655,0.00351666752249,0.0090091042220592,-0.2599771022796631,-0.2066554874181747,0.2186338156461715,0.0442149005830287,0.0379165224730968,0.0350837968289852,-0.031759038567543,0.088127925992012,0.3400926291942596,-0.0914881899952888,0.6934276819229126,1.576750636100769,-0.0088357925415039,-0.0145145282149314
0.0056430008262395,0.4803332984447479,-1.6923302609939128e-05,0.0032325922511518,0.0874690413475036,-0.0540777966380119,-0.1699068546295166,-0.1120247840881347,-0.0660796016454696,0.1582094430923462,0.1058875694870948,-0.0911633595824241,-0.051288828253746,-0.1268362700939178,-0.0391985885798931,0.2048056274652481,-0.1027537286281585,0.4226817488670349,0.0973984450101852,-0.4709509909152984,-0.6897175908088684,-0.01821712218225,-0.0145145282149314
-0.0092690354213118,-0.9404390454292296,-3.2071140594780445e-05,0.0024085284676402,0.013300321996212,-0.0807164311408996,0.3482348322868347,-0.0508362874388694,-0.0112405205145478,0.0472267903387546,-0.0041245380416512,-0.0609358698129653,0.0651019811630249,-0.1248571425676345,0.0512867160141468,0.4182171523571014,-0.2056028097867965,0.5795186161994934,-0.1086523756384849,-0.4906518459320068,-0.596146821975708,-0.0014592187944799,-0.0145145282149314
0.0271883979439735,0.5714004039764404,-9.89866748568602e-06,0.0061712912283837,0.0633136183023452,0.1777947843074798,-0.0751842334866523,-0.1246473118662834,-0.0082651935517787,0.0044571938924491,-0.0113883065059781,0.1514323651790619,0.0073408880271017,0.1432284861803054,0.0668980628252029,0.1219786331057548,-0.0553976260125637,-0.2863660156726837,-0.0752238258719444,0.7401946187019348,-0.1048174872994422,0.0027218130417168,-0.0145145282149314
0.0536474548280239,0.4634479880332947,-3.0348935979418457e-05,0.0017818827182054,0.0105284312739968,-0.0153342932462692,0.3948347866535187,-0.1014311909675598,0.0762123242020607,-0.1768413335084915,-0.2691882252693176,-0.0173727665096521,-0.1740693300962448,-0.0863313451409339,-0.0175841897726058,-0.30751433968544,0.060527067631483,0.5021905303001404,0.3004409968852997,0.7032359838485718,-0.0478748343884944,-0.0292137637734413,-0.0145145282149314
0.0249977894127368,-1.585383415222168,-0.00014912927872501314,0.0208849571645259,-0.0471599176526069,-0.0159405693411827,-0.1166030839085578,-0.127123087644577,-0.1130503341555595,-0.1166339814662933,-0.2377099096775055,-0.0032402409706264,-0.0349047556519508,-0.0852898135781288,-0.0002611910458654165,-0.1116033867001533,-0.0865426436066627,-0.020917447283864,-0.0084684304893016,-0.5162339210510254,-0.8241071701049805,-0.0216207969933748,-0.0145145282149314
-0.0073045175522565,-1.536139726638794,-0.0002101107384078205,0.0021393031347543,0.0601152293384075,0.1309448033571243,-0.0649187415838241,-0.1309914141893386,0.0736838206648826,0.0246933083981275,-0.2444230616092682,0.3212237656116485,-0.0443140901625156,0.2022624164819717,0.046016726642847,0.0736500844359397,-0.0020316722802817,-0.0418431013822555,-0.0112982988357543,-0.4703761041164398,-0.6699091792106628,0.007958267815411,-0.0145145282149314
0.0409553833305835,-0.2850374281406402,-2.2186468413565308e-06,0.0034652077592909,-0.0056920968927443,0.0146907856687903,0.1367857456207275,-0.1301855742931366,-0.0253673922270536,-0.1880540400743484,-0.1777210682630539,-0.072562962770462,0.0074003846384584,0.0760852694511413,0.0338583923876285,-0.4687340259552002,-0.0613372586667537,-0.3565975427627563,-0.1811748594045639,-0.4723632633686065,-0.7079600095748901,-0.0486934594810009,-0.0145145282149314
-0.032968807965517,0.9777659177780152,-2.416547067696229e-05,0.0035341223701834,-0.0066773770377039,-0.2081566601991653,-0.1957097351551056,0.4145041704177856,0.0709177330136299,0.2090466171503067,0.2693839371204376,-0.0290159061551094,-0.0530674196779727,0.0960869640111923,-0.0682253092527389,-0.0607058964669704,-0.0217627733945846,-0.2350315749645233,-0.0020700467284768,0.5872002243995667,-0.345303326845169,0.00018306732818018645,-0.0145145282149314
0.0288639068603515,-1.871261715888977,-0.00011725936201401056,0.001211681170389,0.0519208945333957,0.0158584062010049,-0.1254917383193969,0.5234950184822083,-0.018390703946352,0.1065863668918609,-0.2538989186286926,0.0063657648861408,0.0224424600601196,-0.0320058614015579,0.0401314310729503,-0.1401172429323196,0.0043704407289624,-0.0234592445194721,-0.0602434128522872,-0.4702995121479034,-0.7532480359077454,-0.063346542418003,-0.0145145282149314
0.0158211924135684,0.6061333417892456,2.4571825633756816e-05,0.0020457548089325,0.0142629779875278,0.0044215829111635,0.2792511582374573,-0.2747464179992676,0.0653632655739784,-0.1370286643505096,-0.2089073359966278,-0.038921732455492,-0.0318289883434772,0.0788752809166908,0.0053609851747751,-0.1564438790082931,-0.1001346260309219,0.1268397718667984,0.0154331903904676,0.8245264291763306,0.0390340648591518,-0.0197938363999128,-0.0145145282149314
-0.0146603491157293,0.3556487560272217,-7.05219863448292e-05,0.0015230335993692,-0.0050793937407433,0.0370850898325443,0.0012055949773639,-0.0859320759773254,0.0257821809500455,0.0738420635461807,-0.2645027935504913,-0.1280271410942077,-0.0531019158661365,-0.0484899468719959,0.0121016176417469,-0.1125183701515197,-0.0423902608454227,0.2433060407638549,-0.1400520801544189,0.6929396390914917,0.7565604448318481,-0.0092665925621986,-0.0145145282149314
0.0300684217363595,0.5673954486846924,-8.718227036297321e-06,-0.0092801032587885,-0.0221138373017311,0.0551369041204452,-0.4524601399898529,0.3192097246646881,0.0511136762797832,-0.0424526892602443,0.4967675805091858,0.0879579782485961,0.1087693944573402,0.1924685686826706,0.010406688787043,0.0634678825736045,-0.0130835156887769,-0.0672014504671096,-0.0462889783084392,-0.4196682870388031,-0.6480964422225952,0.0106324460357427,-0.0145145282149314
0.0128371128812432,-1.0328311920166016,-0.0006760084070265293,0.0153299355879426,0.0354395285248756,-0.0536204800009727,-0.0299505274742841,-0.0405029840767383,0.0117471413686871,0.1527696847915649,-0.2128443419933319,-0.057192251086235,0.0463313050568103,-0.1685322970151901,-0.0150723233819007,0.0932924076914787,0.0565388575196266,-0.0280278176069259,-0.0189688932150602,-0.4924047291278839,-0.7012953758239746,0.0165790282189846,-0.0145145282149314
-0.0119356857612729,0.7692806124687195,-8.492625056533143e-06,0.0062112705782055,0.5541784167289734,0.1994061917066574,-0.3344410359859466,-0.1172523275017738,0.0109957372769713,0.0857504680752754,0.0478410013020038,0.0645136162638664,-0.0160314291715621,0.1463518291711807,-0.0217902436852455,-0.2418976724147796,-0.0478758700191974,-0.2958403825759887,-0.0509282685816288,-0.508435070514679,-0.5153852701187134,-0.0430881865322589,-0.0145145282149314
0.0233533829450607,-0.2042158246040344,-1.1881376849487424e-05,0.0026546397712081,0.1123460754752159,-0.0820244252681732,-0.0434269905090332,-0.128507524728775,-0.0050347275100648,0.1980788260698318,-0.2607410252094269,-0.056375041604042,0.1168149411678314,-0.0786443576216697,0.0276957284659147,-0.0928958877921104,-0.1127444580197334,0.6402137279510498,0.6218681931495667,-0.4489471316337585,-0.5748603940010071,-0.0477114357054233,-0.0145145282149314
0.0299189500510692,-0.2235629260540008,-0.00022644014097750187,-0.0055556837469339,-0.1012725681066513,0.0009145919466391206,-0.053941935300827,-0.0405409894883632,0.1467031091451645,-0.0438105277717113,-0.2579951584339142,-0.1412192583084106,-0.1248538643121719,-0.1670328825712204,-0.0288880113512277,0.0957750752568245,0.035946536809206,-0.0633789151906967,-0.0565347522497177,-0.5441637635231018,-0.744357168674469,0.0252362620085477,-0.0145145282149314
0.0457740612328052,-0.0157402046024799,-2.187501377193257e-05,-0.0043720011599361,-0.1143928989768028,0.0198652315884828,-0.2005503475666046,0.0038997367955744,-0.021157506853342,-0.1200636178255081,-0.062904268503189,-0.0410490036010742,0.0386565253138542,0.0233951695263385,-0.0181166715919971,0.0227129850536584,0.0126572595909237,0.0679685249924659,0.0119577376171946,0.7655956149101257,1.748332381248474,-0.0017566630849614,-0.0145145282149314
-0.0118633536621928,-2.065985918045044,-4.189091851003468e-05,-0.002226646291092,-0.1119120046496391,-0.0692830383777618,-0.0829534754157066,-0.0028853407129645,-0.032977920025587,0.0251730103045701,-0.1708049178123474,-0.0057646674104034,0.0248342175036668,0.1604795008897781,0.0294728837907314,0.0074632167816162,0.0131032029166817,-0.0536050349473953,-0.1016006171703338,-0.4809400737285614,-0.7806824445724487,0.0065521947108209,-0.0145145282149314
-0.0017931254114955,0.9390776753425598,9.851948561845347e-06,0.0031701300758868,-0.1021002233028411,-0.1089610829949379,0.1673155277967453,0.0155650842934846,-0.0601007789373397,-0.0913814008235931,0.1450407058000564,0.1503602862358093,0.0046502007171511,0.0749831944704055,0.0461634509265422,0.1438759565353393,0.043735321611166,-0.4687906205654144,-0.0278052221983671,0.663334846496582,1.8364537954330444,0.050120759755373,-0.0145145282149314
-0.0113954907283186,0.0030673302244395,-2.1635947632603347e-05,0.0050199422985315,0.1037340983748436,-0.1114542782306671,-0.2002107501029968,-0.1671261191368103,0.0778938382863998,-0.0222156513482332,-0.3237946033477783,0.0540951266884803,-0.0182301364839077,0.0916939526796341,-0.0068089440464973,-0.3097721636295318,-0.0096803829073905,-0.3721398413181305,-0.1569370478391647,-0.4970526397228241,-0.7434933185577393,-0.0406479425728321,-0.0145145282149314
0.0203083623200655,1.0284503698349,-0.00018577039008960128,-0.0049394597299396,-0.028034146875143,0.00017064558051060885,-0.0037773696240037,0.0930188745260238,0.1146690621972084,-0.0146904764696955,0.2571171820163727,0.027686895802617,0.0254722721874713,-0.0496394708752632,-0.033052459359169,-0.0733257383108139,0.0329349040985107,-0.0178938172757625,-0.0080842282623052,0.6253554224967957,1.6058810949325562,-1.0386174835730344e-06,-0.0145145282149314
0.0044652186334133,0.5612521171569824,-2.969749039039016e-05,0.0021684616804122,-0.0144091695547103,-0.0851194933056831,-0.2997903227806091,-0.1579907387495041,-0.0137881515547633,-0.0106527637690305,-0.2378043383359909,-0.0531287565827369,-0.0336400531232357,0.2190956175327301,0.0403922200202941,-0.3030450940132141,-0.0366512387990951,0.46363165974617,-0.0483903996646404,-0.5013129711151123,-0.8045863509178162,-0.0788100138306617,-0.0145145282149314
-0.0112604582682251,0.8226330280303955,-3.964715142501518e-05,0.001634624437429,0.0465282574295997,0.052417229861021,0.0622711703181266,0.1771462261676788,0.0390079915523529,0.0184977147728204,0.1359684467315673,-0.0507215932011604,0.0402938090264797,0.0648468658328056,0.0294198989868164,0.0350007861852645,0.0273168757557868,0.1508331298828125,0.0136874951422214,0.6990041136741638,2.6926872730255127,0.0028744933661073,-0.0145145282149314
0.0039942064322531,0.5326263308525085,-6.668288551736623e-05,0.0033802853431552,-0.1239893287420272,0.1300362199544906,-0.0376834198832511,-0.1689476370811462,0.114930436015129,-0.0368364118039608,-0.3862856328487396,-0.0229649990797042,-0.0616462863981723,0.1685593426227569,-0.0411921292543411,-0.236664816737175,0.0037881480529904,0.0792483985424041,-0.1072847172617912,-0.5280768871307373,-0.6864128708839417,-0.0134918056428432,-0.0145145282149314
0.0392528176307678,-1.995048999786377,-4.726103361463174e-05,0.0065262420102953,0.1020725667476654,0.0128965936601161,-0.3901077508926391,-0.1950568258762359,0.0221450608223676,-0.0077476715669035,-0.2218564301729202,-0.0946938619017601,0.0123363370075821,-0.1758448183536529,-0.0054058167152106,-0.0515872314572334,-0.0632053539156913,-0.3005262613296509,-0.16901695728302,-0.4061739146709442,-0.7361555695533752,-0.03518683090806,-0.0145145282149314
0.0025058847386389,-0.1757237613201141,-2.3935579520184547e-05,0.0042550042271614,-0.0945659205317497,0.0234267376363277,0.2753829956054687,-0.1593410670757293,0.0174711272120475,0.1165508106350898,-0.1844964325428009,0.1707876324653625,0.0096889156848192,0.3204026818275451,-0.0665003508329391,-0.1345543414354324,0.1235768646001815,0.2428476512432098,-0.0085148159414529,-0.4735370278358459,-0.6315984725952148,-0.0218913629651069,-0.0145145282149314
-0.0453058145940303,0.9888449907302856,-3.0825307476334274e-05,0.0034796940162777,0.0559387058019638,0.11873609572649,0.0636855438351631,0.2383760213851928,-0.1410709470510482,-0.0965073630213737,0.2365308701992035,-0.0406182557344436,0.0204991083592176,-0.0043185842223465,0.0053566205315291,-0.088749311864376,0.0406809709966182,0.2192298918962478,-0.0146134234964847,0.6295642256736755,1.5763319730758667,0.0139603661373257,-0.0145145282149314
-0.0150301605463027,0.5023310780525208,3.100292815361172e-06,0.0012613119324669,0.0555289722979068,0.0530710741877555,-0.0548249594867229,-0.1949514001607895,-0.00015362081467173994,0.0973749980330467,-0.075065977871418,0.3596001267433166,0.0258279722183942,0.1577898412942886,0.0917415991425514,-0.1168931201100349,-0.0400263667106628,0.069185584783554,0.0060966992750763,0.6862601637840271,0.0237693972885608,-0.00834790058434,-0.0145145282149314
0.0316396988928318,1.4866279363632202,-1.953267928911373e-05,0.0294687747955322,0.0467824935913085,-0.3505547046661377,0.1283963769674301,-0.0748256742954254,-0.0387912169098854,0.0622639991343021,-0.0796956643462181,0.0480235889554023,0.0263022128492593,0.0303899887949228,-0.0105561362579464,0.0732801705598831,0.0011386888800188,0.0218938160687685,-0.0152969993650913,-0.4727639555931091,-0.7613930702209473,0.0019615285564213,-0.0145145282149314
0.0314361378550529,-0.5666986703872681,-2.425687125651166e-05,0.0018217450706288,0.0011161688016727,0.0086413575336337,-0.0189744066447019,-0.0351059921085834,0.0346445143222808,-0.0081401569768786,0.126956045627594,0.23553167283535,-0.0177963115274906,0.1025375127792358,0.0378789566457271,-0.1134356781840324,-0.0547599866986274,-0.4027746915817261,-0.1467027962207794,0.7275305986404419,-0.0079454742372035,0.0096219554543495,-0.0145145282149314
-0.0547125786542892,1.285386323928833,-5.930794577579945e-05,0.0068346536718308,-0.1841652691364288,0.0012635611928999,0.3584478497505188,-0.2105711847543716,-0.0195842161774635,-0.142301544547081,-0.3070147037506103,-0.0630493685603141,-0.0267023332417011,0.0673635229468345,-0.0091897565871477,0.1118443459272384,-0.0619533658027648,0.2624427676200866,-0.0133483177050948,-0.4695086181163788,-0.8009923100471497,0.0129627520218491,-0.0145145282149314
0.0019083499209955,1.1608054637908936,-1.881737625808455e-05,0.0024284275714308,-0.0021164873614907,0.0558786131441593,0.0816583484411239,0.0824638158082962,0.0681416168808937,0.0413789264857769,0.1124023422598838,-0.0013957968913018,0.0742315948009491,0.0179479252547025,0.0014451479073613,-0.0235889591276645,-0.0346225537359714,0.5705323219299316,-0.0091731948778033,0.6292528510093689,1.7096049785614014,0.0334272049367427,-0.0145145282149314
-0.043324876576662,1.1735104322433472,-7.968999852892011e-06,0.0042622587643563,-0.0535928905010223,0.0723797082901001,0.2428007572889328,-0.0561189092695713,-0.0339717529714107,-0.0988392755389213,-0.159109890460968,-0.0387451611459255,0.0224378369748592,-0.0880508869886398,-0.0226253997534513,-0.1620145887136459,-0.0358664281666278,-0.1391012370586395,-0.052747718989849,-0.5186817049980164,-0.8003058433532715,-0.0047967582941055,-0.0145145282149314
-0.0533920861780643,1.081832766532898,4.922872903989628e-06,0.0042918673716485,0.1329057961702346,0.0938372313976287,0.4795831441879272,-0.1900434643030166,-0.0095802908763289,-0.3963021039962768,0.3492767810821533,0.2694180011749267,0.0597626492381095,0.1709692627191543,0.0063445828855037,0.0461873970925807,-0.0078225648030638,0.5110985040664673,-0.0254017133265733,-0.3912585079669952,-0.5244902968406677,0.0137310065329074,-0.0145145282149314
0.034064520150423,1.0232391357421875,1.5157893358264118e-06,0.0026489819865673,0.0130414916202425,-0.0969581976532936,0.2006830275058746,0.0200154334306716,0.1702486872673034,-0.0530050843954086,-0.1442505717277526,-0.0336896367371082,0.0226354170590639,-0.0243136957287788,-0.0346852801740169,-0.0881314054131507,-0.0341409407556057,0.4550068378448486,0.0260406844317913,0.6771789193153381,1.5773954391479492,-0.0111226979643106,-0.0145145282149314
0.0347033813595771,1.0728137493133545,2.0454586774576452e-05,0.0062868488021194,0.0029352258425205,-0.1045579388737678,0.4404386878013611,-0.2856720685958862,0.1765918433666229,-0.085948958992958,-0.0446004569530487,0.0463847629725933,-0.0222959071397781,0.1090767607092857,0.0356434099376201,-0.1521196216344833,-0.0561695508658885,0.115425556898117,0.047712855041027,0.8238699436187744,0.0089294221252202,-0.0337331220507621,-0.0145145282149314
0.0140721602365374,0.0161184575408697,-3.970102989114821e-05,0.006100061815232,0.051693856716156,-0.0755480378866195,-0.1203258708119392,-0.076272465288639,-0.0132735297083854,0.1106799989938736,-0.1410630047321319,0.010096501559019,0.1017379239201545,0.0069501907564699,0.0680402740836143,0.1001597046852111,-0.029356075450778,0.2642723321914673,0.2993011474609375,-0.4694132506847381,-0.6237698197364807,0.0312439892441034,-0.0145145282149314
-0.0445252135396003,1.0617634057998655,-1.7795220628613606e-05,0.0048393569886684,0.1295700967311859,0.3022051155567169,0.0965321362018585,-0.143477976322174,-0.0877328217029571,-0.0585988312959671,0.0137198716402053,-0.039065908640623,-0.016614019870758,0.0850494652986526,-0.0301178097724914,-0.1131360456347465,-0.0070757432840764,-0.1866080462932586,-0.1332794725894928,-0.4851900637149811,-0.721001386642456,0.007430444471538,-0.0145145282149314
-0.0327355600893497,-0.3923549652099609,-2.6426510885357857e-05,0.0026598270051181,0.037592340260744,-0.0736711919307708,-0.0915320813655853,-0.1136970669031143,-0.0737885162234306,0.0396497137844562,-0.2695059776306152,-0.0720099359750747,0.0434512421488761,0.1808526664972305,0.0347487740218639,0.1942969262599945,-0.032570194453001,-0.142076313495636,-0.1852042227983474,-0.4502327144145965,-0.6543823480606079,0.0288574341684579,-0.0145145282149314
-0.010444588959217,0.931825578212738,-3.0601731850765646e-05,-0.0046578403562307,0.0099801588803529,-0.2906140387058258,0.444487065076828,0.0811278074979782,0.2326130867004394,0.0777902081608772,-0.0964387208223342,-0.0727877020835876,-0.0907772704958915,-0.153471365571022,-0.0676071196794509,0.1055832505226135,0.0295731257647275,0.0584515072405338,-0.0023439188953489,0.6661256551742554,0.0101589243859052,-0.0079254321753978,-0.0145145282149314
0.007600222248584,-1.48917818069458,1.6621779650449753e-06,-0.0032442414667457,-0.0672237873077392,0.0244010910391807,-0.150146022439003,-0.127900555729866,0.2001132667064666,0.3033379912376404,-0.1837095916271209,0.2103322595357895,0.0092460429295897,0.1069842204451561,0.0471189357340335,0.1073868870735168,0.0027474933303892,-0.057321012020111,-0.0194130390882492,-0.495454728603363,-0.7279928922653198,0.0371240340173244,-0.0145145282149314
0.0748463869094848,-1.9350855350494385,-2.6600049750413746e-05,0.0016904672374948,-0.0100557692348957,-0.0038954666815698,0.3389444351196289,-0.1186542212963104,0.0159247443079948,0.0030992212705314,-0.1721711605787277,-0.027767464518547,0.0467631854116916,-0.1300209760665893,0.0320972464978694,0.0189068969339132,0.0043392213992774,-0.3190771341323852,-0.1134122833609581,-0.41559898853302,-0.737034797668457,-0.0163491889834404,-0.0145145282149314
0.0395067818462848,1.1353942155838013,-2.004246925935149e-05,0.0048082470893859,0.024643151089549,0.1120380237698555,0.0347165204584598,0.0725110992789268,0.010291201993823,-0.0105536961928009,0.0939401015639305,0.0090342098847031,-0.006777589675039,0.0700770318508148,-0.049804650247097,-0.137241780757904,-0.0457465350627899,0.0205861385911703,-0.0175201948732137,0.7417770624160767,0.8535782098770142,-0.0168753731995821,-0.0145145282149314
0.0169870574027299,-1.648716926574707,6.386195309460163e-06,0.0039504864253103,0.0657864660024643,-0.0022816753480583,0.2677096426486969,-0.0658277198672294,0.0309709664434194,-0.0391721241176128,-0.1488681137561798,-0.0562294609844684,0.0430101007223129,-0.1163506731390953,-0.0274176765233278,-0.1258272528648376,-0.0874189734458923,-0.0142142316326498,-0.0401484072208404,-0.52700275182724,-0.7926550507545471,-0.0330142155289649,-0.0145145282149314
-0.0168281346559524,0.6710271835327148,-1.5183766663540156e-05,0.0022216159850358,-0.1193514987826347,0.000639994686935097,-0.1334740966558456,-0.0223457515239715,0.0239001810550689,0.0208157356828451,-0.174206405878067,-0.0937183797359466,0.0102478461340069,0.0567954219877719,-0.0415262654423713,0.1134578362107276,0.0338703766465187,0.0759986639022827,-0.0352451056241989,0.6774746775627136,0.8514977097511292,0.027880273759365,-0.0145145282149314
-0.0028492175042629,0.6017856597900391,-2.3503547708969563e-05,0.0037379923742264,-0.0665659382939338,-0.0170735903084278,-0.0744351595640182,0.0392998941242694,-0.1732097417116165,-0.0128884827718138,-0.0480744801461696,-0.0600337646901607,0.0477093793451786,-0.0315349847078323,-0.0022138620261102,0.1878163367509842,-0.0383161008358001,0.0891223177313804,-0.0116290068253874,0.8517304062843323,-0.0172002092003822,-0.0086106285452842,-0.0145145282149314
-0.0744491294026374,1.309765100479126,-3.3456977689638734e-05,0.011310021393001,-0.0860404893755912,0.2227350920438766,-0.0242826007306575,0.7246465682983398,-0.0255431625992059,0.0031168323475867,0.4458429515361786,-0.0257817171514034,0.0545368716120719,-0.0098695447668433,-0.002770533086732,0.0680629462003707,0.0515441671013832,0.4710596799850464,-0.0282289050519466,-0.3490363955497741,-0.4945564568042755,0.0187291279435157,-0.0145145282149314
0.0356969982385635,1.082388997077942,-6.689293513773009e-06,0.0029005659744143,-0.4442759156227112,-0.080734446644783,0.0991299673914909,-0.0326735228300094,0.013185822404921,-0.0102357836440205,0.220903530716896,-0.0579377710819244,0.0250677801668643,0.0791271030902862,-0.059149894863367,-0.1657897680997848,0.0359487384557724,0.4480773508548736,-0.0107951676473021,0.6454383134841919,1.719469666481018,-0.007775539997965,-0.0145145282149314
0.0576437711715698,1.4936062097549438,-5.399124347604811e-05,0.0085378931835293,-0.1564867347478866,0.2185501754283905,-0.4892521500587463,-0.1065792441368103,-0.0366236418485641,0.0913404747843742,0.0492903105914592,-0.0226856805384159,-0.1572297066450119,-0.1457588374614715,-0.0797993093729019,-0.3932616710662842,0.2322567701339721,-0.0947022885084152,-0.0280461106449365,-0.4732148349285126,-0.743744432926178,-0.0104189105331897,-0.0145145282149314
-0.0058378102257847,0.8938943147659302,-1.3589909940492362e-05,0.0029825340025126,-0.0330880880355834,-0.4503327310085296,0.1126936301589012,0.2452181726694107,-0.045361828058958,0.098800778388977,0.1881356835365295,-0.0639931261539459,0.0174264181405305,0.0924066230654716,-0.018445337191224,0.051217433065176,0.0336710289120674,0.3805677592754364,-0.0564225539565086,0.5000846982002258,1.0489516258239746,-0.0051758596673607,-0.0145145282149314
-0.0135990846902132,0.3149681091308594,-2.0749277609866112e-05,0.0069691929966211,-0.0973973199725151,-0.0404936112463474,-0.3010381758213043,-0.0392344258725643,0.0070026335306465,-0.0316893272101879,-0.1074511781334877,0.0431864149868488,-0.0177591517567634,0.0365618839859962,-0.021165907382965,0.0328624434769153,-0.0206514857709407,0.4016217887401581,-0.0395002700388431,0.7155828475952148,0.6028894186019897,-0.0016163061372935,-0.0145145282149314
-0.0101763764396309,0.0946877747774124,-0.0004120495868846774,-0.0135632017627358,-0.0303139276802539,-0.1586367785930633,-0.1704188734292984,-0.0311618875712156,0.2072621285915374,0.1353980153799057,-0.2241562008857727,-0.0521105602383613,0.0088018318638205,-0.1601419299840927,-0.0418694131076335,0.0278561878949403,0.0556195341050624,-0.0455272123217582,-0.0137070920318365,-0.5456357598304749,-0.7736210227012634,0.014163120649755,-0.0145145282149314
0.0152293983846902,-0.5396947860717773,-1.8708968127612025e-05,0.001295658876188,0.0533521808683872,0.0231154989451169,0.1734593957662582,0.6778026223182678,0.0813934281468391,-0.0349272452294826,0.4199355542659759,-0.0282835625112056,0.0112300729379057,0.0677488818764686,0.0710944980382919,-0.0336176343262195,0.0146068213507533,0.4437626898288727,-0.0610341429710388,0.7551372647285461,1.769029140472412,-0.0196149423718452,-0.0145145282149314
0.0819838568568229,0.3740949332714081,-1.4723660569870844e-05,0.0029146238230168,0.0235886368900537,0.0371791757643222,0.0447777546942234,-0.0232310630381107,0.1517924964427948,0.0529481060802936,-0.0600895434617996,-0.0786045938730239,0.0223472416400909,0.0119626400992274,0.0075214873068034,0.084585927426815,-0.0122143290936946,0.5458665490150452,0.2645451128482818,0.7453749179840088,0.0893832370638847,0.0007142434478737414,-0.0145145282149314
-0.0176779273897409,0.4859812259674072,-2.8425267373677343e-05,-0.0084727723151445,-0.0498073622584342,0.0081867985427379,-0.4036674797534942,0.0504409000277519,-0.0022146115079522,0.012023577466607,0.1427852809429168,-0.0265000350773334,-0.0709291771054267,0.0624645724892616,-0.0952737852931022,0.0409600101411342,-0.0076762079261243,-0.0796253010630607,-0.0234914179891347,0.7040637135505676,0.4124717712402344,-0.0187364723533391,-0.0145145282149314
0.00013686697639059275,-1.508275032043457,-3.257032221881673e-05,0.0023409335408359,0.0783349052071571,0.1622162759304046,-0.1238483339548111,-0.157685175538063,0.0081380922347307,-0.2171598672866821,-0.3367238342761993,-0.0805263966321945,0.0139453895390033,0.2334388345479965,-0.0610193461179733,0.3112560212612152,-0.0256404001265764,0.0541856400668621,-0.0028002886101603,-0.4312461316585541,-0.575343132019043,0.0203465614467859,-0.0145145282149314
0.0249689426273107,0.8592478632926941,-2.357470657443628e-05,0.0029739986639469,-0.0081940740346908,0.0280304681509733,-0.0477925762534141,0.3315594494342804,0.0656194388866424,0.0620473884046077,0.1907715499401092,0.0896293595433235,0.0466896593570709,0.1026379019021987,-0.058168489485979,0.0721069499850273,-0.0661427974700927,0.4935397505760193,-0.0467243827879428,0.5599535703659058,1.404679536819458,0.030451139435172,-0.0145145282149314
0.0487250760197639,0.6856610178947449,2.1604377252515405e-05,0.00366728939116,-0.154098778963089,-0.0486848093569278,0.3031755983829498,-0.1138166263699531,0.0250706858932971,0.0135681750252842,-0.1092530339956283,0.3024791777133941,-0.056095715612173,0.3014472424983978,-0.0407046675682067,-0.1319191455841064,-0.0163024440407753,0.6423147916793823,-0.0687486007809639,-0.4641008377075195,-0.7048364281654358,-0.0500050634145736,-0.0145145282149314
-0.0270422846078872,0.3942863643169403,1.0581352398730814e-05,0.0021161576732993,-0.1687544137239456,0.0032088693697005,0.1931003928184509,-0.1691849678754806,-0.0305525753647089,0.0262841247022151,-0.2360462546348571,0.0035621356219053,0.0458948872983455,0.0921697318553924,0.0494180172681808,-0.3208785057067871,-0.0697677806019783,-0.0706700384616851,-0.005233478732407,-0.557308554649353,-0.8401778340339661,-0.0511226058006286,-0.0145145282149314
0.0212844442576169,0.9958662390708924,-2.9679402359761294e-05,0.0048912125639617,0.0252058655023574,0.0408578254282474,0.0187430586665868,0.1747175753116607,0.0513841696083545,0.1909837275743484,0.2167568504810333,-0.0274573396891355,0.0498446337878704,0.0608670525252819,0.0210801772773265,0.0660059303045272,-0.1575512290000915,-0.324995219707489,-0.0502747371792793,0.62096107006073,1.7151843309402466,0.0094834165647625,-0.0145145282149314
0.0076768537983298,-0.625543475151062,-9.077347931452096e-05,-0.0025163942482322,-0.0118429884314537,-0.0702731758356094,-0.0700686499476432,-0.0616648606956005,-0.080118790268898,0.1147104799747467,-0.1838008016347885,-0.0311321895569562,0.1232403665781021,-0.0988811179995536,-0.0615757033228874,0.0554098598659038,0.012013210915029,-0.0538037121295928,0.0208175852894783,-0.5329911112785339,-0.7714077830314636,0.0160131193697452,-0.0145145282149314
-0.05113235861063,-0.0500725321471691,-8.841736416798085e-06,0.0143393706530332,-0.0074980081990361,-0.1660462468862533,0.2035220116376876,-0.0208882689476013,-0.0437082089483737,0.0657400786876678,-0.0916035249829292,-0.0810063406825065,0.0222731325775384,-0.0488998442888259,0.0443244725465774,0.1326355338096618,0.0346466265618801,0.3699932694435119,0.6897810697555542,-0.4935117959976196,-0.628309965133667,0.0146953240036964,-0.0145145282149314
0.0619853436946868,-2.123908519744873,-3.05563080473803e-05,0.0017966335872188,-0.1821227669715881,0.105029746890068,0.121951587498188,-0.1070934310555458,-0.0002385909028816968,0.0258488580584526,-0.1864504516124725,-0.0193874631077051,0.0252079833298921,0.0493063554167747,-0.0416733175516128,-0.0838569030165672,-0.0152535019442439,-0.1104347556829452,-0.078580692410469,-0.4323874115943908,-0.7711207866668701,-0.0146154314279556,-0.0145145282149314
0.0149893071502447,-2.2944936752319336,-0.0002567477058619261,-0.0034075533039867,-0.0237581878900527,0.1012598127126693,-0.2227732837200164,-0.1563521474599838,-0.0583362579345703,0.0466580539941787,-0.2452839761972427,-0.0386825092136859,-0.0025967175606638,-0.1616113483905792,-0.0615877509117126,0.0117827905341982,0.0179978292435407,-0.0662560313940048,-0.0813417360186576,-0.5026681423187256,-0.8247921466827393,0.0167551338672637,-0.0145145282149314
0.0007109071011655033,-0.3119912147521972,-0.00016250769840553403,-0.0037664948031306,-0.0301265902817249,0.0405204072594642,-0.1016709506511688,-0.0382698476314544,-0.0264332890510559,-0.0082796234637498,-0.0085019264370203,-0.0588618442416191,0.0704530477523803,-0.1422067731618881,-0.0556375868618488,0.056124497205019,0.0106316395103931,-0.0285603962838649,-0.0395073145627975,-0.5997187495231628,-0.822982668876648,0.0178557578474283,-0.0145145282149314
0.0155254425480961,-0.3835317492485046,-1.7631908121984452e-05,0.0056967171840369,-0.0224728658795356,-0.0623170509934425,0.5340977311134338,-0.0741480141878128,-0.0061905910260975,-0.4793276488780975,-0.0505032129585742,-0.1144059672951698,0.0507058463990688,0.022252831608057,0.0529949255287647,0.0299746748059988,-0.057877130806446,-0.1951346397399902,-0.0388332083821296,0.7916893362998962,1.3855828046798706,-0.008333153091371,-0.0145145282149314
0.0135195367038249,0.544480562210083,-1.6460544429719448e-05,0.0026702736504375,0.0371070876717567,0.0931584537029266,-0.2566452622413635,-0.1739710420370102,-0.0868118032813072,0.0272889155894517,-0.2049714624881744,-0.1029585003852844,-0.0733586922287941,0.0602141469717025,-0.0247786492109298,0.0326067619025707,0.0166680663824081,0.52470463514328,-0.0726955756545066,-0.4800950288772583,-0.7669597864151001,-0.0109889460727572,-0.0145145282149314
-0.0946887880563736,1.3430901765823364,2.0378181943669915e-05,-0.0118965171277523,0.0431809723377227,0.2602330446243286,0.5494465231895447,-0.0153184914961457,-0.015876030549407,-0.3014813065528869,0.1322261989116668,0.014805962331593,-0.0002590070362202823,0.0845604836940765,0.0157309491187334,0.072879321873188,0.0111905736848711,-0.0253617260605096,-0.0072921058163046,-0.4351143836975097,-0.6049053072929382,0.0124084576964378,-0.0145145282149314
-0.0043531442061066,-1.2128949165344238,-2.6703673938754946e-06,0.0014517758972942,-0.0631013289093971,0.0337712541222572,0.1897948235273361,0.648874819278717,0.0755045935511589,0.025628862902522,0.3659680783748626,-0.0507360287010669,-0.0079674795269966,0.0461569018661975,-0.0437193140387535,-0.1266171038150787,-0.0028869432862848,0.5419161915779114,0.2473127096891403,0.6240682005882263,0.7511202096939087,0.0186450853943824,-0.0145145282149314
-0.0117940660566091,-1.083478569984436,-1.941654045367613e-05,0.0016952236182987,0.0650382786989212,-0.0375578105449676,0.1789131611585617,0.2137735486030578,-0.0288603194057941,0.0095087364315986,0.1129372268915176,0.000963369500823319,-0.0103772226721048,0.0508458353579044,-0.0047837253659963,-0.1763999462127685,0.1273088902235031,0.4138547778129577,0.2023878246545791,0.8792256116867065,1.7445175647735596,-0.0280558671802282,-0.0145145282149314
0.0516285002231597,0.9232342839241028,-5.217480065766722e-06,0.0028668330051004,-0.0762976184487342,0.0734954327344894,0.532967209815979,-0.1779419481754303,0.1114643439650535,-0.366347998380661,-0.1413997113704681,0.1033059805631637,0.0388722345232963,0.1581352651119232,-0.0277549866586923,-0.0127249937504529,0.021493362262845,0.5785995721817017,-0.063654601573944,-0.4658206403255462,-0.6164904832839966,0.0125269582495093,-0.0145145282149314
0.0088828997686505,0.9982914328575134,-2.3023421817924827e-05,0.0027654643636196,-0.0126639222726225,-0.0132586574181914,0.288564532995224,0.0333807803690433,-0.0134901897981762,0.0522718280553817,0.0993755087256431,0.012449181638658,0.0481300726532936,0.0989147052168846,-0.030427461490035,0.0470426641404628,0.0930381938815116,0.5705598592758179,-0.0566893070936203,0.682017982006073,1.7544013261795044,-0.0288933869451284,-0.0145145282149314
0.0233793873339891,0.9256161451339722,-2.5101144274231046e-06,0.0046110544353723,-0.0075136665254831,0.0695268586277961,-0.117392897605896,-0.2926815450191498,-0.021327219903469,-0.0122904935851693,0.0155159076675772,0.0280172917991876,-0.0330639146268367,0.0184821244329214,-0.0289903003722429,-0.2794835269451141,0.104608841240406,-0.3450493216514587,0.1100414842367172,0.7204844951629639,1.268202781677246,-0.0042054764926433,-0.0145145282149314
-0.0200054831802845,-0.0406869314610958,-4.9976762966252863e-05,0.0028205413836985,0.0612563975155353,0.0298512149602174,0.2306433916091919,-0.0356145985424518,0.0029248315840959,0.1365090459585189,-0.0844517275691032,-0.0443584136664867,-0.0390110872685909,-0.1075161546468734,0.0173968225717544,0.1988446414470672,0.0299671087414026,0.5135884284973145,0.2960156798362732,0.7114178538322449,0.5854450464248657,0.1050130575895309,-0.0145145282149314
-0.0257968138903379,0.1956063061952591,-2.100466372212395e-05,0.0025203940458595,-0.0130331702530384,0.0306096021085977,-0.0813340321183204,0.0119667826220393,-0.0114341275766491,0.026955209672451,0.0144954333081841,-0.1719922423362732,-0.0026901171077042,0.1442796140909195,-0.0063335029408335,0.1041441485285759,-0.0248931087553501,-0.4778267443180084,-0.0874882787466049,0.7574883699417114,-0.1590767502784729,0.0338722467422485,-0.0145145282149314
0.0326476842164993,1.1692590713500977,9.111296094488353e-06,-0.0176876205950975,0.0843521580100059,-0.0494288131594657,0.082995168864727,-0.1444797664880752,0.1914079636335373,-0.1350832879543304,0.2634864747524261,0.0856781676411628,-0.0816457346081733,0.1466251760721206,0.0156458653509616,-0.0046986327506601,0.015579579398036,-0.0401639528572559,-0.0481243431568145,-0.4854571521282196,-0.709778368473053,-0.0035841094795614,-0.0145145282149314
-0.0085450764745473,0.2037107199430465,-1.3676155504072083e-05,0.0023120106197893,0.1657131314277649,-0.2374557554721832,-0.0037308461032807,-0.0545162707567215,0.0813800916075706,-0.0091010322794318,0.2169135808944702,-0.1079637110233306,0.0041353325359523,0.1309138834476471,-0.0248311180621385,-0.0551703125238418,0.0204613916575908,-0.4402341842651367,0.0028619566000998,0.639136791229248,-0.2177499681711197,-0.0050845043733716,-0.0145145282149314
-0.0030647222883999,-1.8225717544555664,-0.0006833806401118636,0.0026124299038201,-0.0475202165544033,0.0325152873992919,-0.0677320659160614,-0.1278245151042938,-0.0555966198444366,0.016512893140316,-0.3058378994464874,-0.0463769286870956,-0.1016518101096153,-0.2022502720355987,0.0248195808380842,-0.1080054715275764,-0.0662465468049049,-0.0647468939423561,-0.085010178387165,-0.4599389135837555,-0.7481527328491211,-0.0163733400404453,-0.0145145282149314
0.0051129562780261,0.9188969135284424,-2.2712047211825848e-06,0.0027279772330075,0.0373142547905445,0.004443563055247,0.1997806131839752,0.2141571044921875,0.0578511096537113,0.1812889575958252,0.1582094579935073,-0.0561938472092151,-0.0038918470963835,0.0675655230879783,-0.0329604595899581,0.0415875241160392,0.0215905718505382,-0.5042669773101807,0.003377299522981,0.5338954329490662,0.7143979668617249,0.0132447918877005,-0.0145145282149314
0.0387305207550525,1.164794921875,-8.137645636452362e-06,0.0060139708220958,0.1780571639537811,-0.2820890247821808,-0.044831421226263,-0.1210588961839675,0.1199447065591812,-0.0331584438681602,0.2125913798809051,-0.0369174033403396,-0.0547647252678871,0.0501215457916259,0.0009655747562646866,-0.3324501514434814,0.0453466884791851,0.4941652119159698,0.0166065655648708,-0.4319578111171722,-0.6301007866859436,-0.0451390706002712,-0.0145145282149314
0.0167556814849376,-2.1511566638946533,4.681627615354955e-05,-0.0024170405231416,0.0590563118457794,-0.0952107906341552,-0.2962985038757324,0.1979393810033798,-0.0633051842451095,-0.0716484040021896,-0.1520505547523498,-0.0385159403085708,-0.1035959124565124,0.043727621436119,-0.043244756758213,-0.016278188675642,0.0108147822320461,-0.0963034108281135,-0.0950435101985931,-0.4572478532791137,-0.7796264290809631,-0.0106491977348923,-0.0145145282149314
-0.018797380849719,0.3852303326129913,6.491576641565189e-06,0.0028652418404817,0.0618120655417442,0.0215723812580108,0.3894452452659607,0.0710376352071762,0.063407264649868,-0.2517830431461334,0.0328790098428726,0.2536637783050537,0.0930363535881042,0.0534982271492481,0.0148791447281837,0.1674529612064361,0.0109786847606301,0.1397984325885772,0.1299354285001754,0.7685049772262573,0.9245288968086244,-0.00031709589529782534,-0.0145145282149314
-0.0587531179189682,0.0294613223522901,-1.330873419647105e-05,0.0078051718883216,-0.0073171677067875,0.1322311609983444,-0.4408811330795288,-0.007701959926635,-0.0219945088028907,0.1132001057267189,-0.1220924258232116,0.0954718887805938,0.0016971526201814,0.0527208112180233,-0.0425598919391632,-0.3431889414787292,0.0018426229944452,-0.5836321711540222,-0.0453885570168495,0.6852551698684692,1.1352510452270508,-0.0838894248008728,-0.0145145282149314
-0.0165927484631538,0.4976640045642853,-2.7812224288936704e-05,0.009949468076229,0.0071682557463645,0.0413722842931747,0.1158593967556953,0.1559809893369674,-0.0311926268041133,0.0181483477354049,0.2433661371469497,0.2469295561313629,0.038002073764801,0.1492788344621658,0.0038823445793241,0.3677575290203094,-0.0053149405866861,0.1011152416467666,-0.0097845215350389,0.5498130917549133,-0.1480578035116195,0.0496509335935115,-0.0145145282149314
-0.0316014923155307,-1.953169822692871,-4.195283690933138e-05,0.0005157700506970286,0.1465945243835449,-0.1414877027273178,-0.0023239206057041,-0.1041111797094345,0.0204471461474895,-0.0219504609704017,-0.2616862952709198,-0.0497345328330993,-0.0197874642908573,-0.1924132406711578,-0.0029902686364948,-0.1793717145919799,-0.0267255883663892,-0.2631251513957977,-0.1803276240825653,-0.399727463722229,-0.7003617286682129,-0.0126664396375417,-0.0145145282149314
0.0041580609977245,-1.6412019729614258,-1.001969212666154e-05,0.0035160908009856,-0.0660977512598037,0.1499187648296356,0.1642802357673645,-0.123233862221241,-0.0315634198486804,-0.0068099647760391,-0.3004927635192871,-0.0393017940223217,-0.0971832275390625,-0.1914886534214019,-0.0526733547449111,-0.2091631144285202,-0.0124842133373022,-0.0602496266365051,-0.0472352541983127,-0.5223093628883362,-0.8295403718948364,-0.0280255116522312,-0.0145145282149314
-0.0169319007545709,-1.7479031085968018,-7.533279131166637e-05,0.0026792187709361,-0.0253297910094261,0.1012542247772216,-0.2214925587177276,-0.1965045928955078,-0.0210578478872776,0.1302719265222549,-0.2809877395629883,-0.0700732544064521,0.0079466933384537,-0.1850326508283615,0.0208763759583234,-0.2556060254573822,-0.0618504285812377,-0.0721619352698326,-0.1009279862046241,-0.4648433029651642,-0.7230697870254517,-0.0236730221658945,-0.0145145282149314
0.0838350281119346,1.2327386140823364,-2.5133696908596903e-05,0.0044888383708894,-0.0292379166930913,0.0147944660857319,0.0081813158467412,-0.1349151879549026,-0.0270081609487533,-0.0233238879591226,0.3240436613559723,-0.0048321564681828,-0.0167194828391075,0.0697759315371513,0.0041466448456048,-0.2470377832651138,0.0794993117451667,0.554498016834259,-0.0419927462935447,-0.4796873033046722,-0.7024932503700256,-0.0129141649231314,-0.0145145282149314
-0.0363141000270843,-1.1456592082977295,1.9669761968543756e-05,-0.0022429369855672,0.0406507514417171,0.0295243635773658,-0.1896113455295562,-0.098211258649826,-0.0391804203391075,-0.1143018007278442,-0.2600967288017273,-0.0489051528275013,-0.0581426993012428,-0.0557604357600212,0.0334216691553592,-0.1588687598705291,0.0320561379194259,-0.2935048341751098,-0.142822727560997,-0.4358996748924255,-0.7499004602432251,-0.0146819213405251,-0.0145145282149314
-0.0050438395701348,-1.0704920291900637,-8.730264380574226e-05,-0.002630544360727,-0.0655528232455253,-0.0026990994811058,-0.1594863086938858,-0.1241745874285698,-0.0100331613793969,0.1591188609600067,-0.1972056925296783,-0.0352851524949073,-0.0356451757252216,-0.1668787449598312,-0.0505071766674518,-0.16785828769207,-0.0352098084986209,-0.0645831897854805,-0.0404341518878936,-0.4864926338195801,-0.7381647229194641,-0.0041360836476087,-0.0145145282149314
-0.0041999677196145,0.8294777870178223,-3.53350696968846e-05,0.0019326063338667,-0.0145603250712156,0.0167657621204853,0.0662001371383667,0.0176996123045682,-0.0198420193046331,-0.0394862256944179,-0.1083390340209007,0.0306361448019742,0.0500660203397274,0.0904319062829017,-0.1229246109724044,0.1147775873541832,0.0024491117801517,0.2406123727560043,-0.0476871691644191,0.7329139709472656,2.29341721534729,0.0087560461834073,-0.0145145282149314
0.019665565341711,0.1397235542535781,-3.1105482776183635e-05,0.0073405839502811,0.0705194920301437,-0.1495565325021743,0.2898209989070892,-0.1187559813261032,0.0744394585490226,0.0944067537784576,-0.2502417862415313,0.1711893677711486,0.0354663468897342,0.1760887503623962,-0.0171461924910545,0.085814394056797,0.0181074514985084,0.8204636573791504,-0.1263112723827362,-0.4811952114105224,-0.6262144446372986,-0.0049963197670876,-0.0145145282149314
-0.0216467715799808,0.9723249077796936,-5.101514398120344e-05,0.0035738225560635,-0.0042790174484252,0.0148153277114033,-0.3630459308624267,-0.1777839809656143,0.0189380180090665,0.1002874970436096,0.1391447931528091,-0.0765272825956344,-0.0226012133061885,-0.0929003208875656,0.0559902600944042,0.0884816646575927,-0.0594251342117786,0.1605039685964584,-0.078829824924469,0.6718173623085022,0.5756832957267761,0.0101050715893507,-0.0145145282149314
0.0108233271166682,-0.0120793916285038,-2.542147558415309e-05,0.003431552555412,-0.0226829778403043,-0.0009843388106673956,-0.1715661138296127,0.0003009616048075259,0.0310784094035625,0.1212170794606208,0.0956177040934562,-0.1067963019013404,0.0578908175230026,0.0145362354815006,-0.0344889499247074,0.103582315146923,0.0213957130908966,-0.1170931607484817,-0.1209790408611297,0.8155978918075562,-0.2076786905527115,0.0032386407256126,-0.0145145282149314
-0.0137740522623062,-0.1286763548851013,-2.007604052778333e-05,-0.0038126951549202,-0.133575290441513,0.0276872850954532,0.653649628162384,-0.0411260575056076,0.0029510727617889,-0.2618837058544159,0.0161320902407169,-0.0379118919372558,-0.0413710363209247,-0.1011311039328575,-0.036446675658226,0.1144458353519439,0.0037009429652243,0.0262797325849533,-0.0208874959498643,-0.5737372636795044,-0.7802873253822327,0.0048645325005054,-0.0145145282149314
-0.0363151244819164,-1.5772478580474854,-0.0001448847615392879,0.0013777877902612,-0.0102647393941879,-0.0385051071643829,0.0110759297385811,-0.1504683345556259,0.0107450792565941,-0.0270991995930671,-0.3272974789142608,-0.0294612031430006,0.0288909431546926,-0.1980251222848892,0.0623189993202686,-0.2809727489948272,0.0662060305476188,-0.1306827962398529,-0.2007403075695037,-0.4668770730495453,-0.7483156323432922,-0.0204125847667455,-0.0145145282149314
0.0017309972317889,0.5176692008972168,-1.8042035662801936e-05,0.0030216055456548,0.080290637910366,-0.0838912576436996,-0.4839608073234558,-0.1440634280443191,0.0159110743552446,0.2041629552841186,0.1525281965732574,-0.1273794323205948,0.0065147592686116,0.0347222499549388,-0.0860903263092041,-0.1171496585011482,-0.0738983303308487,-0.304949015378952,-0.0474298261106014,-0.5776255130767822,-0.8010370135307312,-0.0724822431802749,-0.0145145282149314
0.015534977428615,-1.0111485719680786,-0.0001078433997463435,0.0016476954333484,-0.0238889511674642,-0.0020910413004457,-0.1903794109821319,0.2000754624605178,0.0160140562802553,0.2306865900754928,-0.2137230336666107,-0.0200119353830814,0.0048864409327507,-0.1879998594522476,-0.076257549226284,0.1384431570768356,-0.0456528067588806,-0.0978752374649047,0.4983627498149872,-0.4185490310192108,-0.6804476380348206,0.0457252860069274,-0.0145145282149314
0.0232066325843334,-1.615981936454773,-3.784090222325176e-05,0.0014762112405151,0.0142520722001791,0.0389317572116851,0.0992114841938018,0.0204817708581686,0.0073694228194653,0.0508312061429023,-0.0362934991717338,-0.0427797399461269,0.0337730571627616,0.0190591216087341,-0.0136135471984744,0.1239484772086143,0.041743341833353,-0.0483451560139656,-0.0537601895630359,0.8245570063591003,2.249805688858032,0.015387182123959,-0.0145145282149314
0.0065143341198563,-0.6215024590492249,-0.00017917557852342725,-0.0056655742228031,-0.0367423184216022,0.0118740070611238,-0.2675409317016601,0.0390221141278743,0.0237339902669191,0.0308052580803632,-0.2090746611356735,-0.0253009814769029,0.0780606120824813,-0.074274405837059,0.0084906760603189,0.1066918149590492,0.0543054342269897,-0.0258148200809955,-0.0167192239314317,-0.5184120535850525,-0.7532849311828613,-0.0037244949489831,-0.0145145282149314
0.0821893736720085,1.2292861938476562,-1.4155360986478628e-05,0.0032536971848458,0.0011781600769609,-0.1049777418375015,0.2594590187072754,-0.0564906671643257,0.32487353682518,0.2520820498466491,-0.0980179607868194,-0.0210450645536184,0.0238168500363826,0.0264679137617349,0.0274887792766094,-0.0905498191714286,-0.0322380885481834,0.3474405109882355,-0.1065641120076179,0.6993498802185059,-0.0343866720795631,0.0037640151567757,-0.0145145282149314
0.0016514303861185,0.7065188884735107,-1.352441540802829e-05,0.00213313405402,0.0427330657839775,0.0124825742095708,-0.0612220205366611,-0.0333250947296619,-0.0615390464663505,0.0609954036772251,0.1468032002449035,0.1400486975908279,-0.0199364069849252,0.0684318915009498,0.0507953315973281,-0.1138333156704902,-0.0114471577107906,0.4971953928470611,0.0159089807420969,0.7059327363967896,1.1169525384902954,-0.0501622930169105,-0.0145145282149314
0.1246462166309356,1.1051476001739502,-1.717245322652161e-05,0.010485858656466,-0.0713575035333633,0.0198565796017646,0.4278356432914734,-0.1756161451339721,-0.0139904096722602,-0.0830186977982521,0.3809777200222015,-0.0794331133365631,-0.0311059951782226,0.1153682917356491,-0.0121046183630824,-0.077274739742279,0.1847811937332153,-0.0144395632669329,-0.0136079993098974,-0.4684606194496155,-0.632726788520813,0.0349714420735836,-0.0145145282149314
0.0211949199438095,-0.3288157880306244,-2.874131314456463e-05,0.0022755367681384,-0.0544259585440158,0.097831979393959,-0.1632930487394333,-0.2026864290237426,-0.0914337784051895,0.0767915770411491,-0.3291079699993133,-0.0504313930869102,-0.0448697358369827,0.1379557996988296,-0.0500640496611595,0.0372892655432224,0.0099966535344719,-0.0592211931943893,0.1418314576148986,-0.4906213283538818,-0.668636679649353,0.0229654591530561,-0.0145145282149314
-0.0202515255659818,-1.2934468984603882,-9.06228960957378e-05,7.87163371569477e-05,0.012888484634459,-0.0067062657326459,-0.2489165365695953,-0.1316296607255935,0.0270878542214632,-0.0150721333920955,-0.2604539692401886,-0.007065110374242,-0.0951645895838737,-0.1156586110591888,-0.011544051580131,0.0232817586511373,0.0597182363271713,-0.0699547007679939,0.03604656457901,-0.4972109794616699,-0.7965384125709534,0.0056089437566697,-0.0145145282149314
-0.0533044375479221,1.4640711545944214,-2.83461922663264e-05,0.016679149121046,-0.1114395335316658,0.1348744630813598,-0.1382196247577667,0.0057984627783298,-0.0567498542368412,0.0049323812127113,-0.1103053838014602,0.1304567456245422,0.0040673413313925,0.2296614348888397,-0.0420049354434013,0.5699308514595032,0.0326942093670368,0.5334228873252869,-0.0436578579246997,-0.4334158301353454,-0.5424779057502747,-0.0084333717823028,-0.0145145282149314
0.0339866913855075,-1.5530980825424194,-7.12357577867806e-05,-0.0020841327495872,0.0708763822913169,0.1214846447110176,0.1669142991304397,-0.1628929376602172,-0.0058470093645155,-0.0722590237855911,0.0362324602901935,0.0083847697824239,-0.0392037816345691,-0.1636898666620254,-0.0080892387777566,0.0746705755591392,0.0376204326748847,-0.0333637408912181,-0.013778836466372,-0.5481478571891785,-0.7629808187484741,0.0295611899346113,-0.0145145282149314
-0.0171306524425745,0.6089155077934265,1.755276753101498e-05,-0.0059960391372442,0.3242492377758026,-0.3003787398338318,-0.4836589694023132,-0.0684590339660644,-0.0508603602647781,0.0365246683359146,-0.0606989189982414,0.1088090911507606,-0.0142614068463444,0.0652741193771362,0.0079884221777319,0.0356013663113117,-0.0123276589438319,-0.0682623982429504,-0.0277797374874353,-0.5183968544006348,-0.686907172203064,0.0069561898708343,-0.0145145282149314
0.0179321393370628,0.5298465490341187,-1.3630320609081537e-05,0.0069337026216089,-0.2680893838405609,0.1268763840198516,0.1027978733181953,-0.0926618427038192,0.077546551823616,-0.0431760065257549,0.0622925572097301,0.0515641011297702,0.0644345134496688,0.198601558804512,-0.0164563748985528,0.1864674240350723,-0.0380448102951049,-0.3525676131248474,-0.0387209318578243,-0.462492972612381,-0.6776598691940308,0.0300236884504556,-0.0145145282149314
-0.0230581425130367,1.2838579416275024,-1.6587404388701543e-05,0.0280315726995468,0.2911452949047088,0.0117958858609199,-0.3727348744869232,-0.0756511092185974,-0.068020261824131,-0.0531097948551178,0.2414742410182953,0.0616210959851741,0.0324863083660602,0.0430309623479843,-0.0403893403708934,0.3796796798706054,-0.0400036573410034,-0.1728136241436004,0.0168359838426113,-0.4446054995059967,-0.5859461426734924,0.0483179651200771,-0.0145145282149314
-0.0108379060402512,-1.2487757205963137,-2.89837371383328e-05,0.0038637642282992,-0.2232437282800674,0.0832272842526435,-0.4146932065486908,0.409626305103302,0.0837518870830535,0.0878280475735664,0.1598408669233322,0.258844792842865,0.0534160397946834,0.2655838429927826,-0.0229742228984832,0.0716375857591629,0.0076363245025277,-0.388367086648941,-0.0473516583442688,-0.3526661396026611,-0.6997562050819397,-0.0107510033994913,-0.0145145282149314
-0.0240660551935434,0.1082024127244949,-1.5877631085459145e-06,0.0063764937222003,0.0255849901586771,-0.0791726782917976,0.1129493117332458,-0.1314188241958618,-0.0484734140336513,0.0147338537499308,-0.197321206331253,-0.0578198246657848,0.0584448017179966,-0.0395435057580471,0.0488343015313148,0.0789481028914451,0.0112768523395061,-0.2675129473209381,-0.1404303610324859,-0.4744488596916199,-0.6515308022499084,0.012108989059925,-0.0145145282149314
-0.0094563663005828,0.8359436392784119,-5.200522718951106e-05,-0.0040483488701283,0.060733750462532,-0.1647014617919922,-0.074202075600624,0.1596308350563049,0.0147736016660928,0.1160773187875747,0.1872925609350204,0.0199597161263227,-0.0133565748110413,0.086883470416069,-0.0230657961219549,-0.0080880299210548,-0.032542448490858,-0.025388728827238,-0.062839351594448,0.6337705850601196,1.59473717212677,-0.0306949652731418,-0.0145145282149314
-0.0030404303688555,-2.1476526260375977,0.00010162513353861868,-0.0152621325105428,-0.0200355164706707,-0.0330262370407581,0.2587669491767883,-0.1136452481150627,-0.0107977641746401,-0.0815524160861969,-0.3124685287475586,-0.0279450621455907,-0.1042667925357818,-0.202761173248291,-0.0144359935075044,-0.2120098769664764,-0.0885977298021316,-0.0688135102391243,-0.057298831641674,-0.5091676712036133,-0.8377900719642639,-0.0109394863247871,-0.0145145282149314
0.0174302607774734,0.2110675573348999,-9.617207979317756e-06,0.0029458771459758,-0.0004944945103488863,-0.3596948683261871,0.133084625005722,0.0044427919201552,0.1576186418533325,0.0439372882246971,-0.126702532172203,-0.0362339541316032,-0.0319463573396205,-0.0428528934717178,0.0075237434357404,0.0060693998821079,0.140001580119133,0.5679531097412109,0.1350138038396835,0.6452090740203857,1.3331549167633057,0.0323766432702541,-0.0145145282149314
0.0263292957097291,0.4377772510051727,-2.3185952159110457e-05,0.0053151356987655,0.0333469174802303,-0.1135018244385719,0.2721546292304992,0.0182988476008176,0.0138841476291418,-0.0026661541778594,0.0809743180871009,0.0003385453601367772,-0.0005074591608718038,0.0685535818338394,0.0830949321389198,0.0654979795217514,-0.0279705747961998,0.1195064336061477,0.0747837349772453,0.766197144985199,1.088007926940918,0.0063881804235279,-0.0145145282149314
-0.0870114564895629,1.0465298891067505,-1.4663990441476926e-05,0.0021469453349709,0.0567521974444389,0.0341966487467289,-0.0610925890505313,0.0798635706305503,0.0137043753638863,-0.0156593043357133,0.152095690369606,-0.1032553613185882,-0.0192562155425548,0.0824771672487258,-0.084649883210659,-0.1221081390976905,0.0685831233859062,0.4795129597187042,-0.1091600582003593,0.62195885181427,0.9414523839950562,-0.001921716146171,-0.0145145282149314
-0.0266958884894847,0.8133435845375061,-1.4345445379149169e-05,0.0019084536470472,0.054510124027729,0.0197044480592012,-0.4007000029087066,0.127111867070198,0.0220889952033758,-0.019537977874279,0.1343770176172256,-0.0978167131543159,-0.1427335143089294,-0.1030066013336181,0.0444574318826198,-0.1379150003194809,-0.0402571745216846,0.5475113391876221,0.0603227093815803,0.6120489239692688,1.1054296493530271,-0.0039969617500901,-0.0145145282149314
-0.0135990446433424,-1.543815016746521,-2.254910214105621e-05,0.0028555083554238,0.0215859711170196,0.0472744852304458,0.2639570534229278,0.0335673652589321,0.0365515425801277,-0.0777573138475418,0.0922437533736229,0.0234570633620023,0.0255106650292873,0.0666786432266235,0.0068248752504587,0.3793552815914154,-0.1286950260400772,0.1473967134952545,0.0190654508769512,0.829745888710022,1.7169023752212524,0.018014034256339,-0.0145145282149314
-0.0185540784150362,0.0166247151792049,-3.214323805877939e-05,-0.0102773355320096,0.0039845714345574,-0.0684115588665008,0.1900839358568191,0.0658023804426193,-0.0417257510125637,0.0013280024286359,0.0530104264616966,-0.0755675360560417,0.0539302080869674,0.0027310699224472,0.0301007665693759,0.0703662037849426,-0.0285528432577848,0.1289711147546768,0.0548269152641296,0.855205237865448,2.0381743907928467,-0.004272430203855,-0.0145145282149314
-0.0698562413454055,0.6305168271064758,-6.931786629138514e-06,0.0021775050554424,0.2214892953634262,0.2204650342464447,0.3293281197547912,0.013503479771316,0.0115621322765946,-0.0501880459487438,0.0030189717654138,-0.0275288857519626,0.0097037637606263,0.1593068540096283,0.0238341018557548,-0.0012249246938154,-0.0698854625225067,0.6406604051589966,0.2770099937915802,-0.456344723701477,-0.5263102054595947,-0.0682429373264312,-0.0145145282149314
0.1052780300378799,0.9350558519363404,-2.4724860850255936e-05,0.0040090070106089,-0.0138238249346613,0.0120508326217532,0.1176879778504371,-0.0140728633850812,-0.0103362975642085,-0.010311066173017,0.1835959404706955,-0.0751799270510673,0.0330530703067779,0.0492719821631908,-0.0340100638568401,0.0932466015219688,0.0042396928183734,0.4651221036911011,-0.0852080658078193,0.6329220533370972,-0.1804051995277404,0.0261574443429708,-0.0145145282149314
-0.0384956486523151,-1.7058707475662231,-2.605313056847081e-05,0.0108747631311416,-0.0044078486971557,-0.1259863525629043,0.1416144520044326,-0.0545866191387176,-0.0209068208932876,0.0044838222675025,-0.1019524559378624,0.036062229424715,0.0565773099660873,-0.0762523934245109,0.0687708556652069,-0.0024441024288535,0.0242083426564931,0.5514483451843262,0.2328132838010788,-0.4706937372684479,-0.6530539989471436,0.004011123906821,-0.0145145282149314
-0.0167995039373636,-2.265339136123657,0.0008628801442682743,-0.0007957741618156433,-0.0298699922859668,-0.0916836559772491,-0.1453514397144317,-0.1040935814380645,-0.1194445416331291,-0.1133082583546638,-0.2559544146060943,-0.0085066091269254,-0.0484370961785316,-0.0903234258294105,0.0080170473083853,-0.0415597856044769,0.0098350727930665,-0.0565642267465591,-0.0643088370561599,-0.4964149594306946,-0.8372840881347656,0.0094462884590029,-0.0145145282149314
-0.0086324820294976,-2.0821785926818848,-6.405213207472116e-05,0.0022021722979843,-0.0786628723144531,-0.0203711166977882,0.1495277285575866,-0.1518134921789169,-0.0280689634382724,-0.0235576946288347,-0.2495987117290496,-0.0715471506118774,0.0080095632001757,-0.187842458486557,0.0155042121186852,-0.1208626329898834,0.013767166994512,-0.3286538422107696,-0.0933765172958374,-0.4198952317237854,-0.787956714630127,-0.0162907782942056,-0.0145145282149314
-0.020102959126234,-1.4553776979446411,-0.00015010236529633403,0.0057676881551742,-0.020267566666007,-0.0170789677649736,-0.1600077599287033,-0.1236475780606269,-0.0911433100700378,-0.17909637093544,-0.2406870871782302,-0.0437575951218605,-0.0239259339869022,-0.101648174226284,-0.0564860217273235,-0.1140033826231956,-0.0701414719223976,-0.2761053442955017,-0.1932524442672729,-0.433550477027893,-0.7822325825691223,-0.00020585715537890792,-0.0145145282149314
0.0107266567647457,0.1980187147855758,-0.00016120699001476169,-0.0049825068563222,-0.0326283127069473,-0.0132634686306118,-0.1008520647883415,-0.1458000689744949,-0.0410144552588462,0.028759816661477,0.048361524939537,-0.0894161313772201,0.0635119602084159,-0.1683585345745086,-0.0178126320242881,0.0336810983717441,0.0143946018069982,-0.0871500745415687,-0.0413700006902217,-0.6296790242195129,-0.8466141223907471,0.0066909752786159,-0.0145145282149314
-0.0059982375241816,0.097335860133171,-0.0001690560602582991,-0.0085969818755984,0.0330968126654624,0.0353139191865921,0.3020815253257751,-0.1290353536605835,0.0064610079862177,0.0073769981972873,-0.2763028442859649,-0.0492285192012786,-0.1229539364576339,-0.1761423796415329,-0.0155413011088967,0.0354850552976131,0.0385528244078159,-0.0663145035505294,-0.0683124959468841,-0.5702625513076782,-0.7309479117393494,0.0076263933442533,-0.0145145282149314
-0.0025074032600969,-0.8604276776313782,-2.335040335310623e-05,0.0027068154886364,-0.0566076263785362,0.0691239237785339,0.0326005965471267,-0.0233995299786329,-0.0622853673994541,0.05081807076931,-0.0907642319798469,-0.0723580569028854,-0.0128265284001827,-0.0497719794511795,-0.0585700906813144,0.0430921018123626,-0.0504787340760231,0.0243877097964286,-0.0391407161951065,0.7825732827186584,0.0057483557611703,-0.0136605007573962,-0.0145145282149314
0.0124788610264658,0.6430901885032654,-1.6606179997324944e-05,0.0061736330389976,-0.1805244088172912,0.1133323013782501,0.2874416708946228,0.0111273359507322,0.0110210618004202,-0.0557376183569431,-0.035244558006525,-0.0549995601177215,-0.0017349070403724,0.1858686953783035,0.1296180784702301,0.5878930687904358,-0.0285677164793014,0.0232655890285968,-0.0499785579741001,-0.454915314912796,-0.5592359304428101,0.0684494227170944,-0.0145145282149314
-0.0211859121918678,0.6843621134757996,-2.072936331387609e-05,0.002679077675566,-0.025487856939435,0.0285039152950048,-0.2030999213457107,0.3322242796421051,-0.0344763994216918,0.0493125058710575,0.2675318121910095,-0.0185197237879037,0.0678430050611496,0.0323478914797306,0.0327295660972595,0.0451047047972679,0.0078695761039853,0.136709988117218,0.0479247644543647,0.5593224763870239,0.828683614730835,-0.0054649240337312,-0.0145145282149314
0.0054980795830488,0.4057035446166992,-3.0204682843759656e-07,0.0018276579212397,-0.0030905154999345,-0.0184382311999797,0.1103361919522285,0.131976917386055,-0.0609238967299461,0.0594857260584831,0.2941099107265472,-0.0173201505094766,-0.0003900497395079583,0.1076209098100662,-0.0077497870661318,-0.2112332731485366,0.0073755052872002,-0.2204409688711166,-0.0650778487324714,0.6389406323432922,2.5462210178375244,-0.0286437422037124,-0.0145145282149314
0.0182849522680044,-0.3351163268089294,-3.1465293432120234e-05,0.0018626824021339,-0.0174770355224609,0.0533242709934711,-0.0368501506745815,-0.1265558004379272,-0.0307651571929454,0.0277760289609432,-0.2080861330032348,-0.0946305841207504,0.0300905089825391,0.1130287647247314,-0.0269670318812131,0.052357867360115,-0.0667485520243644,0.4821847081184387,0.0381295680999755,0.7479763031005859,1.391585111618042,-0.0213356353342533,-0.0145145282149314
-0.0323563516139984,0.6096781492233276,-5.977490218356252e-07,0.0032400260679423,0.034515768289566,0.126183420419693,0.2944827675819397,-0.0523086376488208,0.0189786646515131,-0.0724158957600593,-0.030985040590167,0.2626025378704071,0.0093740141019225,0.232329174876213,0.0158122796565294,0.666434645652771,-0.029568625614047,-0.2692199945449829,-0.0143109280616045,-0.4470060765743255,-0.6075527667999268,0.0300582908093929,-0.0145145282149314
-0.0290473699569702,-1.968584895133972,-0.00027976935962215066,-0.0079826088622212,-0.0476716719567775,-0.0683846101164817,-0.1085000038146972,-0.1095570176839828,-0.0950076356530189,-0.1047479435801506,-0.3222479522228241,-0.0504423789680004,0.0272568203508853,-0.1786235868930816,-0.0278169866651296,-0.0839622393250465,-0.0538819320499897,-0.3501561880111694,-0.2456031143665313,-0.3968035578727722,-0.779776394367218,-0.0075618233531713,-0.0145145282149314
0.0412458181381225,1.167701244354248,4.901139618596062e-06,0.0048308470286428,0.0479780621826648,-0.3327762186527252,-0.1657388806343078,-0.135788157582283,-0.0115965493023395,0.0027331258170306,0.1661966294050216,0.0808581039309501,0.0397259593009948,-0.0262299235910177,0.0319500900804996,-0.2653698027133941,-0.0408440865576267,-0.4837266504764557,-0.0859143137931823,-0.5107584595680237,-0.8256316781044006,-0.0457182303071022,-0.0145145282149314
0.0783706977963447,1.3108197450637815,-2.206044882768765e-05,0.0003156803431920707,-0.1167586371302604,-0.0227940045297145,-0.2453899979591369,-0.0938287675380706,0.1430163383483886,0.1653303503990173,0.055854707956314,-0.0356510840356349,-0.0177504830062389,-0.0430455394089221,-0.0397426411509513,-0.0893455147743225,0.1549499034881591,0.5575881600379944,-0.0683708935976028,-0.49422687292099,-0.698665976524353,-0.0048517012037336,-0.0145145282149314
0.0954056158661842,1.0581977367401123,-2.7955764380749315e-05,0.0025584006216377,0.0167132075875997,-0.143543541431427,0.3747381269931793,-0.068012923002243,-0.0260756257921457,0.0203795917332172,0.265225201845169,-0.013115344569087,-0.0020951468031853,0.0419169217348098,0.0005483028362505138,-0.008981660939753,0.0340182855725288,0.1970646530389785,-0.0653583407402038,0.7179864645004272,-0.075435571372509,0.0256963279098272,-0.0145145282149314
-0.0327793955802917,1.170282244682312,-3.5068624129053205e-05,0.0066021247766911,-0.0275825019925832,-0.0249595157802104,0.3467623591423034,0.0784122869372367,0.1163178235292434,0.1032993197441101,-0.0690990388393402,-0.0158248040825128,0.0461552068591117,0.1037408858537674,0.0185198057442903,0.1733368784189224,-0.0458155795931816,0.2420319020748138,-0.0919706374406814,0.6776114106178284,-0.0047120451927185,0.0380179435014724,-0.0145145282149314
0.054435733705759,0.3419151604175567,-5.201950261835009e-05,0.0027547066565603,-0.0581762343645095,0.0054798386991024,0.3983482122421264,-0.0233287587761878,-0.0502255782485008,0.013388936407864,0.0620961748063564,-0.0648605376482009,-0.0099087944254279,-0.0513296909630298,-0.0227061007171869,-0.3429819941520691,0.1185131669044494,0.4344377517700195,0.123752161860466,0.7367849946022034,0.0715310797095298,-0.0418999604880809,-0.0145145282149314
0.0002843744878191501,-0.079681172966957,-1.7189311620313674e-05,0.0021002579014748,0.0943177491426467,0.0009903619065880775,0.1610966026782989,0.7313916683197021,-0.1061319336295127,0.0344113521277904,0.2361126542091369,-0.0673504993319511,0.0178692210465669,0.0935769453644752,-0.0162487775087356,-0.0826078951358795,-0.0262112859636545,0.2603050172328949,0.2048807591199875,0.768824577331543,0.7535590529441833,-0.0307306069880723,-0.0145145282149314
-0.0760325938463211,0.3779493868350982,-1.4016753993928432e-05,0.0030226872768253,-0.0404157675802707,0.0453953221440315,0.2543639242649078,-0.1086475923657417,-0.0533998720347881,0.1350687444210052,0.0918060988187789,-0.0239444747567176,-0.0431909598410129,0.0357538200914859,0.0357864014804363,-0.0279970578849315,-0.019264692440629,0.5391969084739685,0.0871696546673774,-0.5080909132957458,-0.6928657293319702,0.0049245511181652,-0.0145145282149314
-0.1373150795698166,1.4102736711502075,-1.761907697073184e-05,0.0039267116226255,0.0306401159614324,0.0468616522848606,0.2952996492385864,-0.0504207238554954,-0.0191515441983938,0.0991150438785553,0.1532620340585708,-0.0668118894100189,-0.0326192118227481,-0.1277979165315628,-0.0050970884039998,-0.2688869833946228,-0.0813661366701126,0.5167323350906372,-0.0390921272337436,-0.4858961403369903,-0.7164895534515381,-0.1022692993283271,-0.0145145282149314
0.0384577736258506,1.1360446214675903,-1.2486369087127969e-05,0.0020508703310042,-0.255748450756073,0.0101228430867195,0.1700549125671386,0.0012644535163417,0.0205199029296636,-0.0241370648145675,-0.1478686183691024,-0.0403562523424625,0.0488516427576541,0.0034749710466712,-0.0316559225320816,-0.1276456415653228,0.0618429332971572,0.5653049349784851,-0.0646543949842453,0.6244620680809021,1.761682629585266,-0.0046437801793217,-0.0145145282149314
-0.0314226560294628,-0.702377200126648,-2.9288486985024065e-05,0.002282383153215,-0.030579712241888,-0.017953285947442,0.3167548477649688,-0.0823019593954086,-0.0144208800047636,-0.1415671855211258,-0.1124691516160965,-0.0562909469008445,0.0106155751273036,0.1183616667985916,-0.0270958226174116,0.1668030470609665,-0.0206938702613115,0.2702847123146057,0.2079611867666244,0.6912542581558228,-0.0387499146163463,0.0442840307950973,-0.0145145282149314
-0.0434513054788112,0.5778204798698425,-5.467598384711891e-06,0.0032207274343818,0.1030764356255531,-0.2402088046073913,-0.083265520632267,-0.1925199180841446,0.1747659593820572,0.2219190746545791,-0.2130614668130874,0.1513988971710205,-0.0081596681848168,0.2096247524023056,-0.0556314215064048,0.2505243122577667,0.0003102768096141517,-0.4403347373008728,-0.1421786248683929,-0.4226335883140564,-0.6095714569091797,0.0280458200722932,-0.0145145282149314
0.0107857976108789,0.7174671292304993,-2.402457903372124e-05,0.0025420875754207,0.0026555696967989,-0.190380722284317,-0.0705152451992034,0.1666670143604278,-0.0092441132292151,0.0137974098324775,0.2833693325519562,-0.1224383041262626,-0.0192167200148105,-0.0596695877611637,-0.025209754705429,0.0955292582511901,-0.0582082532346248,-0.3206861019134521,0.0406716950237751,0.659422755241394,0.9092676639556884,0.0247853603214025,-0.0145145282149314
0.0254805125296115,0.8890731930732727,-4.169421299593523e-05,0.0058178207837045,0.0532042123377323,0.0630392059683799,-0.1209405288100242,0.1575277149677276,0.0088616712018847,0.0967695638537406,0.2520394623279571,-0.027170967310667,0.0683228373527526,0.0503648295998573,-0.0341309607028961,-0.0036133010871708,0.0372660644352436,0.1750404983758926,0.009606416337192,0.6042382121086121,1.76588773727417,0.0019457519520074,-0.0145145282149314
-0.0744825154542923,1.4068423509597778,-2.676425356185064e-05,0.0082263788208365,-0.0889229625463485,0.0061848941259086,-0.1655869781970977,-0.0651643499732017,-0.0308597385883331,0.1630360186100006,-0.0305044632405042,0.1367159783840179,0.0233623869717121,0.1062231361865997,0.0146111920475959,0.1431942880153656,0.0270476453006267,0.573153555393219,-0.0147681888192892,-0.4209866225719452,-0.7030267119407654,-0.0187700632959604,-0.0145145282149314
-0.005247532390058,0.0193897113204002,-1.132775651058182e-05,0.0032441786024719,-0.0097267683595418,0.0193162802606821,0.191163420677185,0.3581936955451965,0.0573569796979427,0.0790174975991249,0.2894057631492615,0.1655895859003067,0.0570502951741218,0.1001104265451431,-0.0621469132602214,-0.0689448863267898,-0.0042186742648482,-0.7854589819908142,-0.1320104598999023,0.6044926047325134,-0.3122152686119079,-0.0032882031518965,-0.0145145282149314
-0.0325428582727909,0.340038388967514,-1.8394392100162804e-05,0.0020818067714571,0.0607683546841144,0.1015840992331504,0.2399396151304245,-0.0312533900141716,-0.0418380461633205,-0.30106982588768,-0.031996700912714,-0.0422234870493412,0.0317379049956798,0.0874107554554939,0.0251694768667221,-0.1373575925827026,-0.0215206611901521,0.2265276461839676,0.1780062466859817,0.6470629572868347,0.0374191179871559,-0.0302157048135995,-0.0145145282149314
0.0792327895760536,1.3393248319625854,-5.1921349950134754e-05,-0.0206698887050151,0.0776432529091835,-0.1064239293336868,-0.0707013309001922,0.1417296975851059,-0.100003607571125,-0.051428135484457,0.1895568668842315,-0.0669972375035286,-0.0599874779582023,-0.1013568565249443,-0.0571126192808151,0.0357820801436901,-0.0007508669514209032,-0.0923208594322204,-0.0118117416277527,-0.4346087276935577,-0.7480709552764893,0.001914928201586,-0.0145145282149314
0.0212628599256277,0.4982470870018005,-3.964446659665555e-05,0.0086032440885901,0.1145961135625839,-0.0544632859528064,-0.0612800121307373,-0.0511582046747207,-0.0585001781582832,0.0834028199315071,-0.229894533753395,-0.0984734296798706,0.0372733548283577,-0.0858634188771247,-0.0316964983940124,-0.0714446902275085,-0.0239245165139436,-0.0304222013801336,0.0269490927457809,-0.5315882563591003,-0.793184220790863,-0.0632541701197624,-0.0145145282149314
-0.0095295859500765,-1.0877703428268433,-1.900458664749749e-05,0.0006963956402614713,0.0762377604842186,0.019551420584321,0.0469043590128421,-0.1031578630208969,0.0193489957600832,0.0384403355419635,-0.0065524331294,0.0128541607409715,-0.0542579106986522,-0.0436165519058704,-0.0586690306663513,-0.01380982901901,0.0091267554089427,-0.1353788822889328,0.189107209444046,-0.4949778020381927,-0.7462427020072937,-0.0065412381663918,-0.0145145282149314
-0.0340114831924438,-1.4817322492599487,-3.084921627305448e-05,0.0019719097763299,0.0140565289184451,-0.0776577517390251,-0.1168567538261413,-0.1082072705030441,0.094445563852787,0.0446270257234573,-0.1018682345747947,-0.0765008628368377,0.0198421869426965,-0.191292405128479,0.0721768289804458,0.0674013644456863,-0.0365188941359519,-0.3042674958705902,-0.1160668581724166,-0.4198745489120483,-0.7297213673591614,-0.0062821488827466,-0.0145145282149314
-0.0347037017345428,-0.1408830136060714,9.31434624362737e-06,0.0167580135166645,-0.0782604664564132,-0.0342582836747169,-0.1463711410760879,-0.0374867208302021,-0.101998470723629,-0.0869302526116371,-0.199653759598732,0.0399484075605869,0.0017796873580664,-0.0277512166649103,0.0247187037020921,0.1272175461053848,-0.040813960134983,0.6203930377960205,0.3806391954421997,-0.4702208042144775,-0.687516987323761,-0.0224622618407011,-0.0145145282149314
0.0842015370726585,0.8717265725135803,-4.553483449853957e-06,0.0080547481775283,0.2138494253158569,0.2659211754798889,-0.2596896588802337,-0.0989012941718101,-0.0134417042136192,-0.0573135316371917,-0.1960035562515258,-0.0648134648799896,0.044606328010559,0.0222126692533493,-0.0187586490064859,0.0149164423346519,0.0295684654265642,-0.3507741391658783,-0.1005061492323875,-0.5038596391677856,-0.7075477838516235,-0.0143835311755537,-0.0145145282149314
0.0264642871916294,-2.0990524291992188,-0.0001024508965201676,0.001166473259218,-0.0078573431819677,-0.0353198163211345,-0.121619664132595,-0.0859952569007873,0.0412651188671588,0.0857776403427124,-0.0943283811211586,-0.0835306122899055,0.0434026084840297,-0.0939126685261726,0.0008942537824623287,-0.1706933826208114,-0.0197273306548595,0.2102804630994796,0.0916190668940544,0.7449811100959778,0.0228455383330583,-0.0444662794470787,-0.0145145282149314
0.0152649590745568,-2.040588855743408,-0.00023696699645370245,-0.0080004939809441,-0.0026321450714021,0.0261459369212389,0.2350892722606659,-0.1238388940691948,-0.0372709110379219,0.0758830308914184,-0.1638911962509155,-0.0719269141554832,0.0779835134744644,-0.172066792845726,0.0362572893500328,-0.0122963255271315,0.034286756068468,-0.0187888275831937,-0.0275321006774902,-0.5105056166648865,-0.7457144856452942,0.0021297323983162,-0.0145145282149314
0.0179894194006919,0.7516795992851257,-0.0001783519983291626,-0.0061804568395018,-0.0844010338187217,-0.002015626989305,-0.2982968389987945,-0.1303270757198333,0.0088336830958724,0.1436600238084793,0.0039401673711836,-0.0557169467210769,0.1410433799028396,-0.1533449292182922,-0.0457255207002162,0.0370520055294036,0.0216480381786823,-0.0548277758061885,-0.0180834028869867,-0.6300970911979675,-0.831843376159668,-0.0145855220034718,-0.0145145282149314
-0.0140270441770553,0.3887424767017364,-6.224261596798897e-05,0.0068637421354651,-0.1551763415336609,0.0038575280923396,-0.0945377200841903,-0.0648193359375,0.0473576560616493,-0.0141278635710477,-0.0956882536411285,-0.0636470392346382,-0.1045415475964546,-0.1732082366943359,-0.0426097586750984,0.2010652720928192,0.0312935002148151,0.1696579903364181,0.0099972328171134,-0.4821324646472931,-0.7682934999465942,-0.0263643842190504,-0.0145145282149314
-0.1025718301534652,1.296312928199768,1.557025098009035e-05,0.0039562252350151,-0.0418704003095626,0.1289458125829696,0.735408365726471,-0.0729047656059265,0.0255039595067501,-0.3970978558063507,-0.0528994351625442,-0.0372149795293808,-0.0005289111286401749,0.100881278514862,0.0226645022630691,-0.106016531586647,-0.043152667582035,0.5907701849937439,0.1260871887207031,-0.4278677403926849,-0.5474705100059509,-0.0440975613892078,-0.0145145282149314
-0.0042219432070851,0.2826424837112427,-2.660404425114393e-05,-0.0079953223466873,-0.0697639659047126,0.0797404572367668,0.3334865570068359,-0.0085616298019886,-0.0682976022362709,0.0328687131404876,-0.1042318046092987,-0.0587801970541477,-0.0528541505336761,-0.1364398747682571,-0.0092525724321603,0.0890806391835212,0.0094537790864706,0.0329492911696434,-0.0151870613917708,-0.5520103573799133,-0.7076480984687805,0.0275727603584527,-0.0145145282149314
0.0421138741075992,0.4760583937168121,9.26895154407248e-07,0.0029349238611757,0.1399933397769928,0.0321369245648384,0.0392564833164215,-0.0772233009338378,-0.0358751602470874,0.0293745808303356,-0.1636020243167877,0.0566471815109252,0.0163324624300003,0.1029534935951232,-0.0004822513728868216,-0.0053216959349811,-0.0449129678308963,-0.319632887840271,-0.1247298866510391,-0.5050201416015625,-0.7435142397880554,0.0156090436503291,-0.0145145282149314
0.0035410742275416,-1.6387513875961304,-0.0004390522371977568,0.0047932406887412,-0.0399614050984382,-0.0548046492040157,-0.2452001124620437,-0.0635681226849556,-0.0802675858139991,-0.1689216047525406,-0.2082907110452652,0.0127946995198726,-0.0318766236305236,-0.0869507119059562,-0.0014784940285608,0.257382720708847,-0.0323503240942955,0.1987330168485641,0.6364328265190125,-0.4594138860702514,-0.7220739126205444,-0.0224392525851726,-0.0145145282149314
0.0367400050163269,0.0344443209469318,2.428128937026486e-06,0.0069216387346386,0.0540812462568283,-0.1211367174983024,-0.2025557458400726,0.0641124472022056,0.0068700811825692,0.0575425326824188,-0.1451151221990585,0.2767016589641571,-0.0934193804860115,0.3649241030216217,-0.0293721091002225,-0.0783876478672027,-0.0760836750268936,-0.2478531301021576,-0.0451184287667274,-0.4539124369621277,-0.6968425512313843,-0.0375327132642269,-0.0145145282149314
-0.0213280189782381,1.0008612871170044,-3.054773696931079e-05,-0.0147955659776926,-0.1699835509061813,0.1961961388587951,-0.3298749923706054,0.325763463973999,-0.0180208571255207,0.1474774777889251,0.4112303853034973,0.0381954945623874,0.0207351446151733,-0.0314744375646114,0.004740578122437,0.0630270987749099,0.0131129715591669,-0.0040313056670129,-0.0367413647472858,-0.4504534006118774,-0.6857384443283081,0.0190928261727094,-0.0145145282149314
0.0009398592519573868,0.4351957142353058,-3.8528742152266204e-06,0.0056730792857706,0.0821855068206787,-0.1229777187108993,-0.1335351169109344,-0.1433627307415008,0.0169507712125778,0.1978684216737747,-0.0574737749993801,-0.081586942076683,0.0313649326562881,0.062191542237997,-0.0520239509642124,0.0465711094439029,-0.0626522153615951,-0.0665043964982032,-0.0252951551228761,-0.5374259352684021,-0.7484126687049866,0.0107774855569005,-0.0145145282149314
0.0113129438832402,0.7264179587364197,-4.499907663557679e-05,0.0052333199419081,-0.086552083492279,-0.0274498090147972,-0.0953186601400375,-0.0749886557459831,0.0028360041324049,-0.0075210710056126,0.0825458616018295,-0.067377932369709,0.0216175820678472,-0.1329014003276825,-0.0305112265050411,-0.0759531259536743,0.0553724989295005,-0.4019065201282501,-0.0677655413746833,-0.6182258129119873,-0.8550485968589783,0.0266619212925434,-0.0145145282149314
0.0106766987591981,-2.352389097213745,-8.966868335846812e-06,0.0038570999167859,-0.0672527179121971,0.0432431921362876,-0.1295714080333709,-0.1371789723634719,0.0061496435664594,0.0773507207632064,0.203587532043457,0.0219936538487672,0.0226016622036695,0.0035665661562234,-0.0110147651284933,0.6159155964851379,0.0169467981904745,-0.0755930766463279,-0.0410890392959117,-0.4694808423519134,-0.6825284957885742,0.0265139117836952,-0.0145145282149314
-0.0241371635347604,1.1956934928894043,-6.170954293338582e-06,0.0134730702266097,0.0031402937602251,0.0482728406786918,-0.2791716158390045,-0.0430651977658271,0.0029510464519262,0.1245811805129051,-0.1331348568201065,0.0348065830767154,0.0169055555015802,0.0887860804796218,-0.0188180264085531,-0.0979166999459266,0.0478575229644775,-0.3680629134178161,-0.1367440223693847,0.7158586978912354,0.4589666724205017,0.0033529030624777,-0.0145145282149314
0.0895393714308738,1.4895598888397217,-1.992563193198293e-05,-0.0176173225045204,-0.1778687238693237,0.0677190646529197,0.3586364984512329,0.0136982481926679,-0.0671721324324607,0.0256192069500684,0.1816522479057312,-0.0044583431445062,0.0478763580322265,-0.0513559505343437,-0.0409420430660247,0.0603663697838783,0.0114132948219776,-0.0254565328359603,0.0008049895986914635,-0.4586101770401001,-0.6672324538230896,0.0136168450117111,-0.0145145282149314
-0.0127372341230511,0.4165526330471039,-5.973550287308171e-06,0.0053775114938616,-0.0034517727326601,0.07106414437294,-0.2856668531894684,0.079213336110115,-0.0492418780922889,-0.018918689340353,0.1419337093830108,0.1698630303144455,-0.0604347512125968,0.0518236383795738,0.1445669382810592,-0.1732866168022155,0.0296331606805324,-0.5132385492324829,-0.0856895968317985,0.6325048804283142,0.4929805099964142,0.0023015069309622,-0.0145145282149314
-0.0073201525956392,-2.0784401893615723,-3.127678792225197e-05,0.0030611995607614,-0.103958174586296,0.1093616113066673,-0.1934138983488083,-0.0978947952389717,0.0100676640868186,-0.024853715673089,-0.1603572517633438,-0.0412994176149368,-0.0621494725346565,-0.0311018601059913,0.0144795505329966,0.1434525549411773,-0.0575096271932125,-0.2033760249614715,-0.1496810913085937,-0.4264047145843506,-0.7493197917938232,0.0242087952792644,-0.0145145282149314
0.0895349085330963,0.9673641324043274,-3.0598530429415405e-05,0.0071101197972893,-0.1131308898329734,0.128886342048645,-0.3576920628547668,-0.0388929024338722,-0.0413269288837909,0.102917768061161,0.0241046901792287,0.2155537009239196,-0.0302135292440652,0.1435779780149459,-0.0333365648984909,-0.2754207253456116,0.1340381950139999,0.2342955619096756,0.0899140015244484,-0.5219250917434692,-0.6654869318008423,0.0077134659513831,-0.0145145282149314
-0.0208002869039773,0.2517246901988983,-2.458946983097121e-05,0.0005178566207177937,-0.0080402102321386,0.0235294494777917,0.1897996664047241,-0.2437024563550949,-0.0548126474022865,0.0891057774424552,-0.1181771606206893,-0.0131691303104162,-0.0289238411933183,0.0453702248632907,0.0328205525875091,-0.0482484437525272,-0.0573823973536491,0.1021370738744735,0.0492659695446491,0.7006407976150513,1.3776026964187622,-0.0190692190080881,-0.0145145282149314
0.0453165471553802,1.4149197340011597,-2.2772532247472554e-05,-0.0288862604647874,0.0521142370998859,-0.3377934992313385,-0.3703770339488983,-0.1706296652555465,-0.0407199636101722,0.1629346311092376,0.0852844640612602,-0.0159388184547424,0.0272774249315261,-0.046011459082365,-0.0286958962678909,0.0108551904559135,6.034017860656604e-05,-0.1002663820981979,-0.0299910809844732,-0.4927682280540466,-0.7490123510360718,-0.0183860380202531,-0.0145145282149314
0.0641344934701919,0.1130693331360817,-2.322077489225194e-05,0.0027893099468201,0.0510543324053287,0.0316436775028705,0.2141904383897781,0.0299726631492376,-0.0651256367564201,0.0901044011116027,0.0640449523925781,-0.0515866316854953,0.0751913636922836,0.1274957954883575,0.0268300045281648,0.0613548755645751,0.0766709968447685,0.3219003975391388,0.0080049326643347,0.7428386211395264,1.4898126125335691,0.0197566039860248,-0.0145145282149314
0.1167573705315589,1.2384244203567505,-6.695991032756865e-07,0.0070587028749287,-0.0935768410563469,-0.1137246116995811,0.0495269559323787,0.1012183129787445,-0.1312734335660934,0.0023603588342666,0.2053977996110916,-0.0425238087773323,0.0069939857348799,-0.1111161559820175,-0.0247466433793306,-0.3987389802932739,-0.0245504043996334,-0.0691257491707801,-0.0052493121474981,-0.547187864780426,-0.796756386756897,-0.0561640597879886,-0.0145145282149314
0.0489531941711902,-0.1529233008623123,-8.818446076475084e-05,0.0079417675733566,-0.1081183403730392,0.0285887997597455,-0.3862546980381012,-0.085624374449253,-0.0371848568320274,0.1420446038246154,-0.1820921301841735,-0.1144720539450645,-0.0094834165647625,-0.129905104637146,-0.128574788570404,0.0890828818082809,0.0446556210517883,-0.3245740830898285,-0.1400481313467025,-0.5036012530326843,-0.753887414932251,0.0378762669861316,-0.0145145282149314
0.030055483803153,-1.1188534498214722,-0.00022715504746884108,0.0011030089808627,-0.0863539278507232,0.0001098330394597724,-0.2056290507316589,-0.1089205592870712,-0.0781633183360099,-0.1387678980827331,-0.2595133185386657,-0.0513744428753852,0.0289125069975852,-0.1284303665161132,-0.0760428234934806,0.0893126055598259,-0.0079670809209346,-0.0350601822137832,0.0012867491459473,-0.4925520420074463,-0.8063496351242065,0.0082992287352681,-0.0145145282149314
0.0385054387152195,-2.29701828956604,0.00048085767775774,0.0060014529153704,-0.0326637141406536,-0.0616194084286689,-0.1544423848390579,-0.0948777720332145,-0.1137052625417709,-0.1072395220398902,-0.2462823837995529,-0.0144947795197367,-0.0417356640100479,-0.0905983224511146,-0.0064545283094048,-0.0456954166293144,0.0094393249601125,-0.0482231080532074,-0.0724398419260978,-0.4969434142112732,-0.8552900552749634,0.0079585500061512,-0.0145145282149314
-0.0316576808691024,-1.3737930059432983,-5.092791980132461e-06,0.0029510287567973,-0.0183357205241918,0.1919465959072113,-0.1645934283733368,-0.1140130758285522,-0.0540022924542427,-0.1131122633814811,-0.2493544816970825,-0.0378152690827846,0.0340020358562469,-0.1135181561112403,-0.0686666071414947,0.0657491609454155,0.0426185838878154,-0.2004321366548538,0.0586159639060497,-0.4059205949306488,-0.700286328792572,0.0073300972580909,-0.0145145282149314
0.0763353779911995,-1.7713711261749268,-0.0002443701378069818,0.0014998692786321,-0.0605670362710952,-0.0084882341325283,-0.0926499590277671,-0.1136543378233909,0.2154605388641357,0.2118196487426757,-0.2968018651008606,-0.041139792650938,-0.0068605337291955,-0.1827865988016128,-0.0594084784388542,-0.1292848140001297,-0.0056122387759387,-0.2814812362194061,-0.156353548169136,-0.4245412945747375,-0.7917492985725403,0.0567577965557575,-0.0145145282149314
0.041048027575016,0.7807881236076355,-3.625825047492981e-05,0.0070445979945361,0.0034463580232113,0.0610464550554752,0.2743819653987884,-0.0625050067901611,-0.0389886163175106,0.061464324593544,-0.2685190737247467,-0.000475187785923481,0.0555777363479137,-0.0316767282783985,-0.0275806449353694,-0.3563577532768249,0.0567589662969112,-0.0729471817612648,-0.0199530385434627,-0.5937209129333496,-0.7770904302597046,0.0176416561007499,-0.0145145282149314
0.0742407664656639,1.0513513088226318,-1.843094287323765e-05,0.0056504770182073,0.0085408650338649,-0.1622891873121261,-0.3235068321228027,-0.1308135688304901,0.0519871525466442,0.1984483301639557,0.0897231921553611,0.0054697226732969,-0.1005890667438507,0.0214478652924299,-0.0466938689351081,-0.1933605521917343,0.1544147282838821,0.5827112197875977,-0.0236110240221023,0.6056929230690002,-0.150174543261528,-0.0480186082422733,-0.0145145282149314
0.0373424999415874,1.2178966999053955,-5.8524528867565095e-05,-0.0059881242923438,-0.0333754532039165,0.0645324811339378,-0.0101183028891682,0.1022788658738136,-0.0020769808907061,-0.0215305145829916,-0.10903862118721,-0.0164213832467794,-0.1374387145042419,-0.020811416208744,0.0279114618897438,0.0605221726000309,0.0287978257983922,0.0585368536412715,0.0075850416906178,0.7391313314437866,1.287032961845398,0.0154971303418278,-0.0145145282149314
0.007995837368071,-0.2836043238639831,-5.583761958405376e-05,0.0048678293824195,0.0221306774765253,0.0155892418697476,-0.1329440921545028,-0.0192829351872205,0.0190838631242513,-0.0306013729423284,-0.1099264100193977,-0.0596898309886455,0.0011643875623121,-0.1759368926286697,-0.0611540079116821,0.0429542325437068,0.0241476874798536,0.1061226651072502,0.478661447763443,-0.4247098863124847,-0.6743308305740356,0.0089814895763993,-0.0145145282149314
0.0056123035028576,-0.6472107172012329,-1.0406729415990412e-06,0.0031526240054517,-0.1390495896339416,0.0690169259905815,0.2963938415050506,0.960951566696167,-0.1178409457206726,-0.0934861600399017,0.5691706538200378,0.1225953549146652,0.043552991002798,0.2598671317100525,0.0206617172807455,0.3819795250892639,0.0060150125063955,-0.3659703731536865,-0.0604943297803401,-0.3675924837589264,-0.4483268857002258,0.0171853546053171,-0.0145145282149314
-0.0160153321921825,-0.0531221739947795,2.7096510166302323e-05,-0.004505147691816,0.2677953243255615,0.0465189218521118,-0.0698271691799163,-0.2092404067516327,-0.0382751077413558,-0.1468600481748581,-0.2206482142210006,0.3219251930713653,0.0460969805717468,0.2285871505737304,-0.0223873313516378,0.0335003063082695,-0.0129230199381709,-0.0369287468492984,-0.0503052994608879,-0.4840799272060394,-0.6384426355361938,-0.0017363067017868,-0.0145145282149314
-0.0080786757171154,0.7725002765655518,-1.274914393434301e-05,0.0033107765484601,-0.0072594275698065,0.0355972610414028,0.2367030084133148,0.1756005138158798,-0.0520102195441722,-0.0426001027226448,0.2041383981704712,0.0779676586389541,0.0502840727567672,0.0832583755254745,-0.0086245378479361,0.0702925324440002,-0.0544789023697376,0.140843465924263,-0.0255278944969177,0.6252909302711487,1.6164333820343018,-0.0038226679898798,-0.0145145282149314
0.0116361491382122,-2.3671083450317383,3.67803149856627e-05,-0.0012862471630796,-0.0144253876060247,0.0256640277802944,-0.1646955907344818,-0.1214994639158248,-0.0511971190571785,0.1547763645648956,-0.2387161403894424,0.0038168418686836,0.0325027666985988,-0.0531197637319564,-0.015281775034964,0.0082288365811109,0.019894553348422,-0.0869192630052566,-0.0672982782125473,-0.4901475012302398,-0.844833493232727,0.0057210410013794,-0.0145145282149314
-0.0106016127392649,0.0808978229761123,-9.37383811105974e-06,0.0043719909153878,0.2972156107425689,-0.2405831813812255,-0.4304833710193634,-0.1934257596731186,0.0277265645563602,0.1821130812168121,0.1322948336601257,0.0983188450336456,-0.0613145492970943,0.1838264316320419,-0.0090372888371348,-0.2521359324455261,-0.0199899487197399,-0.4104035198688507,-0.1160192638635635,-0.492721676826477,-0.562788188457489,-0.0469756312668323,-0.0145145282149314
0.0085642794147133,0.3605578243732452,-2.0130530174355957e-05,0.0021704095415771,-0.1373264491558075,-0.0045589334331452,0.2884237766265869,0.1798723936080932,0.0632436200976371,-0.1046758070588111,0.1848514825105667,0.1070631146430969,0.0245455279946327,0.0933754369616508,-0.0397606566548347,-0.1675564646720886,0.0217422191053628,-0.1324403434991836,-0.1383200734853744,0.6170792579650879,-0.226198524236679,-0.0155514935031533,-0.0145145282149314
0.0440525859594345,0.5221160650253296,-2.5869987439364195e-05,0.0036203216295689,-0.0397240370512008,-0.4455077648162842,0.1788700073957443,0.193874716758728,-0.0204557664692401,0.0479592978954315,0.1383784711360931,0.0255475454032421,-0.1317700296640396,0.0219431072473526,0.0342043824493885,0.0578191727399826,-0.0181686431169509,0.0019019125029444,-0.0315404869616031,0.5006464123725891,0.647371768951416,0.0297477189451456,-0.0145145282149314
-0.0361099876463413,-1.699226140975952,-3.6474186345003545e-05,0.0017423982499167,0.0197917390614748,0.0816040337085723,-0.0727420821785926,-0.1445072144269943,-0.0258522778749465,-0.1334042251110077,-0.3415510654449463,0.0050080958753824,0.0200348049402236,0.2101553231477737,-0.0216191951185464,-0.0973348170518875,-0.0183620676398277,-0.2825964987277984,-0.1640135496854782,-0.4064603149890899,-0.7253226637840271,-0.000941766775213182,-0.0145145282149314
-0.0293726827949285,-0.0342652909457683,-1.595785579411313e-05,0.0051326733082532,0.0458127744495868,-0.0367480553686618,-0.3097164630889892,-0.0790870040655136,-0.0371245518326759,-0.0007817214354872704,0.0988187715411186,-0.0913524851202964,-0.0910461843013763,-0.1526231616735458,-0.0290975645184516,-0.2131503075361251,0.1804320514202118,-0.3759224712848663,-0.1029093340039253,-0.508511483669281,-0.7270911335945129,-0.0407755970954895,-0.0145145282149314
0.0080245174467563,1.401514768600464,-3.3137534046545625e-05,-0.0117538245394825,0.1305306404829025,0.0466917604207992,0.1838197857141494,-0.1676461994647979,-0.0169031359255313,0.0756266638636589,-0.2756240367889404,0.0385643579065799,0.0881988853216171,0.1155780106782913,0.0032130260951817,0.0965074077248573,-0.0019112661248072,0.0006360982079058886,-0.0218552220612764,-0.4585417807102203,-0.6779724359512329,-0.0022336451802402,-0.0145145282149314
0.0179171841591596,0.378706693649292,-2.229390520369634e-05,-0.0098136998713016,0.0588096305727958,0.1066324412822723,0.2961739301681518,-0.1091829538345336,-0.0808472707867622,0.1164168864488601,-0.0972195714712143,0.043612290173769,0.0865406095981597,0.0599664002656936,-0.0051311664283275,0.1330123543739318,0.0237471237778663,-0.0013891048729419,-0.0082555999979376,-0.5603321194648743,-0.7656297087669373,0.0041494295001029,-0.0145145282149314
0.0457741469144821,0.2785749435424804,-4.431902198120952e-06,0.0056984727270901,0.000735302921384573,-0.2334589064121246,0.3792262375354767,-0.0826761499047279,0.0236481744796037,0.0277626160532236,-0.0531422086060047,-0.0403618514537811,0.0242147743701934,0.073298193514347,0.0040006311610341,-0.0013916397001594,-0.0667233914136886,0.3611381947994232,0.1155222430825233,-0.5175451040267944,-0.6330945491790771,-0.0042496328242123,-0.0145145282149314
-0.0472764112055301,1.2886043787002563,-2.4988628865685317e-05,0.0074942777864634,-0.0215704571455717,0.1371158212423324,-0.1687077432870865,0.1057954877614975,0.1590504199266433,0.2320514321327209,0.0649684444069862,0.0440546870231628,-0.0121392924338579,0.1732014417648315,-0.021294904872775,0.0697147697210311,0.0369047559797763,0.1223023757338523,-0.0146106034517288,-0.5017277002334595,-0.6338107585906982,0.0124454889446496,-0.0145145282149314
0.0089922221377491,0.8683961033821106,-2.5453751732129604e-05,0.0026446131523698,0.0717348307371139,0.0247736182063817,0.1419096291065216,0.1954814344644546,0.1125657856464386,0.0581461451947689,0.2794526219367981,0.1050967425107956,0.0305481143295764,0.1029332131147384,0.0385627001523971,0.0962202996015548,0.0237571969628334,-0.0614087544381618,-0.0039717676118016,0.6155791878700256,2.300467729568481,0.0299668926745653,-0.0145145282149314
0.0308432523161172,0.3627423048019409,-3.964715142501518e-05,0.003959170076996,0.1102500110864639,0.036595270037651,-0.0110641485080122,0.2040272206068039,-0.0047008972615003,0.0869082063436508,0.3248180747032165,-0.0490757338702678,0.0033371592871844,0.0440661944448947,0.0297929514199495,0.1688592582941055,0.1063683703541755,0.1285009831190109,-0.0656117498874664,0.6998600363731384,2.042773485183716,0.0549535416066646,-0.0145145282149314
-0.006203141529113,-2.2791731357574463,-5.701513146050274e-05,-0.0051490738987922,0.1374183595180511,0.1613565236330032,-0.2507516145706177,-0.129788339138031,-0.0427665933966636,0.0682729631662368,-0.2968734800815582,-0.0845907628536224,-0.0683969408273696,-0.132876917719841,-0.0338688939809799,-0.0449796430766582,0.0176556352525949,-0.0664300546050071,-0.0650222897529602,-0.4768485426902771,-0.7085320353507996,0.0069683035835623,-0.0145145282149314
0.0439132899045944,0.1131189092993736,-1.9059873011428863e-05,0.0019147602142766,-0.0045689633116126,-0.0998278260231018,0.2385096848011016,0.0542393550276756,-0.0129553182050585,-0.2930652201175689,-0.2003945857286453,-0.0408170856535434,0.0677721872925758,0.0132731553167104,-0.005161833949387,-0.1075700521469116,-0.0676804110407829,0.4551741480827331,0.0810368135571479,0.8471917510032654,2.026421070098877,-0.0283558554947376,-0.0145145282149314
-0.037568274885416,0.9469910264015198,-5.222267645876855e-06,0.0065338648855686,0.0333622880280017,0.0685813799500465,-0.1166422814130783,0.0035245504695922,0.0448354594409465,0.0133016388863325,-0.1013575866818428,0.0267387740314006,-0.0690777823328971,0.122218832373619,-0.0803985670208931,0.230797454714775,-0.0263493489474058,0.0694702118635177,0.0069223721511662,0.7404296398162842,-0.0064859753474593,0.0214637331664562,-0.0145145282149314
-0.023140013217926,0.4770861864089966,-2.4128232325892892e-05,0.0024108362849801,-0.0510522462427616,0.0293327439576387,-0.1740005910396576,-0.012256902642548,-0.0285377521067857,0.0070890430361032,0.1337219625711441,0.0541999638080596,-0.0323212146759033,0.048315554857254,-0.0389008820056915,0.1327423453330993,-0.0061246803961694,0.3950987756252289,-0.0052176341414451,0.6771800518035889,0.6305010914802551,0.0080947270616889,-0.0145145282149314
0.0586641170084476,0.836063802242279,3.1907173251966015e-05,0.0039577209390699,0.0334845595061779,-0.2247709929943084,0.363288938999176,-0.13481967151165,-0.1036704033613205,0.0049007893539965,0.1609778106212616,-0.0022880425676703,0.0057591847144067,-0.043559480458498,0.0042853937484323,-0.3321881294250488,-0.0833751484751701,0.6111060380935669,0.1871397495269775,-0.4855797886848449,-0.6960483193397522,-0.0482052043080329,-0.0145145282149314
0.0143659161403775,0.265134334564209,-0.00010251501225866376,-0.0042537963017821,-0.0500594489276409,0.0627020522952079,-0.1490188837051391,0.251692533493042,-0.0432294979691505,-0.0456745438277721,0.1536714434623718,-0.0770223587751388,-0.2590987682342529,-0.1309256851673126,-0.094977855682373,0.0395542308688163,-0.0397715792059898,-0.0268430430442094,-0.0449257418513298,0.6548874378204346,0.4429398477077484,-0.0172010473906993,-0.0145145282149314
-0.0940408930182457,1.2705765962600708,-2.722381759667769e-05,0.0045034331269562,0.0678783953189849,0.195171520113945,0.0507183000445365,-0.1057623475790023,-0.0304036047309637,0.0250447839498519,0.0489481836557388,-0.0674549639225006,-0.0368022955954074,0.1342182904481887,0.0138188265264034,-0.2543379664421081,-0.0505641959607601,0.1932212859392166,-0.0551839508116245,-0.4925967156887054,-0.7616714239120483,-0.1216900646686554,-0.0145145282149314
0.0093346359208226,0.5006662607192993,-2.992872759932652e-05,0.0082173738628625,-0.0134354224428534,-0.0552655160427093,-0.1313636898994445,0.2308239340782165,-0.0185585692524909,-0.0259399488568305,0.2633286118507385,-0.0300626903772354,-0.0017280131578445,-0.022215062752366,0.0428242795169353,0.106406383216381,-0.0312415622174739,0.0428076796233654,-0.0177273862063884,0.6563875079154968,0.5287716388702393,-0.0021770268213003,-0.0145145282149314
0.010632999241352,1.5514395236968994,6.252487219171599e-05,0.0377376340329647,0.1525211334228515,0.1839073002338409,-0.2461168617010116,-0.0337302796542644,0.1029468923807144,0.0313235186040401,-0.1527789682149887,-0.0424780435860157,-0.0093727214261889,0.144973874092102,-0.0152934286743402,0.3204359710216522,0.0479517504572868,0.0116960285231471,-0.0237071625888347,-0.4227725267410278,-0.5368230938911438,0.0112114762887358,-0.0145145282149314
0.0237897131592035,0.9454004764556884,-1.936425542226061e-05,0.0029997567180544,0.0560333915054798,0.0654540732502937,0.2466730624437332,0.2170222252607345,0.1398683190345764,-0.2228555232286453,0.2969858646392822,0.1596090495586395,0.0891378000378608,0.0818440243601799,-0.0056164022535085,0.0861112028360366,0.0100020729005336,0.5722529888153076,-0.0102302655577659,0.5735019445419312,1.240617275238037,0.0240364503115415,-0.0145145282149314
0.0183805748820304,-0.094283327460289,-3.6461926356423646e-05,0.0034798115957528,-0.0207925979048013,0.0912608578801155,-0.1683513075113296,0.2965404391288757,-0.0100071281194686,0.1463600993156433,0.3490923047065735,0.0300040375441312,-0.0665312632918357,0.3389001488685608,0.0364092662930488,0.3026057481765747,0.0771732702851295,0.2402239441871643,0.0224950462579727,-0.3980904817581177,-0.5228075981140137,0.0772379860281944,-0.0145145282149314
0.0386190749704837,-1.5065900087356567,-3.0356728530023247e-05,0.0030227003153413,-0.0373787730932235,0.0314084514975547,-0.2821752727031708,-0.1378346532583236,0.0265348814427852,0.0791255235671997,0.1760388910770416,-0.0669286698102951,-0.0704105719923973,-0.2133136838674545,0.0281034298241138,0.3655401766300201,0.068070575594902,0.0329068712890148,0.3163889944553375,-0.4208145141601562,-0.6542589664459229,0.0348405949771404,-0.0145145282149314
0.029001260176301,1.0146089792251587,-2.4130822566803545e-05,0.0032345475628972,-0.0601242519915103,0.0276288837194442,0.1082134842872619,-0.1969243139028549,-0.0367116406559944,0.0341908074915409,0.1541784256696701,0.0392771773040294,0.0737394541501998,0.0316809900104999,0.0938644334673881,-0.114395298063755,0.0091715054586529,0.3280281126499176,-0.0659803971648216,0.6858426928520203,0.7452371716499329,0.0123248733580112,-0.0145145282149314
0.0954221040010452,-1.740333914756775,-5.975515523459762e-05,0.0010461605852469,-0.0556366555392742,0.0062026930972933,0.1485239863395691,-0.1454492062330246,-0.0188848339021205,0.0373386070132255,-0.2354009449481964,-0.02382986061275,0.0589333362877368,-0.0838495790958404,0.0259369406849145,-0.1493197530508041,-0.040802463889122,-0.3465767502784729,-0.2421884685754776,-0.4059115946292877,-0.740959882736206,-0.0197057612240314,-0.0145145282149314
0.0407164990901947,0.3401485085487366,-2.6992485800292343e-05,0.0030088312923908,-0.0345141775906086,-0.0907217487692833,-0.0288916248828172,-0.0645323023200035,0.0043325759470462,0.0405210517346859,0.0226527322083711,0.0532071255147457,-0.1602209955453872,0.0027132863178849,0.0528194531798362,0.1006554365158081,-0.0754922032356262,0.0590571127831935,0.0413215830922126,0.859653890132904,-0.0532598160207271,0.0786593630909919,-0.0145145282149314
-0.013806976377964,0.7120424509048462,-8.587594493292272e-06,0.0036078905686736,0.2595288455486297,0.1296945959329605,0.1123265549540519,-0.0694368705153465,0.019967122003436,-0.2599081099033355,-0.3244701325893402,-0.0067617488093674,-0.023553404957056,-0.0817203968763351,-0.0718075484037399,0.2855690419673919,-0.0108393933624029,0.3740600645542145,0.0690900161862373,-0.4665482342243194,-0.5927749872207642,0.0610963329672813,-0.0145145282149314
0.0057362089864909,0.3179728388786316,-1.954617619048804e-05,0.0016764333704486,-0.0489791855216026,0.0418078936636447,-0.0784786120057106,-0.0590438172221183,-0.0606027729809284,0.0261043645441532,-0.1076873987913131,-0.0828961208462715,0.0250625945627689,0.0012789880856871,0.011348994448781,0.0719300583004951,0.0165746174752712,0.2747379243373871,-0.0777017921209335,0.6938402056694031,1.5900819301605225,0.0127626862376928,-0.0145145282149314
-0.1154896691441536,1.0824635028839111,-2.942214632639661e-05,0.0044824932701885,-0.0672273933887481,-0.0285871904343366,0.2118363827466964,-0.0037288842722773,-0.033743217587471,0.0156100252643227,0.0959029719233512,-0.0426009185612201,0.0648739114403724,0.0013663879362866,-0.0216813329607248,-0.0856158062815666,-0.0522097051143646,0.0660866871476173,-0.030270354822278,0.7058169841766357,-0.1023393347859382,-0.0145508702844381,-0.0145145282149314
0.0027644948568195,1.1281157732009888,-4.279519635019824e-05,0.0053888135589659,-0.0810012146830558,0.036521915346384,-0.3121371567249298,-0.015624257735908,-0.0175303108990192,0.0399219840764999,0.1205263957381248,-0.1142941489815712,0.0150126777589321,-0.0722688362002372,-0.1181460842490196,0.0487429425120353,0.0135909747332334,0.3827123045921325,-0.0252931360155344,0.5870004296302795,0.5600146055221558,-0.0044793663546442,-0.0145145282149314
-0.0142935495823621,-1.4535969495773315,-6.096156721469015e-05,0.0019335120450705,-0.1145248860120773,0.0849692821502685,-0.1386938244104385,0.0077991019934415,-0.0225433725863695,0.0425456576049327,-0.1276900917291641,-0.05858114361763,-0.0017380451317876,-0.165262833237648,-0.0973398610949516,-0.1510384529829025,0.0374386496841907,0.0498894713819026,0.025214921683073,-0.4979643821716308,-0.7582211494445801,-0.0316551178693771,-0.0145145282149314
0.0125123737379908,-0.9438079595565796,-0.0002056987723335624,0.0071158469654619,0.0103133097290992,-0.0102862305939197,-0.3494069576263428,0.0676800161600112,0.0278599970042705,0.2024449557065963,0.1217887848615646,-0.0502300299704074,0.0243940893560647,-0.1222375109791755,-0.0010725361062213,0.0701358765363693,0.0068348199129104,0.0142987053841352,0.026000864803791,0.7591109275817871,-0.1595460772514343,0.0017098913667723,-0.0145145282149314
0.0070079658180475,0.8639435172080994,-1.310459992964752e-05,0.0041407439857721,0.0216871257871389,-0.1589846611022949,0.0966692566871643,0.2085223793983459,-0.0405758172273635,0.0117913661524653,0.2008441835641861,-0.0010541966184973,0.0681702345609664,0.0146061992272734,-0.0304015930742025,0.0505186729133129,0.023852415382862,0.4026895761489868,0.0240040905773639,0.6377019882202148,1.7821511030197144,0.0041285743936896,-0.0145145282149314
0.0039702975191175,-2.0760223865509038,-0.000619573169387877,-0.0014970925403758,-0.0229063183069229,0.0027015514206141,0.1557565033435821,-0.1690661311149597,-0.0291117895394563,-0.0874797999858856,-0.181738331913948,-0.0882845073938369,0.0396556369960308,-0.1544172912836074,0.0111299064010381,-0.0168669503182172,0.0234178081154823,-0.0043125315569341,-0.0822569876909256,-0.5004607439041138,-0.7881930470466614,8.319373591803014e-05,-0.0145145282149314
0.0133179128170013,-2.167442321777344,-1.9279403204564005e-05,0.0024822205305099,-0.2080606818199157,0.0757321566343307,-0.2365712225437164,-0.1572785377502441,-0.0776338353753089,0.025199307128787,-0.0077803577296435,-0.0346261449158191,-0.0798655599355697,0.0636320635676384,0.0567213520407676,-0.1115041375160217,-0.0480800196528434,-0.2671416401863098,-0.1738223433494568,-0.4237257242202759,-0.785192608833313,-0.0094899451360106,-0.0145145282149314
0.0101335393264889,0.5600964426994324,-2.366734406678006e-05,0.0029336591251194,0.0521445162594318,-0.0208377037197351,-0.2734128832817077,-0.0901834964752197,-0.0397741347551345,0.1343029588460922,-0.0387341491878032,-0.014042523689568,0.0164489857852458,-0.0529378652572631,-0.0334601178765296,-0.2112854868173599,0.1776265501976013,0.7411920428276062,0.0126824416220188,-0.4956459999084472,-0.7381213903427124,0.0273143965750932,-0.0145145282149314
0.0015510458033531,-0.0249242484569549,-1.0221232514595611e-05,0.0027088387869298,-0.0041729318909347,-0.0132898585870862,0.0440430827438831,0.2414971739053726,-0.0219306275248527,0.0064534242264926,0.097962699830532,-0.0901566669344902,0.0019060673657804,-0.0048043089918792,0.021168140694499,0.0906580165028572,-0.0595658682286739,-0.5061315894126892,0.0303996838629245,0.7160635590553284,2.099151611328125,-0.0014252043329179,-0.0145145282149314
0.0193156022578477,1.173496961593628,-3.226073749829084e-05,-0.0211221165955066,0.0480930432677269,0.0854478329420089,-0.3676919341087341,-0.0129318227991461,-0.0061851125210523,-0.1248303577303886,-0.0460190214216709,0.001161916879937,0.2683421373367309,-0.1352527886629104,0.002743822755292,0.0469899959862232,0.0197568386793136,0.0244495011866092,-0.0073749567382037,0.7474139928817749,0.0333214774727821,-0.0071901776827871,-0.0145145282149314
0.009590720757842,0.5656333565711975,-1.3455082807922736e-05,0.0019360536243766,0.0256971251219511,0.0415195561945438,0.1502539813518524,0.040179293602705,0.0612218752503395,0.1315895467996597,0.0783967152237892,0.2438021600246429,0.0523033440113067,0.1273879557847976,-0.0006731842295266688,0.0774092674255371,0.0289044640958309,-0.2731976211071014,-0.0207918640226125,0.7439146041870117,1.6416943073272705,0.0283858999609947,-0.0145145282149314
0.0220435578376054,1.172202467918396,-3.149511030642316e-06,0.0107068279758095,0.1692106276750564,0.0592742078006267,-0.3963890671730041,0.18361596763134,-0.0014477444346994,0.0954079180955886,0.4643740653991699,0.2819433510303497,-0.0428734235465526,0.168808102607727,-0.0038839110638946,0.0433509536087513,0.062385931611061,-0.3856455385684967,-0.056962925940752,-0.4021318852901459,-0.586750328540802,0.0237574148923158,-0.0145145282149314
0.0226060003042221,-0.165025532245636,9.878895070869476e-07,0.0035888680722564,0.0141913658007979,0.2064873576164245,-0.418722927570343,-0.094736099243164,-0.0393615998327732,-0.0515667423605918,-0.128948837518692,0.3606894612312317,0.0421902984380722,0.232718288898468,0.0172790717333555,-0.1332811117172241,0.0006648057023994625,-0.3138139843940735,-0.1544662714004516,-0.4300962090492248,-0.5951929688453674,-0.0137173421680927,-0.0145145282149314
0.010465289466083,0.2446574568748474,-3.393397491890937e-06,-0.0026745495852082,0.025353904813528,-0.19452965259552,0.1406900733709335,0.1571952551603317,-0.0179057028144598,-0.0412675105035305,0.2109641432762146,-0.0494359172880649,-0.0348081663250923,0.0878702029585838,-0.0234124008566141,0.0363726168870925,0.0045583234168589,0.117196038365364,0.0504180267453193,0.6704501509666443,1.8992626667022705,-0.0026978452224284,-0.0145145282149314
-0.0020589129999279,0.0262833070009946,-1.9255072402302176e-05,0.0023655004333704,0.0110531393438577,0.0408925600349903,0.1954324841499328,-0.0206504594534635,-0.0169780049473047,0.0292741879820823,-0.1578578203916549,0.1022223681211471,0.0260777864605188,0.1141834631562233,0.0174735598266124,0.0227167718112468,-0.0119112050160765,0.2323338091373443,0.2241139262914657,0.76149982213974,1.893376708030701,-0.0149345668032765,-0.0145145282149314
0.0250940266996622,0.1987905949354171,5.142101872479543e-05,-0.0017824366223067,0.0132945189252495,-0.0356034077703952,0.4284303784370422,-0.1266849189996719,-0.0015798354288563,-0.1494701653718948,-0.2306454181671142,-0.0515097491443157,0.055588312447071,-0.0601888857781887,-0.0081415567547082,-0.2684018909931183,-0.0422970876097679,-0.0004165540740359575,0.000880106701515615,-0.6076236963272095,-0.8371090292930603,-0.0280191805213689,-0.0145145282149314
-0.1104528829455375,1.2396061420440674,-3.49392430507578e-05,0.0046140016056597,-0.2100766897201538,0.15214903652668,-0.1108395159244537,0.0173514205962419,0.3084626793861389,0.2377186566591262,0.1603335738182068,0.0124328210949897,0.0241621788591146,0.0695326179265976,0.012116820551455,-0.0592077784240245,0.0934603810310363,0.5321548581123352,-0.0264012832194566,-0.4367576539516449,-0.6171075105667114,0.0137715572491288,-0.0145145282149314
-0.0310824029147624,-0.1947927325963974,1.066889672074467e-05,0.0046280440874397,-0.0195823069661855,0.1337615102529525,0.3938698768615722,-0.1413992494344711,0.066685564815998,-0.3628472089767456,-0.2764118313789367,-0.0789875835180282,-0.0160678569227457,-0.0357088819146156,-0.0008134685340337455,-0.0539190582931041,-0.0309887807816267,-0.0376236252486705,-0.0139296362176537,-0.5736218690872192,-0.758339524269104,-0.0045649665407836,-0.0145145282149314
0.0080137755721807,0.8216949701309204,-2.981872239615768e-05,0.0046230722218751,0.0349501594901084,0.0376374535262584,-0.0015447752084583,0.2707856595516205,0.1579727828502655,0.0448181927204132,0.2249749153852462,0.2308288812637329,0.0318713411688804,0.0849561914801597,0.0471586883068084,-0.02421903796494,-0.0338441394269466,0.0470767319202423,0.0044690850190818,0.5231565833091736,1.58878755569458,-0.0079784542322158,-0.0145145282149314
-0.017699746415019,-2.213041305541992,0.0010848353849723,-0.0072576580569148,-0.0359993390738964,-0.0796637684106826,-0.1537766754627227,-0.13484488427639,-0.1293668150901794,-0.1636197566986084,-0.2660587728023529,-0.0179674942046403,-0.0513131134212017,-0.0876725018024444,0.0031776458490639,-0.0463890954852104,0.0093090804293751,-0.0597074925899505,-0.0624302327632904,-0.4967143535614013,-0.836522102355957,0.009632077999413,-0.0145145282149314
0.0153892217203974,0.6148993372917175,-9.43318009376526e-05,-0.0093443803489208,-0.1264408975839615,0.0041231582872569,-0.0916174948215484,-0.0920798033475875,0.2268707454204559,0.0120957279577851,0.0717481225728988,0.0191230233758687,-0.1678650230169296,-0.1323368996381759,-0.0303362924605608,0.0671863034367561,0.0315220244228839,-0.0547862350940704,0.0028957242611795,-0.5366733074188232,-0.7658450603485107,0.0076220105402171,-0.0145145282149314
0.0305755250155925,-1.2206429243087769,-3.841263969661668e-05,0.0020893143955618,-0.0114276940003037,-0.0121416877955198,0.0566893368959426,0.1721239984035492,-0.0472684204578399,0.0020872787572443,0.1560750901699066,-0.0680395290255546,-0.026504423469305,0.1589375436305999,0.0221088714897632,0.1181887239217758,-0.0545860156416893,0.1907786279916763,0.1830271780490875,0.6834433674812317,0.4691744446754455,0.0058658435009419,-0.0145145282149314
-0.0427576266229152,1.057748317718506,-2.759387280093506e-05,0.0028357428964227,0.0089387036859989,0.0241943970322608,0.0593910031020641,0.1740189790725708,-0.0685348510742187,0.0585591383278369,0.2446087151765823,-0.0779692307114601,-0.0077696209773421,0.067757062613964,-0.0355761088430881,-0.0479855686426162,-0.0798010528087616,0.0925433114171028,0.0202333275228738,0.646274983882904,1.455517053604126,-0.0204228814691305,-0.0145145282149314
-0.0102580655366182,0.595319390296936,-1.8800445104716346e-05,0.0040258080698549,-0.0271822363138198,-0.1294946670532226,0.1823922097682953,0.015035131946206,0.0086899641901254,0.0868984907865524,0.1349853426218032,-0.049104519188404,0.0225633159279823,-0.0241939350962638,0.0328790768980979,0.2313886880874633,-0.0413747020065784,0.4604718387126922,-0.0559734962880611,0.7183343768119812,1.1826896667480469,0.0437862575054168,-0.0145145282149314
0.0104470569640398,0.5157255530357361,-1.4749581168871371e-05,0.0034398215357214,-0.0366170480847358,-0.069886602461338,-0.0096868788823485,-0.0336077511310577,-0.028428940102458,0.0361112765967845,0.1889987587928772,-0.0620973221957683,0.0679444000124931,-0.0441623106598854,-0.0377382226288318,0.0974595099687576,-0.0866997465491294,-0.3013606071472168,-0.0699461549520492,-0.5311523079872131,-0.8079249262809753,0.0121901389211416,-0.0145145282149314
0.0306940153241157,-1.6216224431991575,-8.962013816926628e-05,0.0044772792607545,-0.0508997030556201,0.083134688436985,-0.213049978017807,-0.0353427864611148,0.0036847568117082,0.0061480742879211,-0.2528204321861267,-0.0143831297755241,0.0831184834241867,-0.0092559615150094,0.0108861066401004,0.4957631826400757,-0.0198231432586908,0.243203654885292,-0.1669396609067917,-0.4279299080371856,-0.6380220055580139,0.0190031453967094,-0.0145145282149314
-0.0174800064414739,-1.7309916019439695,-7.98374239820987e-05,0.0046013751998543,-0.0620143078267574,-0.0433353893458843,-0.1974586248397827,-0.1102669537067413,-0.0826800093054771,-0.1923033446073532,-0.3652920424938202,-0.0126382913440465,0.029113145545125,0.0383249036967754,-0.0147484363988041,-0.0177518334239721,0.0024086867924779,-0.1594203859567642,-0.1313835382461547,-0.4553976058959961,-0.7780630588531494,0.0009411076898686588,-0.0145145282149314
0.0223490204662084,-1.658682346343994,-3.92696529161185e-05,0.002268647076562,-0.0616498105227947,0.2089035809040069,0.2289623171091079,-0.1207609325647354,0.0319805070757865,-0.053868792951107,-0.2552321851253509,-0.0074278754182159,-0.0469711795449256,-0.0493385232985019,-0.0422478280961513,-0.1382147669792175,-0.0361506082117557,-0.0278784707188606,-0.0255746040493249,-0.5325032472610474,-0.8220571279525757,-0.018790690228343,-0.0145145282149314
-0.0086741112172603,0.9013124704360962,-1.0989897418767214e-05,0.0041175847873091,-0.2024743556976318,0.0096222385764122,0.2267068028450012,0.3077070713043213,0.1528782099485397,-0.0070479623973369,0.1478336304426193,-0.0467606931924819,0.024614855647087,0.019933134317398,-0.0201102420687675,-0.0241784825921058,0.0304024200886487,0.0008965274901129305,-0.023112578317523,0.6067994236946106,0.8098925948143005,0.0371180474758148,-0.0145145282149314
-0.0089991195127367,0.3348918557167053,-1.7364483937853947e-05,0.0010206123115494,-0.0610814839601516,0.029570871964097,0.0631737858057022,-0.2740336954593658,-0.0277385078370571,0.1178771778941154,-0.1421769708395004,-0.0148078948259353,-0.0404138416051864,0.0733688473701477,-0.1328885108232498,-0.2918006777763366,0.1243419200181961,-0.1129432916641235,0.0151275722309947,0.7456510066986084,1.7429416179656982,-0.0246604122221469,-0.0145145282149314
-0.0166490245610475,0.1351612955331802,1.1849922884721307e-05,0.0075521767139434,0.1044243052601814,-0.1780947744846344,0.2013767659664154,0.0847511738538742,0.0206266585737466,-0.0121581628918647,0.1586063057184219,-0.0474099367856979,-0.0171658881008625,-0.1564862430095672,-0.0180969592183828,0.0387552864849567,-0.0243216175585985,-0.0509916469454765,-0.0042589083313941,-0.5628337264060974,-0.7423462271690369,0.0006725399871356785,-0.0145145282149314
0.0554021336138248,0.923582911491394,-1.4801280485698952e-05,0.0028246191795915,0.0164264496415853,0.0728187710046768,-0.0168421417474746,0.1789818108081817,0.1822342574596405,-0.1019526049494743,0.2527636885643005,-0.0142998462542891,0.0813129395246505,0.0403256565332412,0.0105883553624153,-0.1254412084817886,0.0710391849279403,0.5118852257728577,-0.0528560206294059,0.5907642841339111,1.4716120958328247,-0.0140691241249442,-0.0145145282149314
0.0060700653120875,1.062603235244751,-2.142509038094431e-05,-0.0062452452257275,-0.1573696881532669,-0.1480592489242553,-0.1579002439975738,0.0447513312101364,-0.0350432395935058,0.1974405199289322,0.0967480018734932,-0.0043658814392983,0.022622738033533,0.0151162035763263,-0.0433003418147563,0.0132002411410212,0.0029686330817639,0.0617066919803619,-0.0203942414373159,0.7075099349021912,1.6319130659103394,-0.0011331101413816,-0.0145145282149314
-0.0145762087777256,0.5922943353652954,-4.2027197196148336e-05,0.0063872151076793,0.0831369087100029,-0.168174922466278,-0.4252474009990692,-0.0271039046347141,0.1872412860393524,0.2420475780963897,0.0327426306903362,-0.0728684142231941,0.091627687215805,-0.1955612897872924,0.0067019965499639,0.0374005511403083,-0.0560315325856208,0.2367890179157257,0.0791059583425521,-0.5060951113700867,-0.6756579875946045,0.015970017760992,-0.0145145282149314
-0.0132298292592167,-1.6303260326385498,-0.0004169707535766065,-0.0032828084658831,-0.0275015551596879,0.0519411191344261,-0.2325139194726944,-0.1615082323551178,-0.0302144959568977,0.1691038310527801,-0.2928839325904846,-0.0350462831556797,-0.0094010969623923,-0.1349547207355499,-0.0099010653793811,0.0711261853575706,0.0174083597958087,-0.0495747998356819,-0.0328445620834827,-0.4961062669754028,-0.7837846279144287,0.0376647263765335,-0.0145145282149314
-0.0152705814689397,-2.324824810028076,0.00048085767775774,0.0008929464966058731,-0.0249277465045452,-0.0804426670074462,-0.1534668505191803,-0.1033415123820304,-0.117812730371952,-0.1165767684578895,-0.2633676826953888,-0.0157448854297399,-0.0532900281250476,-0.0985262542963028,-0.001460685278289,-0.0468490533530712,0.008263194002211,-0.0558876171708107,-0.0656197592616081,-0.4963891208171844,-0.8417344689369202,0.0077302348800003,-0.0145145282149314
0.0303958300501108,0.3284271359443664,-5.906642763875425e-05,0.0137241063639521,-0.0950605794787406,-0.0513518154621124,0.4751005172729492,-0.0419238843023777,-0.0142227625474333,0.085069328546524,0.2964003682136535,-0.0588387139141559,0.0334154665470123,-0.1533445715904235,-0.0012965642381459,0.5866747498512268,-0.0278259739279747,0.2117965221405029,-0.0194707456976175,-0.4843133389949798,-0.6730175018310547,0.0957754924893379,-0.0145145282149314
0.0251941084861755,0.92690247297287,-1.3770957593806088e-05,0.0084086572751402,0.0335994102060794,0.1229995936155319,-0.3940116465091705,0.0717081427574157,-0.0196144245564937,0.1797537952661514,0.218620479106903,0.0362391658127307,-0.0360853001475334,-0.0042526521719992,-0.1022185906767845,-0.2109735310077667,0.102411463856697,0.6586761474609375,0.0086226174607872,0.5523137450218201,0.6532125473022461,0.0182817839086055,-0.0145145282149314
-0.0620508082211017,-0.1592088639736175,-4.618409730028361e-05,0.0037751810159534,-0.0158347301185131,-0.1577716767787933,0.2307372540235519,-0.0423659645020961,-0.050147108733654,0.0451132170855999,0.1846455633640289,-0.0129243172705173,0.0199488829821348,-0.1446212381124496,0.1427903473377227,0.0742124691605568,-0.0265749506652355,0.3651974499225616,0.4846667051315307,-0.4271363019943237,-0.6021524667739868,-0.0020792337600141,-0.0145145282149314
0.0408311523497104,-1.4088976383209229,-2.7038906409870837e-05,0.0020958674140274,-0.0914019718766212,-0.0086471447721123,0.3298594057559967,-0.1007428020238876,-0.0092114387080073,-0.1078282818198204,-0.1737697273492813,0.4807120263576507,0.0441718995571136,0.2537748515605926,-0.0032625894527882,-0.1941022127866745,-0.0184724926948547,-0.4438641667366028,-0.1045524179935455,-0.4180261194705963,-0.6864110231399536,-0.0046052257530391,-0.0145145282149314
-0.00016849199892021716,0.5647774934768677,-1.0427254892420024e-05,0.0018858211115002,-0.0345952957868576,0.0610947906970977,0.2046102285385131,0.0385468266904354,-0.009482710622251,0.0084650665521621,-0.0940332040190696,0.1906057745218277,0.023897124454379,0.0853478088974952,0.0415531210601329,0.3189290761947632,-0.0847099646925926,0.0285749435424804,0.0690357089042663,0.7122594118118286,1.8123619556427,0.0424020066857337,-0.0145145282149314
0.0818331241607666,-0.4000571668148041,-5.264177161734551e-06,0.0052218721248209,0.1543028503656387,-0.09326171875,-0.0969357043504715,-0.0410679057240486,0.079870581626892,0.0637324526906013,-0.0027634815778583,-0.1078802719712257,-0.0180234611034393,-0.1386747807264328,-0.0378804095089435,0.0958838984370231,-0.1156165301799774,-0.2026350200176239,-0.1414771229028701,-0.5198269486427307,-0.7817651033401489,-0.0152846630662679,-0.0145145282149314
-0.0364742204546928,-1.6949102878570557,-3.1703413696959615e-05,0.0012360323453322,0.0059259943664073,0.1164395809173584,0.1250400245189666,-0.2308749109506607,-0.027420463040471,-0.1474158316850662,-0.3491442799568176,-0.0470345616340637,-0.0133638344705104,0.1400087475776672,0.000791558064520359,-0.0074089388363063,0.0094252275303006,-0.294531375169754,-0.0844385400414466,-0.3760741353034973,-0.6419236660003662,-0.0149822533130645,-0.0145145282149314
0.0021314211189746,-2.177235841751098,-9.13748808670789e-05,-0.0017112628556787,0.0452817268669605,-0.1970881074666977,0.0179487578570842,-0.1045211851596832,-0.0253993794322013,0.018662879243493,0.0026837978512048,-0.0468768142163753,-0.0010980295483022,-0.162054568529129,-0.0539693906903266,-0.0074122622609138,0.0048758261837065,-0.0638283193111419,-0.0834716781973838,-0.5514643788337708,-0.8747521042823792,0.0081854788586497,-0.0145145282149314
-0.0115663241595029,1.082321286201477,-5.0168688176199794e-05,0.0040588239207863,-0.095202162861824,-0.0031837767455726,-0.1221022754907608,0.1372391581535339,-0.0446930043399333,0.0611775293946266,0.0482894033193588,-0.0163099132478237,0.0453864522278308,-0.075041227042675,-0.0221097189933061,-0.239525705575943,-0.0355940572917461,0.0246177334338426,-0.0042224423959851,0.7762565612792969,1.7643671035766602,-0.0191655606031417,-0.0145145282149314
0.011853483505547,0.5629810094833374,-0.00010349044168833645,0.0014226998900994,0.0791212245821952,0.0357822962105274,0.0918075963854789,0.0121323857456445,0.1150891706347465,0.0633623823523521,-0.2671160697937011,-0.0128912739455699,-0.0139027349650859,-0.1095040291547775,-0.0005020952667109668,-0.0190397445112466,0.0414113141596317,0.3231033682823181,-0.0015406813472509,0.7416861653327942,1.6748042106628418,0.0048192501999437,-0.0145145282149314
0.0243546962738037,1.0139906406402588,-1.4683089830214158e-05,0.0106538524851202,-0.0134396366775035,0.1260166317224502,-0.230138748884201,0.0567280538380146,0.0215899515897035,0.0608001500368118,0.1410847157239914,0.1370460391044616,0.0170597899705171,0.0409477837383747,0.0209087971597909,0.0295498520135879,0.0197685938328504,0.5454292297363281,-0.0546833015978336,0.590577244758606,0.9782297015190125,-0.0181711893528699,-0.0145145282149314
-0.0192025676369667,0.0602116100490093,-0.00016012875130400062,-0.0094668278470635,-0.0884844437241554,0.0409053973853588,0.1220011785626411,0.0913130789995193,0.1298331618309021,0.0288370046764612,0.5224074125289917,-0.0788373053073883,-0.0218880884349346,-0.1834504455327987,-0.0199386943131685,0.0850244462490081,0.0452629067003726,0.0116849280893802,-0.0403699055314064,-0.4868144690990448,-0.6601747274398804,0.0229541379958391,-0.0145145282149314
-0.0286341998726129,-2.2508347034454346,-2.066874003503472e-05,-0.0021467944607138,0.0914735570549964,0.1198471635580062,-0.1499467939138412,-0.1097928583621978,-0.0187646728008985,-0.0755538195371627,-0.3388544023036957,0.0112240016460418,-0.0476335957646369,0.2041781395673751,-0.0355808101594448,-0.107162520289421,-0.0122376810759305,-0.2381507903337478,-0.1287559866905212,-0.4014955461025238,-0.6335924863815308,-0.0092192022129893,-0.0145145282149314
-0.0196056235581636,-2.154454469680786,3.360013943165541e-05,-0.0022583808749914,-0.0752996429800987,-0.0013135789195075,-0.1114784628152847,0.2111463993787765,0.0433580875396728,-0.0029448706191033,-0.1045019477605819,0.1249273493885994,0.0586789138615131,0.0185980889946222,-0.0052927276119589,0.0366342887282371,0.0150205017998814,-0.0297155398875474,-0.065263956785202,-0.4954271614551544,-0.776211678981781,0.0048441109247505,-0.0145145282149314
-0.0070252134464681,0.1692732721567154,5.8023542806040496e-06,0.0054622101597487,0.1857004314661026,-0.1709914207458496,-0.3293615281581878,0.0948402509093284,0.0500016510486602,0.1950713396072387,0.4520558416843414,0.3707740008831024,-0.071754552423954,0.2507222294807434,0.0485793389379978,0.2493566125631332,0.0334492549300193,-0.2199881970882415,-0.0522883459925651,-0.3980791270732879,-0.5207536220550537,0.040201086550951,-0.0145145282149314
0.0705681666731834,0.0546506978571414,-3.143891808576882e-05,0.0029895966872572,-0.0282006356865167,0.0160223692655563,0.010176477022469,0.2909062206745147,0.0127317244186997,0.2329690605401992,0.1677503287792205,-0.0595788173377513,-0.1379157602787017,-0.18503999710083,0.0216385517269372,-0.221504345536232,-0.0412236861884593,0.6846049427986145,0.4093962609767914,-0.4022027552127838,-0.566876232624054,-0.1111204773187637,-0.0145145282149314
-0.008256072178483,0.2599038779735565,-1.4485151041299105e-05,0.003228727960959,-0.2344419062137603,0.1008190587162971,0.3162077665328979,0.3888750374317169,-0.0289030224084854,-0.0426343828439712,0.4971857964992523,0.0623028799891471,-0.0164506733417511,0.1644389778375625,-0.0094448579475283,0.0481282584369182,-0.0443838238716125,-0.562483549118042,-0.1000778749585151,-0.3341879546642303,-0.5898598432540894,-0.0128545351326465,-0.0145145282149314
-0.0077431639656424,1.1445481777191162,-8.576640539104119e-06,0.0027150432579219,-0.1793848574161529,-0.1534458994865417,0.2909573912620544,0.0085373427718877,-0.0673748180270195,-0.0656781867146492,-0.1446243077516555,-0.0604384280741214,-0.0043364674784243,0.0172889325767755,-0.1819620430469513,-0.1235809996724128,0.0082479752600193,0.5257425308227539,-0.0798334404826164,0.6301133632659912,0.3826058506965637,0.0130225429311394,-0.0145145282149314
-0.0127887371927499,1.018333077430725,-4.841365444008261e-05,-0.0042512631043791,0.0202206708490848,0.0306192524731159,-0.1197892278432846,-0.0077721765264868,-0.0336288474500179,-0.0520088449120521,0.0610960386693477,0.1656533926725387,0.0330581106245517,0.0044978121295571,-0.0527838952839374,0.0065474309958517,-0.0095296101644635,0.0472330227494239,-0.02086728438735,0.705620527267456,1.7076218128204346,-0.0159862246364355,-0.0145145282149314
-0.0291748121380805,1.0548185110092163,-1.090864316211082e-05,0.0103497775271534,-0.0271522086113691,-0.0539149343967437,0.3928782641887665,0.2336889654397964,-0.0596511624753475,0.1234276592731475,0.1018781810998916,-0.0697956755757331,-0.018477588891983,0.1472956836223602,-0.0324884429574012,0.1399478763341903,-0.0890562012791633,-0.2678289413452148,-0.0832804590463638,-0.4400929808616638,-0.6585423946380615,0.0150547139346599,-0.0145145282149314
0.0011233000550419,-1.753799319267273,-6.064332410460338e-05,0.0027866966556757,0.1447274833917617,0.1193323582410812,-0.3123505115509033,-0.0986005291342735,-0.0274015460163354,0.1305170804262161,-0.3095503747463226,-0.0453573279082775,0.0272717904299497,-0.05049679428339,-0.0484488606452941,-0.0124478675425052,0.0106776347383856,0.2553474009037018,0.0015474648680537,-0.4751012921333313,-0.6901297569274902,0.0168760102242231,-0.0145145282149314
-0.0078269317746162,0.9946753978729248,-3.61756028723903e-05,0.0026862961240112,-0.0015179184265434,-0.247264564037323,0.1005066856741905,0.203323945403099,0.0483053065836429,0.095503494143486,0.246671050786972,-0.0217237975448369,0.0313349328935146,0.0447149462997913,0.0020136621315032,0.0256178621202707,0.0215511936694383,0.191263273358345,-0.0290803760290145,0.5921223163604736,2.268123149871826,0.0309736877679824,-0.0145145282149314
-0.0715253576636314,1.2570559978485107,-2.253485581604764e-05,-0.0117027647793293,0.0733452886343002,-0.1398145407438278,-0.056106548756361,0.2892397940158844,-0.156584158539772,-0.337372362613678,0.4697911739349365,-0.03507686778903,0.0125251049175858,-0.1098267808556556,-0.0336381942033767,0.0438856892287731,-0.0019510072888806,-0.0606839843094348,-0.0161627512425184,-0.4104265570640564,-0.6912632584571838,0.0030584027990698,-0.0145145282149314
-0.0599479265511035,1.2685402631759644,-5.54584403289482e-05,0.0029694244731217,-0.1000342220067977,0.1252108961343765,-0.0260483156889677,0.1490262001752853,-0.0293082557618618,0.1078260093927383,0.1076023876667022,0.0058293528854846,0.0272138454020023,-0.1471261978149414,0.0650422126054763,-0.1229739710688591,0.0062822378240525,-0.4875387847423553,-0.0816835463047027,-0.4505824744701385,-0.7251786589622498,0.0263104103505611,-0.0145145282149314
0.035859640687704,-1.3740686178207395,-6.550943362526596e-05,0.0016501476056873,-0.0573047734797,0.1873515993356704,0.0651497244834899,-0.1472388803958892,0.0752472728490829,0.0507306307554245,-0.1832200735807418,0.0134903378784656,-0.0020326781086623,-0.1017537862062454,0.1474600136280059,0.0991985872387886,-0.0199297443032264,0.274426519870758,0.7191565632820129,-0.4004862010478973,-0.5746047496795654,0.0029538536909967,-0.0145145282149314
0.0215588994324207,1.0263259410858154,-1.4925226423656568e-05,0.0041515617631375,0.03847261890769,0.1060109958052635,-0.2110232710838318,0.1891679614782333,0.0752873122692108,0.0958397611975669,0.2491543292999267,-0.0217541716992855,0.0320950001478195,0.0769166424870491,0.0224221218377351,-0.0665718242526054,0.0921816453337669,-0.1661342978477478,-0.0349929146468639,0.6233153939247131,1.758988618850708,0.0132529865950346,-0.0145145282149314
-0.0181104131042957,0.9675905108451844,-3.189536073477939e-05,-0.0066739469766616,-0.012390274554491,0.0622061975300312,-0.1055947095155716,0.3294757008552551,-0.0729209557175636,0.107546716928482,0.238280639052391,-0.0458747744560241,0.0192727912217378,0.0314195789396762,-0.0634686350822448,-0.0090595167130231,-0.0125404689460992,-0.0055825994350016,-0.0420780517160892,0.5736982822418213,1.8234198093414309,-0.00017979732365347445,-0.0145145282149314
0.0154636111110448,0.6003367304801941,-1.358360896119848e-05,0.0028799998108297,-0.1372142285108566,-0.0302007012069225,0.1732351183891296,0.206371933221817,-0.030586639419198,-0.2649100720882416,0.1720895022153854,0.1354136168956756,0.0381722003221511,0.0824363306164741,-0.0225409194827079,-0.1097988039255142,0.1246251463890075,0.0537376813590526,-0.0378350876271724,0.5702577829360962,1.501692295074463,-0.0355030596256256,-0.0145145282149314
-0.0244060102850198,-1.5106301307678225,-0.00010683499567676336,0.0017167452024295,-0.0430624559521675,-0.0108189675956964,-0.0777407735586166,-0.1122994497418403,-0.0082728955894708,-0.0033896907698363,-0.2651298940181732,-0.0530815124511718,-0.0062281698919832,-0.1787254959344864,0.1692633032798767,-0.2775335013866424,-0.0110380677506327,-0.2545367777347564,-0.1775601655244827,-0.4331390857696533,-0.722574770450592,-0.0348352119326591,-0.0145145282149314
0.0256107226014137,0.3656882047653198,-0.00010179821401834488,-0.0074182506650686,-0.0254564881324768,-0.022321106866002,0.1498989164829254,0.1679463237524032,-0.0287386830896139,0.0074730734340846,0.0219762455672025,-0.0946071445941925,-0.1721228659152984,-0.0962905138731002,0.0356803610920906,0.0698502212762832,-0.0167624074965715,0.105269968509674,-0.0040142983198165,0.7577508091926575,0.7712064981460571,-0.0140417227521538,-0.0145145282149314
-0.0208999998867511,-1.6592527627944946,-3.70070047210902e-05,0.0031371084041893,-0.0093973418697714,0.0078037218190729,0.4810627400875091,0.0046094083227217,-0.03639742359519,-0.0031278219539672,-0.2350036352872848,-0.0334782116115093,0.0154887046664953,0.0210015829652547,-0.0581210516393184,-0.2516137063503265,-0.0020605197641998,0.0588581599295139,-0.0014084308641031,0.9530170559883118,0.0562219433486461,-0.0152415819466114,-0.0145145282149314
0.0387517884373664,-1.9504731893539429,0.0006687986897304654,-0.0027837269008159,-0.0470373295247554,-0.0734724029898643,-0.2011014372110366,-0.1376612335443496,-0.1450603455305099,-0.1409912705421447,-0.2477278560400009,-0.0206251479685306,-0.0480114445090293,-0.0848711431026458,-0.0214643310755491,-0.0330301895737648,0.0095884865149855,-0.0537063181400299,-0.0522807464003562,-0.5223921537399292,-0.8425649404525757,0.0138935362920165,-0.0145145282149314
0.0113098174333572,-2.172990083694458,-7.794058183208108e-05,-0.0026451270096004,0.0144862821325659,-0.0793420076370239,0.0466074086725711,-0.0879735723137855,-0.0671494901180267,0.0800182595849037,-0.1703931391239166,-0.0437100455164909,-0.0356341898441314,-0.1583752036094665,-0.0326369069516658,0.0237553473562002,0.0113626141101121,-0.0342822857201099,-0.0748141109943389,-0.5072395205497742,-0.7743717432022095,0.007577336858958,-0.0145145282149314
0.046182956546545,0.4973031878471374,-2.0756313460879028e-05,0.00590585405007,0.0124336527660489,-0.1518462598323822,0.355144739151001,-0.0926039516925811,0.1464021950960159,0.0186262838542461,-0.034119389951229,-0.0455133765935897,-0.1143746674060821,-0.1427300721406936,-0.0145484637469053,-0.0689777135848999,0.064121626317501,0.5487975478172302,0.2345936447381973,-0.4470858573913574,-0.6220217943191528,0.0077393157407641,-0.0145145282149314
0.0285807996988296,0.4958789348602295,-1.0388805094407871e-05,0.0025353692471981,-0.1356099396944046,-0.0418367683887481,-0.2995407283306122,-0.1229713484644889,-0.0730231031775474,0.0726473554968833,-0.1710382848978042,0.1799523681402206,-0.0196255166083574,0.1045004576444625,-0.0291000194847583,-0.1119491085410118,-0.0026234232354909,-0.3611990213394165,-0.1252449750900268,-0.5310308337211609,-0.8099073767662048,-0.0223584286868572,-0.0145145282149314
0.0252104438841342,0.5448328852653503,4.59533985122107e-05,0.0039244876243174,-0.0641607344150543,0.0165587067604064,0.5008987784385681,-0.0712080374360084,-0.0531035996973514,-0.0420802049338817,-0.1983189880847931,-0.0259626042097806,0.0406082421541214,-0.0244989059865474,-0.0352384224534034,-0.2284512370824813,-0.0372183918952941,-0.0284712985157966,0.0043695932254195,-0.6235178112983704,-0.8292754292488098,-0.0263242535293102,-0.0145145282149314
0.0571700185537338,0.5948328971862793,6.364192813634872e-06,-0.0097396746277809,0.1226566061377525,-0.2236485183238983,-0.1022551357746124,0.1426240056753158,-0.0035566214937716,-0.0710923746228218,-0.1305090934038162,0.0193813927471637,-0.0942442864179611,-0.0583995804190635,0.0034408301580697,0.0680576786398887,-0.0241369716823101,-0.0207863245159387,-0.0201399400830268,-0.5167880654335022,-0.6990588307380676,-0.013490947894752,-0.0145145282149314
-0.0805613696575164,1.117872953414917,-3.517709410516545e-05,0.0029615412931889,-0.0562347583472728,-0.0336676761507988,-0.0390972048044204,0.2942371666431427,0.0212489888072013,0.214785635471344,0.2487116754055023,-0.0103129064664244,-0.0101356292143464,0.1070010587573051,0.0217604879289865,-0.0442019402980804,0.1022912561893463,0.3800195753574371,0.0800869390368461,0.5633777976036072,-0.2004724740982055,0.0372436270117759,-0.0145145282149314
0.0372050590813159,1.0613453388214111,-2.472483174642548e-05,0.0023365162778645,-0.0646711289882659,0.0371882133185863,-0.0184562634676694,-0.0028263248968869,-0.0770291090011596,0.0179303660988807,0.1395269930362701,-0.0255934260785579,0.0398649200797081,0.0783742219209671,0.0219593327492475,-0.0851238965988159,0.0442039035260677,0.2691522240638733,-0.0560173764824867,0.6766248941421509,1.873896598815918,0.004161562770605,-0.0145145282149314
-0.0116786854341626,0.4875633418560028,-1.3942288205726072e-05,0.0018977986183017,-0.0640863925218582,0.0707155689597129,0.1679178923368454,-0.0302257817238569,-0.0722937285900116,-0.0104204192757606,0.1278715580701828,0.213660329580307,0.0123174013569951,0.0930978134274482,0.0013500797795131,0.0790449455380439,-0.0608145743608474,0.4048263430595398,-0.0445961542427539,0.6642136573791504,1.1420868635177612,0.0083627896383404,-0.0145145282149314
-0.0099579580128192,0.3502543866634369,-1.426876406185329e-05,0.000986082130111754,-0.031426440924406,-0.0844122916460037,0.2486889958381652,-0.0192547291517257,0.0161197818815708,-0.2667159140110016,0.082299955189228,0.3429835140705108,0.00015070862718857825,0.0974481850862503,0.0706497579813003,-0.0416011251509189,-0.0569731928408145,0.0954102352261543,-0.0376687459647655,0.7364737391471863,1.5467934608459473,-0.046990692615509,-0.0145145282149314
0.0156765021383762,-2.053501844406128,-6.426284380722791e-05,0.0027777987997978,-0.0252723097801208,0.1115908101201057,-0.0715293660759925,-0.1427040994167328,0.0238990858197212,0.0494929701089859,-0.2162515670061111,0.0180855989456176,0.0730995014309883,-0.1064726486802101,-0.0630078539252281,-0.1950603127479553,-0.0311924628913402,-0.0597420930862426,-0.0636120438575744,-0.4639077186584472,-0.7664195895195007,-0.0188293065875768,-0.0145145282149314
0.0574147626757621,1.3078997135162354,-2.0532541384454817e-05,0.0102232443168759,-0.0506477281451225,-0.0218361392617225,-0.0027614792343229,-0.1290401965379715,0.1332935690879821,0.033487431704998,0.2207595556974411,-0.0381980277597904,-0.0247830338776111,0.0124259563162922,-0.016801968216896,-0.2957946956157684,-0.0453890115022659,-0.0603120364248752,0.0111848879605531,-0.4837611019611358,-0.7689338326454163,-0.0995250046253204,-0.0145145282149314
0.0003121071495115757,0.0942128151655197,-2.036889418377541e-05,0.0024789145682007,-0.0032690938096493,0.0229456312954425,-0.2078890055418014,-0.1236340031027793,-0.059096235781908,0.0387763902544975,0.0934154242277145,0.1960848569869995,-0.0600736811757087,0.0663559511303901,-0.0341363511979579,-0.2937117218971252,0.1303571462631225,-0.0925401002168655,-0.1298836767673492,0.7955978512763977,-0.2561666667461395,-0.0096650356426835,-0.0145145282149314
0.0337798669934272,-1.4362598657608032,-2.013329867622815e-05,0.003186970250681,0.1702275425195694,0.1590935736894607,-0.5453311204910278,0.0593488328158855,-0.0180655308067798,-0.0096670445054769,0.618270218372345,0.1051404550671577,0.00612060027197,0.263252854347229,-0.046738002449274,0.0586761310696601,-0.0367102697491645,-0.3007301092147827,-0.0962329283356666,-0.3453260064125061,-0.5695360898971558,-0.0063697579316794,-0.0145145282149314
-0.0169848222285509,0.9868996143341064,-1.1867305147461591e-05,0.0042807185091078,0.1228894740343093,-0.0138569921255111,-0.0367906764149665,-0.1366807073354721,-0.0989889800548553,0.0622912906110286,-0.2498552352190017,-0.0589642561972141,0.0242119207978248,-0.0668626427650451,-0.044413574039936,-0.3230204582214355,0.0631402805447578,0.7154580354690552,0.2133263498544693,-0.4561842978000641,-0.7061359882354736,-0.0543672554194927,-0.0145145282149314
-0.0360155701637268,-2.032247543334961,-3.693622420541942e-05,0.0015071070520207,0.0372861102223396,-0.0546272136270999,0.0009922480676323175,-0.1212707087397575,0.0042614336125552,0.0416933558881282,-0.2673268020153045,-0.0720444023609161,-0.0626941546797752,-0.1420229524374008,-0.0356125906109809,-0.2494519501924514,0.0243197157979011,-0.3079416453838348,-0.1709509938955307,-0.3934279680252075,-0.76707923412323,0.008650361560285,-0.0145145282149314
0.0063172252848744,0.447753369808197,-2.685596700757742e-05,0.0045298351906239,0.0624020062386989,0.0371529906988143,0.1813934594392776,0.003216472454369,-0.2449679970741272,0.0538898594677448,0.280379444360733,-0.1019328609108924,0.0045749712735414,-0.1662764400243759,0.0128909200429916,0.0927912965416908,-0.0051024542190134,-0.3838189244270324,-0.0972509458661079,-0.5175132155418396,-0.7203758358955383,0.0937010645866394,-0.0145145282149314
-0.0466077215969562,0.9567001461982728,-2.9417205951176584e-06,0.0033325916156172,-0.0846650153398513,-0.1011010110378265,0.0598176755011081,0.2529826462268829,0.0001641123672015965,-0.0022175209596753,0.19941246509552,-0.0691175982356071,-0.0588135309517383,0.1936238557100296,0.0144812315702438,-0.1829018145799636,-0.0714090690016746,-0.2987472116947174,0.0037548516411334,-0.4016089737415313,-0.7258792519569397,-0.0319368243217468,-0.0145145282149314
0.0118265645578503,-0.0561621263623237,-5.5979646276682615e-05,-0.0063155675306916,0.1033279672265052,-0.2524135708808899,0.3050472140312195,-0.2001052051782608,-0.0635256767272949,-0.1132765412330627,-0.1966306418180465,-0.0239060446619987,0.0246281027793884,-0.0999665781855583,-0.0142232393845915,0.0350030623376369,0.0342917703092098,-0.042261965572834,-0.037657007575035,-0.4869275987148285,-0.6467698216438293,0.0054600071161985,-0.0145145282149314
-0.0389643125236034,1.3712587356567385,-1.6672762285452336e-05,0.0064092385582625,0.5220985412597656,-0.0599570497870445,-0.2010772675275802,-0.0625950470566749,0.03690966963768,-0.0196134131401777,0.0348888933658599,-0.016173580661416,-0.0727701038122177,-0.2024605870246887,-0.0113419480621814,-0.1550517827272415,-0.0864662528038024,-0.2578601837158203,0.0055492264218628,-0.4696738421916961,-0.5462803244590759,-0.048533372581005,-0.0145145282149314
-0.0728078186511993,1.1279851198196411,4.699300916399807e-06,0.0046222102828323,-0.1716885417699813,-0.128629669547081,0.0465373136103153,0.246469959616661,-0.01962879486382,0.1270403116941452,0.4935604929924011,0.0244615320116281,-0.0074136550538241,0.1148209199309349,-0.030845308676362,-0.2891498506069183,-0.0433298461139202,-0.073694460093975,-0.0269526820629835,-0.4196606278419494,-0.7360512614250183,-0.0729078277945518,-0.0145145282149314
-0.028081975877285,0.9877933859825134,-5.689440877176821e-05,-0.0099580530077219,-0.0433229207992553,-0.1306154429912567,0.3485369384288788,0.3073328733444214,0.4339619874954223,0.2631340622901916,0.4061846733093261,0.1046669632196426,0.0588236972689628,0.1791965812444687,-0.011338242329657,0.0957261994481086,0.0085300328209996,-0.0335270129144191,-0.0183939114212989,-0.3788775205612182,-0.5341627597808838,0.0178396310657262,-0.0145145282149314
-0.0233445931226015,-1.579277753829956,-2.491419218131341e-05,0.0017060622340068,0.0522000864148139,0.0013499045744538,0.265019953250885,-0.0474267303943634,0.0153261600062251,-0.0643500909209251,-0.2058433890342712,-0.049923337996006,0.0412804707884788,-0.0947619900107383,0.0467130951583385,-0.0522680655121803,0.010055037215352,-0.4738941192626953,-0.1867049634456634,-0.4265123903751373,-0.6954381465911865,0.0302167534828186,-0.0145145282149314
0.0186961516737937,0.5006221532821655,-2.6062822144012895e-05,0.0023521403782069,0.0421857088804245,-0.2558355927467346,-0.1065414696931839,-0.2333254814147949,-0.0568479783833026,-0.0306204333901405,0.1783403903245926,0.0715023651719093,-0.0034265657886862,0.2830623388290405,-0.0072290604002773,-0.4427574276924133,-0.0519327409565448,0.2663682997226715,-0.0481687001883983,-0.4888237118721008,-0.7726128697395325,-0.0338299684226512,-0.0145145282149314
0.097705602645874,1.2770843505859375,-2.632409450598061e-05,0.0057953693903982,-0.10113375633955,0.0674519389867782,0.1689133048057556,0.0741785615682601,0.1196164414286613,0.0684197470545768,0.1144506931304931,0.0401903577148914,0.0049770209006965,0.0643505305051803,0.031844925135374,0.100147008895874,0.0346758738160133,0.4291508197784424,-0.0767107605934143,0.6666340827941895,0.0251811016350984,0.0162874981760978,-0.0145145282149314
-0.0044329781085252,0.7916132211685181,-3.9838821976445615e-05,-0.0090939719229936,-0.1802003234624862,0.0607487596571445,0.3258026242256164,0.1533260941505432,-0.0344678796827793,0.0658498629927635,0.2440802305936813,-0.0084020793437957,-0.0072713457047939,0.0779174044728279,0.1186828389763832,0.0002987208717968315,-0.0240686126053333,0.038774237036705,0.0019202947150915,0.5912686586380005,0.6249759197235107,0.0138060441240668,-0.0145145282149314
0.0505820363759994,-0.3072870075702667,-1.700089342193678e-05,0.0037867852952331,-0.0035156442318111,-0.0064338934607803,0.3506431579589844,0.0769169852137565,0.148050844669342,0.0310729686170816,0.1549022346735,-0.047517079859972,-0.0075988583266735,0.0017959579126909,-0.0414878763258457,0.2538467943668365,0.020665468648076,0.1289176642894745,0.0656698793172836,0.7682342529296875,0.7027994394302368,0.0330133363604545,-0.0145145282149314
0.0162316970527172,1.4044780731201172,-3.0894407245796174e-06,0.0148622244596481,0.3528747856616974,0.2908056080341339,-0.3450362980365753,-0.1068860962986946,-0.0175140630453825,-0.2179695218801498,0.2227268368005752,0.031121352687478,0.0034356464166194,0.1044254004955291,0.0148086575791239,-0.0706592202186584,-0.0108151175081729,-0.3550253510475158,-0.1174210757017135,-0.4424115121364593,-0.4746181964874267,-0.0012831734493374,-0.0145145282149314
-0.011375268921256,-1.0544836521148682,-1.5501660527661443e-05,-0.0033091390505433,0.0582103990018367,-0.0477800332009792,-0.2638775408267975,-0.1378111243247985,0.2050616294145584,0.0348975695669651,-0.2485341578722,-0.0613907277584075,0.0325227230787277,-0.0451273992657661,-0.0422178991138935,-0.2139222174882888,-0.0361770316958427,-0.0512340143322944,-0.1173400729894638,-0.453653484582901,-0.7851219773292542,-0.0267051849514246,-0.0145145282149314
0.0415623560547828,1.2937307357788086,-1.504534884588793e-05,0.0036580937448889,-0.2200168371200561,-0.0073870392516255,-0.1594766080379486,0.4349487125873565,-0.0458557568490505,0.0838859304785728,0.4457060098648071,0.0833411142230033,0.0008116675890050828,0.1032526493072509,0.0113339088857173,-0.2632151842117309,0.1181957125663757,-0.4732371270656585,-0.0341896042227745,-0.3886419832706451,-0.6862393617630005,-0.0159373618662357,-0.0145145282149314
-0.0109460009261965,0.8389703631401062,-1.840076583903283e-05,0.0034115670714527,-0.0175604317337274,0.051835361868143,0.1887553930282592,0.2499973326921463,0.0827973932027816,-0.1307957917451858,0.1785328090190887,0.117943674325943,0.1389985978603363,0.0931534096598625,0.0154040670022368,0.0432103127241134,-0.0227455608546733,0.3137889206409454,0.0249579548835754,0.5454506874084473,2.149545431137085,-0.0044359806925058,-0.0145145282149314
-0.0470525175333023,-0.2784363031387329,-3.0755756597500294e-05,0.0024231025017797,-0.004026508424431,-0.0178805459290742,-0.1119601801037788,0.2066027373075485,-0.0070761139504611,0.0066235712729394,0.1959386020898819,-0.0480348728597164,0.0050392840057611,0.1795804351568222,0.0879913046956062,0.2604019939899444,-0.000704401230905205,0.2323335409164428,0.2978565394878387,-0.4223516583442688,-0.5617831349372864,0.0437436401844024,-0.0145145282149314
-0.0480414927005767,-0.6712785363197327,3.1990130082704127e-06,0.0036212762352079,0.0722474530339241,0.1095166131854057,-0.1247525513172149,-0.0467418394982814,0.1073812693357467,0.054968524724245,-0.2303733676671981,0.2519867122173309,0.0219496954232454,0.2514861226081848,-0.0136059885844588,0.4059479534626007,0.0075723133049905,0.2561217248439789,0.3406414687633514,-0.4165851771831512,-0.5369322896003723,0.0008566903998143971,-0.0145145282149314
0.0170269776135683,1.0804686546325684,-1.9100676581729203e-05,0.0031867653597146,0.0346602499485015,-0.0888627022504806,0.0449274666607379,-0.0519667342305183,0.0658741220831871,0.162589281797409,0.1435914188623428,-0.0304967146366834,0.0642784386873245,0.0108908582478761,-0.0030221086926758,0.0179440397769212,0.0611521154642105,0.4141859412193298,-0.0587067268788814,0.6978222131729126,1.5139896869659424,-0.0099864583462476,-0.0145145282149314
-0.0255753975361585,-1.725040078163147,-0.00012394218356348574,0.0033619629684835,0.0014542238786816,-0.0015724773984402,-0.0990522727370262,-0.0513333603739738,0.0473522804677486,-0.04376807436347,-0.2890790998935699,-0.0583886168897151,-0.0263875927776098,-0.2267356663942337,0.0417802259325981,0.140287235379219,-0.0330402925610542,-0.0622737817466259,-0.0308526549488306,-0.470344990491867,-0.7557249665260315,0.0047049312852323,-0.0145145282149314
0.0355744808912277,-1.111013889312744,-7.731645018793643e-05,0.001958810724318,0.0084376633167266,0.171595349907875,-0.0115138022229075,-0.0847183912992477,-0.0172594171017408,-0.0105811720713973,-0.2575132250785827,0.0954303070902824,0.0689111649990081,0.2614718079566955,0.0016163919353857,-0.0471731200814247,-0.0073108882643282,0.3597780466079712,0.5503725409507751,-0.395102709531784,-0.5937061905860901,-0.0210057254880666,-0.0145145282149314
0.0219021383672952,-0.8164050579071045,-1.5244113455992192e-05,-0.00033350440207868814,0.0170008242130279,0.0212346464395523,0.0976263657212257,0.0597811229526996,-0.0550462491810321,0.032469056546688,-0.0996193587779998,-0.0272406563162803,0.0396802499890327,-0.0101668881252408,0.0034157980699092,-0.0189447943121194,0.153435468673706,0.5468270182609558,0.3894336521625519,0.8023891448974609,1.667616844177246,0.0528076738119125,-0.0145145282149314
-0.0019346962217241,-0.0898464694619178,-2.278249303344637e-05,0.0078777354210615,-0.0464698523283004,0.1777916699647903,-0.2027656883001327,-0.1030211299657821,-0.0294977612793445,0.0097148241475224,-0.2414024770259857,-0.0585013628005981,-0.0273666325956583,0.0593832209706306,-0.0599576719105243,-0.1987028270959854,0.0447913855314254,-0.1027942672371864,-0.1587138622999191,0.8032587170600891,-0.1315892934799194,0.014099096879363,-0.0145145282149314
-0.051209170371294,-1.8771120309829712,-9.039354335982352e-05,-0.0045739337801933,0.0026183179579675,-0.0438504926860332,0.162462443113327,-0.0826970785856247,0.1559751480817794,0.0260115526616573,-0.2776243686676025,-0.0514525771141052,-0.0620041079819202,-0.0021169034298509,0.0230630673468112,-0.2123221457004547,-0.0454562418162822,-0.3568300306797027,-0.1724964082241058,-0.3940882682800293,-0.7485963702201843,-0.0151652097702026,-0.0145145282149314
0.0519307106733322,0.6208909749984741,-1.337414505542256e-05,0.0080231539905071,0.1734014749526977,0.2045627981424331,-0.4864388108253479,0.2975826263427734,0.0369452089071273,0.195768803358078,0.3445864915847778,0.013396811671555,0.0159125085920095,-0.0711296424269676,0.00021218127221800387,-0.0289298221468925,-0.0156841278076171,0.5519588589668274,-0.0176369249820709,-0.3392678797245025,-0.4850400388240814,0.0153870014473795,-0.0145145282149314
-0.0070451749488711,0.5487064719200134,-1.4587571058655158e-05,0.0027387784793972,0.0240592956542968,0.0423134490847587,0.0850230306386947,0.2131984680891037,0.0713520646095275,0.1919758021831512,0.1254996061325073,0.0717323571443557,0.0436486452817916,0.1082344651222229,-0.0195947792381048,0.2443389743566513,-0.0872580334544181,-0.0556442365050315,-0.0352829098701477,0.5779974460601807,1.163481593132019,0.0303730685263872,-0.0145145282149314
0.1156849637627601,1.4766439199447632,-1.6531146684428677e-05,0.0050780940800905,-0.0025129991117864,0.0058012241497635,0.3143873512744903,-0.0949459224939346,-0.0195745695382356,0.0870923995971679,0.0391992591321468,-0.0653079003095626,0.0955975651741027,0.0729210078716278,-0.0024027384351938,-0.2887835204601288,0.0128185888752341,0.8525403141975403,-0.0475103035569191,-0.3969323933124542,-0.6120917797088623,-0.0428614653646945,-0.0145145282149314
0.0229755248874425,-0.1395116299390792,2.9650473152287304e-06,0.005119755398482,-0.0578448288142681,0.0995328351855278,-0.0796505659818649,-0.0956029817461967,-0.0009634855668991804,-0.1784227639436721,-0.118482619524002,0.1306259632110595,0.0197760369628667,0.0261813569813966,-0.010698864236474,-0.1101437136530876,-0.0082836430519819,-0.0455118976533412,-0.0485871918499469,-0.5836430191993713,-0.7632615566253662,-0.027532922104001,-0.0145145282149314
0.0153546892106533,1.1973992586135864,-2.41880989051424e-05,0.0036381771788001,0.0850214958190918,-0.0386989675462245,0.2934681475162506,0.0565689355134964,0.0170842111110687,-0.1125146001577377,0.144026294350624,0.0087340846657752,0.0246059913188219,0.0735324323177337,0.0557225123047828,-0.2056057751178741,0.0394638776779174,-0.2413091361522674,-0.0597871057689189,0.7098640203475952,0.7834078073501587,-0.0223160870373249,-0.0145145282149314
0.0113501762971282,1.1420464515686035,2.403903636150062e-07,-0.0061314962804317,0.023909792304039,0.0393024459481239,-0.1523366570472717,0.0147936968132853,-0.0522566810250282,0.0480889119207859,-0.0692839846014976,0.0209717713296413,0.0924869924783706,0.0028790924698114,0.0600666925311088,0.0326581671833992,0.0929423198103904,0.1507835239171981,0.0144771840423345,0.7480092644691467,1.9108718633651731,0.0037321003619581,-0.0145145282149314
0.03989764675498,1.022373914718628,1.0572366591077298e-05,-0.0174569692462682,0.0013687824830412,-0.5608827471733093,0.4860333800315857,0.2572230696678161,-0.0344191789627075,0.0030901203863322,0.4189579784870147,0.0668881237506866,0.0504593700170517,0.1630561649799347,0.0071562817320227,0.0367387197911739,-0.0029367026872932,-0.121901586651802,-0.0169700216501951,-0.3714740574359894,-0.5257045030593872,0.0018119011074304,-0.0145145282149314
-0.0202029291540384,-0.0669831410050392,-2.5082168576773256e-05,0.0040812101215124,-0.0697665512561798,0.060291588306427,-0.3488162457942962,-0.1819397956132888,0.0485519282519817,0.0882091075181961,-0.0961776971817016,0.3102420270442962,-0.0347131639719009,0.1246786266565322,-0.0405249968171119,-0.0764630511403083,-0.0097420532256364,-0.1869113445281982,-0.1144538521766662,0.7500095367431641,-0.1861634403467178,-0.0023860980290919,-0.0145145282149314
0.0191274154931306,1.0540598630905151,-1.7664693586993963e-05,0.0062334714457392,-0.0306194107979536,0.0246509481221437,-0.345570296049118,0.0589919276535511,0.0308962557464838,-0.1404929161071777,0.2686353623867035,0.0137110678479075,0.0263410117477178,0.0558680221438407,0.1224584355950355,-0.2271883934736251,0.1010833457112312,0.0497084222733974,0.0136607913300395,0.6812635660171509,0.6742879748344421,-0.0223952699452638,-0.0145145282149314
0.0240654591470956,-2.0788071155548096,-8.792750304564834e-05,0.0014349417760968,-0.0216363556683063,0.1559467613697052,-0.0260940417647361,-0.0820052474737167,-0.0162418391555547,0.0283745937049388,-0.1833798140287399,-0.0685299187898635,0.0538326725363731,-0.1090916395187377,-0.0482225641608238,0.1559126526117324,0.0662768110632896,0.8428334593772888,-0.0560120530426502,-0.4926959276199341,-0.7226596474647522,0.0584492534399032,-0.0145145282149314
-0.035310510545969,0.6297540664672852,-1.1604774044826628e-05,0.0027506409678608,0.4320049881935119,-0.2381087988615036,-0.0730722323060035,-0.125100165605545,-0.1044431999325752,-0.0186572857201099,-0.315134584903717,-0.0468901991844177,0.028701189905405,0.0582494400441646,-0.0155198099091649,-0.0154548315331339,0.0653089508414268,-0.2543568313121795,-0.1135196238756179,-0.5038335919380188,-0.687316358089447,0.0863695666193962,-0.0145145282149314
0.0121618071570992,-1.9936730861663816,-0.00026144017465412617,0.0010974960168823,-0.0201901383697986,0.1632537245750427,0.2618506252765655,-0.125133991241455,-0.0068949316628277,-0.17259581387043,-0.2629583775997162,-0.0056198430247604,0.173285037279129,-0.1160698011517524,-0.05189074203372,0.0436028242111206,-0.0650230795145034,-0.00989087857306,-0.0179237723350524,-0.4451261758804321,-0.7197379469871521,5.543352381209843e-05,-0.0145145282149314
0.022447932511568,-0.1099153012037277,-0.00022957735927775505,0.0155441714450716,0.1111825332045555,0.095340684056282,0.1264600604772567,-0.1814691126346588,0.1074688583612442,-0.0853518992662429,-0.2980091869831085,-0.005408885423094,-0.0717367827892303,-0.1630107164382934,-0.0316690281033515,0.0721708238124847,0.0505676306784153,0.2241853475570678,0.5511393547058105,-0.4672515094280243,-0.6450132727622986,0.0248901601880788,-0.0145145282149314
-0.0415504314005374,-1.2310086488723757,-1.4895536878611892e-05,-0.0036895587109029,0.0118485037237405,-2.534178202040493e-05,-0.1476367264986038,-0.1352497339248657,-0.0098780514672398,-0.0518135093152523,-0.2178641259670257,-0.0460882559418678,0.0560096502304077,0.0686295107007026,0.0137147018685936,-0.2461810857057571,0.0275984853506088,-0.454599529504776,-0.2396301478147506,0.6319161057472229,-0.1840999722480774,-0.0124035431072115,-0.0145145282149314
0.0143820149824023,1.107685685157776,-9.45554711506702e-06,0.0061846212483942,0.2879438996315002,-0.1033930853009224,-0.0159800797700881,0.0701443329453468,-0.1338254809379577,0.0443325117230415,0.1761657446622848,-0.0740720853209495,0.0290770754218101,-0.077096551656723,-0.0465090274810791,0.0609515532851219,-0.0966188460588455,-0.2691273689270019,-0.0254575591534376,-0.4158904552459717,-0.6653616428375244,0.007874771952629,-0.0145145282149314
0.0585147850215435,-1.2381352186203003,3.7734716897830367e-06,0.0016338068526238,0.0497651919722557,0.1732681542634964,-0.1326880156993866,-0.102877676486969,-0.0046052620746195,-0.1558814346790313,-0.2006995677947998,-0.0104496357962489,0.030809873715043,0.0667304992675781,0.0096948202699422,-0.1514154523611068,-0.008143126964569,0.6506655812263489,0.9001966714859009,-0.4205747246742248,-0.5560010671615601,-0.0067967604845762,-0.0145145282149314
-0.0493120178580284,-1.970967173576355,-1.3105109246680511e-05,-0.0137618454173207,-0.0246274638921022,-0.2404462546110153,-0.051268957555294,-0.1288107335567474,-0.0966266840696334,0.0040417676791548,-0.2291209548711776,-0.0350062325596809,0.0483116768300533,-0.0473904944956302,0.043477427214384,0.1320164948701858,-0.0086538949981331,-0.3858911991119385,-0.2157934010028839,-0.4298022985458374,-0.7510574460029602,0.0100772269070148,-0.0145145282149314
0.0313995257019996,-0.5462769865989685,-2.2580446966458112e-05,0.0030668932013213,0.1370300352573394,0.0975038334727287,-0.0559382997453212,-0.0603296495974063,0.1592869162559509,-0.0533921271562576,-0.2537412345409393,0.381324827671051,0.0369776636362075,0.2771288454532623,0.0227836761623621,0.0442123711109161,-0.0072927833534777,-0.1751099824905395,0.1656309962272644,-0.4345296025276184,-0.5928817987442017,0.0228556636720895,-0.0145145282149314
0.007606809027493,-0.1213192045688629,-1.5151370462263005e-05,0.0029738652519881,0.0392217338085174,0.0293207895010709,0.118164837360382,-0.0531315691769123,-0.0675045847892761,-0.0538742318749427,0.0318014286458492,-0.0509810708463192,-0.0044512045569717,0.001425145776011,0.023445438593626,0.1338043957948684,-0.0535300821065902,-0.7688761353492737,-0.0685499310493469,0.7358095645904541,1.365086317062378,0.0041494779288768,-0.0145145282149314
0.0044916965998709,1.066062092781067,-2.3531778424512595e-05,0.0020031209569424,0.0243941228836774,-0.0325348302721977,0.2300401777029037,-0.1016381084918975,0.0234227292239666,-0.0682008638978004,0.0781555473804473,0.1474669277667999,0.0154000930488109,0.0486210286617279,0.0563320033252239,0.0087553327903151,0.0533700287342071,0.2193935066461563,-0.0346595980226993,0.6736889481544495,1.7221155166625977,-0.0070749656297266,-0.0145145282149314
0.0476407967507839,0.9846568703651428,-3.024264151463285e-05,0.0034331898204982,-0.1440366804599762,-0.0034614719916135,-0.0513912215828895,-0.1126415133476257,-0.0208189785480499,0.191789761185646,0.0163195542991161,0.103069894015789,0.015963926911354,-0.0111820138990879,-0.0218736585229635,-0.3951213359832763,-0.028188157826662,0.1784914433956146,-0.0356390960514545,-0.5219961404800415,-0.8337559700012207,-0.0713375955820083,-0.0145145282149314
-0.022263141348958,-2.158897638320923,-0.0006267806165851653,-0.0099182026460766,0.0261114090681076,-0.031294010579586,-0.2024252861738205,-0.14981310069561,-0.0367977656424045,0.0850099250674247,-0.3010845184326172,-0.0094583481550216,-0.0244841519743204,-0.1700461953878402,-0.0068680313415825,-0.099629059433937,-0.0513756163418293,-0.0533790029585361,-0.0661884248256683,-0.465558260679245,-0.8102680444717407,-0.000567444134503603,-0.0145145282149314
-0.0279075670987367,1.059803485870361,-1.7644939362071455e-05,0.0060454150661826,0.2743102312088012,-0.0871763378381729,-0.4243835508823395,-0.011401099152863,0.0278752613812685,0.121147982776165,0.349749356508255,0.2148277163505554,-0.0719184726476669,0.1979366838932037,0.055010799318552,-0.4963419139385223,0.0447673648595809,0.2081461399793625,-0.0042416490614414,-0.4104996621608734,-0.6216510534286499,-0.0339556150138378,-0.0145145282149314
0.0361779294908046,-0.1588848382234573,-2.771073195617646e-05,0.0123103810474276,0.0600933320820331,-0.0563897378742694,-0.4336023926734924,-0.0488057732582092,-0.0451777204871177,0.1633435189723968,0.0437857285141944,-0.0970114171504974,0.0441257990896701,-0.1239166632294654,-0.0703933089971542,0.0601248256862163,0.190213993191719,0.0187909733504056,0.0929296389222145,-0.4887456893920898,-0.6884384751319885,0.0465262420475482,-0.0145145282149314
-0.0058066076599061,0.9248698353767396,-3.9411926991306245e-05,-0.003467917907983,0.0198920089751482,0.0876016095280647,0.2073124051094055,0.5427207946777344,0.0910376086831092,-0.0108112609013915,0.1908524334430694,0.0614749602973461,0.0367362275719642,0.0347627736628055,0.0037149107083678,0.0523014739155769,0.0223892871290445,0.0104465838521718,-0.0138671686872839,0.5687608122825623,2.078207731246948,0.0206014476716518,-0.0145145282149314
-0.0042109019123017,-1.154187560081482,-3.533202107064426e-05,-0.0013168661389499,-0.0224902499467134,0.023005248978734,-0.1930683255195617,-0.1306932866573333,0.0269672702997922,0.028640292584896,-0.2736333608627319,-0.0037748757749795,-0.1227793246507644,0.05404519662261,-0.021837281063199,0.0474042072892189,0.0432083010673522,-0.0411538518965244,0.0035065934062004,-0.4654213488101959,-0.7726918458938599,0.0166952703148126,-0.0145145282149314
0.001689871540293,0.4701258242130279,-1.2401447747834029e-05,0.0013682841090485,-0.0224714037030935,-0.0244555696845054,0.0916059985756874,-0.0352816432714462,0.0434584729373455,-0.0813165083527565,-0.1682316213846206,0.2451462745666504,0.0222071819007396,0.0782279297709465,-0.01330919098109,0.1512180715799331,-0.0133976032957434,0.4092332720756531,-0.0526857562363147,0.715316891670227,1.7562209367752075,0.0502851046621799,-0.0145145282149314
0.0452354401350021,1.0212637186050415,-1.0190749890170991e-05,0.0025935985613614,-0.0146525502204895,0.0397089421749115,-0.0601375512778759,0.1427388936281204,0.0448663979768753,0.1595739871263504,0.1686527729034423,-0.0663629993796348,-0.014875803142786,0.1116903871297836,0.0038422502111643,-0.1290163546800613,-0.0078021096996963,0.5178558826446533,-0.020053943619132,0.5766357183456421,1.3384418487548828,-0.0125548914074897,-0.0145145282149314
-0.0247029308229684,0.4178033769130707,-3.320099494885653e-05,0.003059530397877,-0.2011966556310653,-0.0291196536272764,-0.1302574425935745,-0.1183878183364868,0.0560147874057292,0.1051907315850257,-0.1088102236390113,0.0567832887172699,-0.0338290520012378,0.1532215327024459,-0.0002738105249591172,-0.4353126287460327,-0.0138660538941621,-0.16856350004673,-0.0848691090941429,-0.5619884133338928,-0.8394306898117065,-0.0700910985469818,-0.0145145282149314
-0.018091470003128,0.5589392781257629,-0.0002298144972883165,0.0076281768269836,-0.0716357603669166,-0.001256899908185,-0.1398151814937591,-0.1495734453201294,-0.0728958770632743,0.0609703734517097,-0.2289857566356659,-0.0917650014162063,-0.0678083971142768,-0.2304690033197403,-0.0607096515595912,-0.1871330291032791,-0.0551395490765571,-0.0597221218049526,-0.0381365567445755,-0.5360660552978516,-0.7891654968261719,-0.0453268624842166,-0.0145145282149314
0.0332625396549701,-0.2335179150104522,-0.00019898201571777463,0.0043702814728021,-0.063944935798645,-0.1089459806680679,-0.2652645409107208,-0.1246048361063003,0.1108176335692405,0.1785980761051178,-0.2344080507755279,-0.0827349871397018,0.0317712575197219,-0.1652085781097412,0.0190182030200958,-0.5251293778419495,0.1681737154722213,0.0050361538305878,0.3068322837352752,-0.5146289467811584,-0.7395331263542175,-0.0379008688032627,-0.0145145282149314
-0.0186176765710115,-2.014763355255127,-0.00020089531608391556,0.0010003903880715,-0.0568170957267284,0.1563413143157959,-0.1832279860973358,-0.0862238258123397,-0.0701018497347831,-0.0467267408967018,-0.3449698090553283,-0.0584908351302146,0.0381565876305103,-0.1592993736267089,0.0213931892067194,-0.2089088261127472,-0.0428234860301017,-0.3098166584968567,-0.0538866519927978,-0.3933488726615906,-0.738566517829895,-0.0138565711677074,-0.0145145282149314
0.0151071855798363,1.172875165939331,-2.9159622499719266e-05,-0.0155454827472567,0.1612878888845443,-0.2432103902101516,-0.0628536939620971,-0.1607246100902557,0.0095266895368695,0.1315029561519622,-0.2457526624202728,0.1098551005125045,-0.0662760809063911,0.1343801170587539,-0.0313767157495021,0.0273049436509609,-0.0221713222563266,-0.0325256995856761,-0.0242331251502037,-0.4806123375892639,-0.6248783469200134,-0.0063485447317361,-0.0145145282149314
0.0016673009376972,0.880095362663269,-6.809963088016957e-05,0.0012976670404896,0.041067712008953,0.0669399499893188,-0.0889757573604583,0.1722600907087326,-0.0132165690883994,0.1106885820627212,-0.1966827511787414,-0.0364350154995918,-0.0036351280286908,0.001832518260926,0.005583428312093,0.0450400486588478,-0.0295817833393812,0.1782373636960983,0.063509851694107,0.7210034728050232,0.6207860708236694,-0.0119494330137968,-0.0145145282149314
-0.0027963297907263,-2.455533981323242,-0.0001820200122892857,-0.0020197960548102,-0.1504759788513183,-0.0213877614587545,0.0302830561995506,-0.1391287744045257,-0.0046275472268462,-0.0028841346502304,0.0136888213455677,-0.0305040329694747,-0.0314533188939094,-0.1439741402864456,-0.0496861189603805,-0.0117134302854537,0.0188944172114133,-0.0741492286324501,-0.0784218311309814,-0.5479606986045837,-0.859990656375885,0.0068241157568991,-0.0145145282149314
0.0469007827341556,-1.5420446395874023,-2.181270974688232e-05,-0.0031190940644592,0.0866212621331214,-0.0828818678855896,-0.3582974374294281,-0.1109396144747734,0.1491364687681198,0.1451812386512756,-0.1789135485887527,0.0072393934242427,-0.0726948603987693,0.0587851032614707,-0.0448374822735786,0.0067702676169574,-0.004678648430854,-0.0447591766715049,-0.0433441549539566,-0.4962950050830841,-0.7529856562614441,0.002085942775011,-0.0145145282149314
0.0037350109778344,0.5484523177146912,-1.3987551938043907e-05,0.0022935403976589,-0.0021365829743444,0.061563778668642,-0.0146237621083855,0.2334419190883636,0.0021387143060564,-0.0255054645240306,0.2482117414474487,0.0439186543226242,0.0282401554286479,0.0833179727196693,-0.0630447044968605,-0.1120450273156166,0.001064509153366,0.5018513798713684,0.1036005169153213,0.6137929558753967,0.8218399882316589,0.0094406083226203,-0.0145145282149314
0.0172521471977233,0.949739396572113,1.4790006389375776e-05,0.0036767940036952,-0.0157812964171171,0.0055876988917589,0.2849257290363312,0.0448009893298149,0.0171791799366474,-0.181975170969963,0.1097594648599624,0.1863215714693069,0.0538723357021808,0.0504400618374347,0.0593964308500289,-0.0991761088371276,0.1000749319791793,0.0773667693138122,0.0274509098380804,0.7785780429840088,1.6269841194152832,-0.0090729035437107,-0.0145145282149314
0.0043219067156314,-2.3307552337646484,-0.0003504574997350573,-0.002509503159672,-0.0132013000547885,0.0514082238078117,0.1752105951309204,-0.145621508359909,-0.0344280004501342,-0.0862523540854454,-0.3267519176006317,-0.0444742627441883,-0.0724100545048713,-0.1488751620054245,0.0167773347347974,-0.05179313570261,0.0201204624027013,-0.0772216394543647,-0.0750363022089004,-0.5301852822303772,-0.7828123569488525,0.0140756089240312,-0.0145145282149314
0.0100179240107536,-1.677523136138916,-4.805777280125767e-05,0.0015061172889545,0.0365257449448108,0.1008842065930366,0.1532222032546997,0.4916489720344543,0.1249470710754394,0.0714864507317543,0.1840440928936004,-0.0437612980604171,-0.0881503447890281,-0.0782541185617446,-0.0321987718343734,-0.1812846064567566,0.0241274703294038,0.0382741726934909,0.0555745884776115,0.8387646675109863,1.2981475591659546,-0.0125493118539452,-0.0145145282149314
-0.0006165720988065004,0.5942437052726746,-1.4889770682202652e-05,0.0030856430530548,0.0744099542498588,0.0478386357426643,0.0298678763210773,0.14812633395195,0.087388128042221,0.0584861934185028,0.3076266646385193,0.1674605160951614,0.0124485632404685,0.110636755824089,0.0053674420341849,0.2603024542331695,-0.0469893030822277,-0.0461134761571884,-0.0464880540966987,0.6655915975570679,1.927100419998169,0.0152861410751938,-0.0145145282149314
-0.0851732864975929,-0.2405185103416443,-2.1091043890919536e-05,-0.0038665670435875,-0.0302213616669178,0.0087487520650029,-0.1178936660289764,-0.0681830123066902,-0.0476822070777416,-0.0681499764323234,-0.0455328971147537,-0.024047277867794,0.0062735197134315,-0.0304095651954412,0.0138106355443596,0.0197374690324068,0.0578520782291889,0.0411601401865482,0.0332418158650398,0.8316357731819153,2.257396459579468,-0.0018267638515681,-0.0145145282149314
-0.0312925837934017,0.6042214035987854,-2.416531060589477e-05,0.0040531139820814,-0.0083735808730125,-0.0494425892829895,-0.0536160431802272,0.1394564062356948,-0.0052812919020652,-0.0455709882080554,0.2905011177062988,-0.0817262157797813,0.018829558044672,0.078490249812603,-0.0023437261115759,0.198955088853836,-0.0039700479246675,0.3928722143173218,-0.0356634296476841,0.6115437746047974,-0.2541669309139251,0.0681195855140686,-0.0145145282149314
-0.0028104339726269,0.4343529343605041,-3.6670877307187766e-05,0.0018075389089062,-0.0591098368167877,0.0720408260822296,-0.0416611470282077,0.0350641906261444,-0.0206533391028642,-0.0656564533710479,-0.1504241228103637,0.0153186228126287,0.0016904402291402,0.0900356620550155,-0.0150243360549211,0.0887991860508918,0.0532082319259643,0.3525058627128601,0.2495822608470916,0.7388771176338196,0.5872930288314819,0.0220696926116943,-0.0145145282149314
-0.0227373857051134,0.628259539604187,-2.6619462005328387e-05,0.0072347344830632,-0.1078516915440559,0.1631311327219009,0.4312150180339813,0.7642328143119812,0.0183118525892496,-0.1288900375366211,0.5296339392662048,0.0818426460027694,0.0598134323954582,0.2077134698629379,-0.0197646655142307,0.128919780254364,0.0105137834325432,-0.081483781337738,0.0226669311523437,-0.3734048008918762,-0.5351099371910095,0.0236745215952396,-0.0145145282149314
0.0114308269694447,0.5307251811027527,3.9468344766646624e-05,0.0048954966478049,-0.169311910867691,0.1631825566291809,0.1348147094249725,-0.1246976628899574,-0.0753033086657524,-0.1733515262603759,-0.3728401362895965,-0.037441574037075,0.0022554332390427,0.1149741858243942,-0.008273459970951,-0.4999723136425018,0.0272678080946207,-0.1426066905260086,-0.0147637166082859,-0.6330936551094055,-0.8471771478652954,-0.0292641818523406,-0.0145145282149314
-0.0527947433292865,-0.1962238550186157,-1.4156874385662375e-05,0.0043123243376612,0.0355256982147693,0.0277779698371887,-0.0420491211116313,-0.0760738998651504,-0.0057217329740524,-0.043158832937479,-0.2319997251033783,-0.0377899669110775,0.0472555607557296,-0.0863016545772552,-0.0140191912651062,-0.4510998129844665,0.064904436469078,-0.3588777780532837,-0.1908651739358902,-0.4885540604591369,-0.7908573746681213,-0.0456113070249557,-0.0145145282149314
0.0062104267999529,1.2670120000839231,-9.785340807866303e-06,-0.0017577102407813,0.0579550899565219,0.0280083827674388,0.386379599571228,-0.2249864339828491,0.1438945531845092,0.0471035316586494,-0.2901626527309418,-0.0328766778111457,-0.0369674786925315,0.1907718032598495,0.0079008881002664,0.0389931686222553,0.0693631768226623,-0.0668930113315582,-0.0157056804746389,-0.4387316703796386,-0.6259527802467346,-0.0053280256688594,-0.0145145282149314
-0.0015823126304894,-1.5194357633590698,-4.293731763027608e-06,0.0010562172392383,-0.0550197958946228,-0.0846450477838516,0.1612521559000015,-0.0950448289513588,-0.0467916242778301,-0.0524759888648986,-0.1260985881090164,0.3297640383243561,0.0239602569490671,0.0979292318224906,0.0370302647352218,0.2015359103679657,-0.0721541941165924,-0.5700901746749878,0.007494643330574,0.6667930483818054,1.391299843788147,0.0405105538666248,-0.0145145282149314
-0.0360020287334919,1.3259546756744385,-0.0001767316134646535,-0.0337868444621562,-0.0595521815121173,-0.0599318034946918,-0.235838234424591,0.0055505032651126,-0.138539120554924,-0.1673353910446167,0.4649205505847931,0.0534499436616897,0.0128920702263712,-0.0194467362016439,0.0467148497700691,-0.0142329446971416,0.0054561183787882,-0.0293288230895996,-0.0228413324803113,-0.5036336779594421,-0.7658838629722595,0.0200697500258684,-0.0145145282149314
-0.0771489962935447,-0.1953666806221008,-8.605937182437629e-06,0.0026919918600469,-0.1482673734426498,-0.0086901318281888,0.0288199596107006,0.0075086546130478,-0.0320521518588066,0.0622356720268726,-0.097793698310852,-0.0370209217071533,0.0730019509792327,-0.1260652244091034,-0.013943551108241,0.0453956499695777,-0.0850148126482963,0.4973284006118774,0.6053156852722168,-0.4578025043010711,-0.6247172355651855,-0.0387326180934906,-0.0145145282149314
0.0317298658192157,-0.2704137861728668,-3.762474079849199e-05,0.0026204220484942,0.0126853520050644,-0.0304535217583179,0.270279198884964,-0.0069413357414305,-0.0079705910757184,0.0728993564844131,-0.1359874457120895,-0.177247941493988,0.0155160874128341,-0.0318281836807727,-0.0563703179359436,-0.2207216471433639,0.1049524396657943,-0.0034009022638201,-0.049208927899599,0.8072454929351807,0.5936599969863892,-0.0293548256158828,-0.0145145282149314
0.0562110915780067,0.5462802052497864,-1.5072608221089467e-05,0.0025693944189697,0.0776757970452308,0.1005615517497062,0.2820295095443725,-0.1668065786361694,-0.0212943218648433,0.0792857930064201,0.0671444535255432,-0.0846350193023681,-0.0432254038751125,0.1969631165266037,0.0156619772315025,-0.0247076470404863,-0.0627859830856323,0.678875744342804,0.0958175435662269,-0.4477912187576294,-0.6045520901679993,0.0030634701251983,-0.0145145282149314
-0.0021500203292816,-1.8140485286712649,3.9454658690374345e-05,-0.0097714699804782,0.0223657917231321,-0.1110509559512138,-0.0845379382371902,-0.118630401790142,0.1361514776945114,0.0468418896198272,-0.179924726486206,-0.013432546518743,-0.0643503218889236,-0.0253767389804124,0.0633204281330108,0.0671099796891212,0.0102023789659142,-0.1060961186885833,-0.0678752586245536,-0.480457454919815,-0.7684074640274048,-0.0121918804943561,-0.0145145282149314
0.0241630729287862,-1.7917550802230835,-0.00035391529672779143,0.0023108047898858,-0.0575233064591884,0.1335936188697815,-0.2093341052532196,-0.0390427373349666,-0.0222779270261526,0.0858417674899101,-0.2370935082435608,-0.0454159267246723,0.0665092915296554,-0.1291407942771911,-0.0232662092894315,0.0579669624567031,0.0178703404963016,-0.0291288886219263,-0.0387263000011444,-0.4713607430458069,-0.7999378442764282,-0.0057859742082655,-0.0145145282149314
-0.04307696595788,1.3313374519348145,-2.945253800135106e-05,0.0096303913742303,0.1045437827706337,0.1279473304748535,-0.3673097491264343,0.2380424737930297,-0.0912180766463279,0.0667619556188583,0.2554032504558563,-0.0491837225854396,-0.1084941774606704,-0.1300063729286193,-0.044927280396223,0.030381191521883,0.0025570895522832,0.5514357686042786,-0.0092659518122673,-0.3913630545139313,-0.5624918937683105,-0.0078417118638753,-0.0145145282149314
-0.0100758336484432,0.7275329232215881,0.0004468434490263462,-0.0304473396390676,-0.013993083499372,0.0075692990794777,-0.189474731683731,0.0197986401617527,-0.1388056576251983,-0.1149297580122947,-0.245194599032402,0.086957611143589,0.0175009444355964,-0.058890976011753,0.090400330722332,0.0330879800021648,0.0213665030896663,-0.0446496754884719,-0.005566397216171,-0.5560593008995056,-0.8428054451942444,0.0240057632327079,-0.0145145282149314
-0.0632158368825912,-0.2609834671020508,-5.590209912043065e-05,-0.0018060605507344,-0.0179778188467025,-0.0346259512007236,0.0235004909336566,-0.0816482901573181,0.0645805522799491,0.0185316540300846,-0.1501778066158294,-0.1392220705747604,0.0654201880097389,-0.068909540772438,-0.0374415777623653,0.0645310878753662,0.0627921149134635,0.074359580874443,0.0203662365674972,0.835017204284668,1.1807695627212524,0.0019086151150986,-0.0145145282149314
-0.026877811178565,0.9991353750228882,-1.81680079549551e-05,0.0030234456062316,0.0015327909495681,-0.0294710546731948,-0.205601081252098,-0.1329503953456878,-0.0898181051015853,0.0536360442638397,0.087818332016468,-0.0377790331840515,-0.009387195110321,0.0238808542490005,-0.0629287362098693,-0.2635124325752258,-0.0378783270716667,0.0112502332776784,-0.0537303127348423,0.6766295433044434,1.8300578594207764,-0.0367372669279575,-0.0145145282149314
-0.0268228333443403,0.5813396573066711,-0.0001148476148955524,-0.0073752501048147,-0.0429850406944751,0.0895053595304489,-0.0820448473095893,-0.1423483788967132,-0.0270878504961729,0.0608799085021019,-0.1914464086294174,-0.0579651221632957,0.0828976333141326,-0.1448586881160736,-0.0511108450591564,0.0939631685614585,0.0516250394284725,-0.0189745537936687,-0.008216705173254,-0.5324598550796509,-0.7983898520469666,0.0278637763112783,-0.0145145282149314
-0.0159579720348119,0.1776160895824432,-3.994937287643552e-07,0.0026247042696923,-0.0057320110499858,-0.1648565679788589,0.0662211254239082,-0.1578963845968246,-0.0755980163812637,-0.0107273962348699,-0.3011165857315063,-0.0969899743795394,-0.041401520371437,0.2060951143503189,-0.03749805316329,-0.4997860491275787,0.0389964133501052,-0.4883134365081787,-0.1226076632738113,-0.516262412071228,-0.8852418661117554,-0.0960157811641693,-0.0145145282149314
-0.0351400673389434,0.8127573132514954,-2.898297680076212e-05,0.0037058372981846,0.0183786153793334,0.0387487262487411,0.0984165593981742,-0.0008372997981496155,0.0801132097840309,-0.0069797704927623,0.1674440205097198,0.1359097063541412,0.0005974504165351391,0.1174311935901641,-0.0482465364038944,0.1122414246201515,-0.0672693327069282,0.2139438837766647,-0.0458419732749462,0.7312642335891724,0.9584525227546692,0.0046447133645415,-0.0145145282149314
0.0114279873669147,0.4706949293613434,-1.135176353272982e-05,0.0082635441794991,-0.0091756545007228,0.0394059047102928,-0.354928195476532,0.1327877938747406,0.0745996087789535,0.0848195031285286,0.1067449226975441,0.0214735213667154,0.0212028808891773,0.0479782000184059,0.0032713306136429,0.218747466802597,-0.0077884122729301,0.0397019274532794,-0.0059026214294135,0.7592800259590149,1.0261313915252686,0.0014290455728769,-0.0145145282149314
0.0034044780768454,0.8047320246696472,1.4121906133368614e-07,0.0012449497589841,-0.1032003685832023,-0.3870647847652435,0.2188295125961303,-0.2115398496389389,-0.0158490240573883,0.1282171607017517,-0.193237155675888,-0.1000624746084213,-0.033680684864521,0.0574075691401958,-0.0405670441687107,-0.2591358721256256,0.0004154113703407347,0.4274815917015075,-0.0532896779477596,0.6400208473205566,0.8372291326522827,-0.0259629040956497,-0.0145145282149314
0.0076597612351179,0.976119577884674,-2.421305543975905e-05,0.0020397929474711,5.980984860798344e-05,0.0473929308354854,-0.0981612876057624,0.163394957780838,0.0716703608632087,0.0959890037775039,0.1525164693593979,0.1076035946607589,0.0305981636047363,0.0838110074400901,0.035698227584362,0.040585096925497,-0.025020096451044,0.3496668636798858,-0.0678950399160385,0.657174825668335,2.0571584701538086,0.0365762114524841,-0.0145145282149314
-0.0481261983513832,1.207527995109558,2.1455518435686827e-05,0.0039430437609553,0.2128559798002243,-0.3356700241565704,0.2445659786462783,-0.2211000174283981,-0.0336726456880569,0.1206488311290741,0.3871273100376129,-0.0408623181283474,0.0038120753597468,0.1561713814735412,0.0785486847162246,-0.2423887848854065,0.0171800162643194,-0.3696193695068359,-0.0007133945473469794,-0.3902954459190368,-0.4940552115440368,-0.0209670793265104,-0.0145145282149314
-0.0198883414268493,-1.4310438632965088,-1.4464494597632438e-05,0.0006251685554161668,-0.0517365112900733,0.0047279200516641,-0.147481083869934,-0.1300743222236633,-0.0979913398623466,0.017588909715414,-0.2304593622684478,-0.081217736005783,0.0285332780331373,-0.0140155516564846,-0.0269872415810823,-0.2242098599672317,-0.0989904627203941,-0.4629160463809967,-0.2029453665018081,0.6883993148803711,1.6539016962051392,-0.0381381809711456,-0.0145145282149314
0.0897846147418022,0.1227824166417121,5.886093276785687e-06,0.0039505651220679,0.016212947666645,-0.1166403517127037,0.2262927293777465,-0.0528905875980854,-0.021283134818077,0.0888771414756774,0.0802911892533302,0.2385415881872177,0.1339697241783142,0.3718499541282654,0.052174724638462,-0.0707905814051628,-0.0587238669395446,0.6131606101989746,-0.084812194108963,-0.4512749314308166,-0.6201822757720947,-0.0342518799006938,-0.0145145282149314
0.0604864805936813,1.3459656238555908,-2.0294020941946656e-05,0.0120828179642558,0.075464017689228,0.158981904387474,-0.034723337739706,-0.1233694478869438,-0.0123338606208562,-0.1428977996110916,-0.1139169633388519,0.319710224866867,0.0390185713768005,0.147621676325798,-0.0115535873919725,-0.4112284183502197,0.0412902981042861,0.0018274779431521,-0.0361692197620868,-0.4552551805973053,-0.6433402299880981,-0.0208665952086448,-0.0145145282149314
-0.0212980173528194,0.4561887383460998,-1.5558907762169838e-05,-0.0085414815694093,0.0126892197877168,-0.2111937552690506,0.1418289542198181,-0.0037054580170661,0.0063977777026593,0.0438679121434688,0.0501665696501731,0.2083516716957092,0.0083224438130855,0.088002860546112,0.1424429565668106,0.0960282012820243,0.0027546528726816,0.1203653216361999,0.0092530250549316,0.7622411847114563,0.7032946348190308,-0.0123945353552699,-0.0145145282149314
-0.018358789384365,-0.2580749690532684,-2.6950205210596323e-05,0.0048905494622886,-0.1447307914495468,0.1636962294578552,-0.1760615110397339,-0.0972541570663452,-0.0559629052877426,-0.0398362912237644,-0.2972014844417572,-0.0100413775071501,-0.031465645879507,0.1083685383200645,-0.0684829428791999,0.4597035050392151,0.0406834110617637,-0.0537108294665813,-0.0292553380131721,-0.4686944782733917,-0.7292739748954773,-0.0031077966559678,-0.0145145282149314
0.0225830618292093,0.484773576259613,-4.066061956109479e-05,0.0023710660170763,0.1172852590680122,-0.0206103790551424,-0.2228963375091552,0.2834749221801758,-0.0947959423065185,0.0948309674859047,0.1369747221469879,-0.0759689509868621,0.0364312753081321,-0.2249762117862701,0.0137682557106018,-0.2042807340621948,-0.0273224953562021,-0.3958309292793274,-0.0550252608954906,-0.4777605831623077,-0.713264524936676,-0.0911875888705253,-0.0145145282149314
-0.0311030764132738,0.2344067245721817,-9.929033694788814e-05,0.0013611322501674,0.0223356671631336,-0.0045141242444515,0.0176923964172601,0.1638965457677841,0.0861781612038612,0.0052605150267481,0.1010274812579155,-0.0513554252684116,0.0576184913516044,-0.0797655135393142,0.0234450884163379,-0.0543984808027744,-0.0602308772504329,0.3222184181213379,0.1625780016183853,0.6811607480049133,1.942679762840271,0.0071539981290698,-0.0145145282149314
0.0288828797638416,-1.8089205026626587,-2.5743232981767505e-05,-0.0029034579638391,-0.0204378608614206,0.0775497555732727,-0.4067033231258392,-0.1300096958875656,0.0742014646530151,0.054902397096157,-0.2575773298740387,-0.0731973722577095,0.0517144799232482,-0.0730774328112602,-0.050537571310997,0.0013225219445303,0.0014754293952137,-0.0370867177844047,-0.0302029978483915,-0.4611827135086059,-0.7980502843856812,0.0132344467565417,-0.0145145282149314
-0.0088833477348089,-1.039367914199829,-3.617212496465072e-05,-0.00027338776271790266,0.0347555316984653,-0.083965428173542,-0.1390555799007415,0.0393772386014461,-0.0017126525053754,0.1395043432712555,0.0184049606323242,-0.035975482314825,0.0444877073168754,0.0158697459846735,-0.0437086895108222,0.2084262818098068,0.0241790022701025,0.1667753905057907,0.2926396429538727,0.7676298022270203,1.7331130504608154,0.0127723282203078,-0.0145145282149314
-0.0876653641462326,0.0118650207296013,-7.413022103719413e-06,0.0048727481625974,-0.1354598701000213,-0.025953721255064,-0.1799977570772171,0.2372874468564987,-0.0668051615357399,0.0173044744879007,-0.1027352213859558,0.0037502781488001,0.0500773638486862,0.0411350578069686,0.0672926902770996,0.0165530405938625,-0.0213351491838693,0.3773317337036133,0.3685885667800903,-0.4503104984760284,-0.6336631178855896,0.0094960620626807,-0.0145145282149314
-0.0627710148692131,-1.603568196296692,-5.0430011469870806e-05,0.0032226149924099,0.0365239754319191,0.0977957248687744,-0.2600809633731842,-0.1186380684375763,0.1091569140553474,0.0207599252462387,-0.3182091414928436,-0.0556266643106937,-0.0561973415315151,-0.2089680284261703,-2.720864722505212e-05,0.2487472891807556,-0.0740906968712806,-0.2012726813554763,-0.1302182078361511,-0.39007368683815,-0.682559072971344,0.0200527273118495,-0.0145145282149314
-0.0012809728505089,-0.965717911720276,-1.4931851183064282e-05,-0.004012999124825,0.0419381558895111,0.0694037824869155,-0.1647885739803314,-0.034657996147871,-0.0195245835930109,-0.0211764536798,-0.1460861563682556,-0.0532777197659015,0.0132497921586036,-0.0876138061285018,-0.0330033861100673,-0.1029122099280357,-0.0225141998380422,0.6036627888679504,0.7669622302055359,-0.4521216452121734,-0.6829649209976196,-0.0349946357309818,-0.0145145282149314
-0.0026340475305914,0.0580642372369766,-1.3015818694839254e-05,0.0026259927544742,-0.0288003534078598,0.0310625024139881,0.1430404782295227,0.0031480232719331,-0.0306460112333297,0.0700529292225837,0.1251202523708343,0.2403658777475357,0.1065987348556518,0.0725876688957214,0.0367234200239181,0.0003016426635440439,-0.0334270223975181,0.3852641582489013,0.0751312673091888,0.7554273009300232,0.9794726967811584,-0.0007298307027667761,-0.0145145282149314
0.0479675121605396,1.1937692165374756,-2.4642700736876577e-05,0.0027176702860742,-0.0161343626677989,0.0461967885494232,-0.0136758191511034,-0.0126831931993365,-0.0195947345346212,0.0434268228709697,0.154864102602005,-0.0654810741543769,0.0672234520316124,0.02744622528553,0.0576590821146965,-0.0826806798577308,0.0279255546629428,0.294632613658905,-0.0139472829177975,0.6754295825958252,1.717125415802002,-0.0084479711949825,-0.0145145282149314
0.0426097363233566,-0.936647891998291,-0.00013834121637046337,-0.0071013118140399,-0.018285209313035,0.010254013352096,-0.3626684844493866,0.2201276570558548,-0.0342699848115444,0.2656127214431762,-0.2074442356824875,-0.0819375663995742,0.0403692871332168,-0.172785684466362,0.0303308013826608,0.1027050018310546,0.0294673331081867,0.0185328256338834,-0.0038829559925943,-0.5162753462791443,-0.7832905054092407,0.011881535872817,-0.0145145282149314
0.0602510161697864,-0.2119837701320648,-2.1927364286966625e-05,-0.0047668991610407,0.032531913369894,0.0561572238802909,-0.3595975041389465,0.1111120209097862,-0.0283432230353355,0.0879281088709831,0.0769044011831283,-0.020431637763977,-0.1530799567699432,-0.0098923193290829,0.152066484093666,0.0331832580268383,-0.0567851401865482,0.0761147886514663,0.005693229380995,0.8206523656845093,0.7564014792442322,-0.0093582943081855,-0.0145145282149314
0.0186437722295522,0.1358258426189422,-1.909460843307897e-05,0.0027292009908705,0.1235198825597763,0.0288837030529975,-0.3170283734798431,-0.0327409543097019,0.0071732932701706,0.0482577867805957,0.0557414218783378,-0.1330271661281585,-0.2626948654651642,-0.1616846174001693,-0.0357392616569995,-0.0448932871222496,0.0170441716909408,-0.3976114392280578,0.0246496144682168,0.6641879081726074,-0.2712330818176269,-0.0060971360653638,-0.0145145282149314
0.002355428179726,1.0108619928359983,-1.6188561858143657e-05,0.0031007893849164,-0.3053868412971496,0.0630440115928649,-0.1429423838853836,0.2947352230548858,-0.0347997136414051,0.0607394389808177,0.1382190734148025,-0.0198511555790901,0.046232920140028,0.0189623944461345,0.0631927922368049,-0.2260468602180481,0.0156958363950252,-0.6254622340202332,-0.0108021376654505,0.5755011439323425,0.996418595314026,-0.0021329692099243,-0.0145145282149314
-0.0173770077526569,-1.8985551595687864,-0.0001951659214682877,-0.0054574254900217,0.0535590760409832,-0.0245319046080112,-0.3360064923763275,-0.0664174929261207,-0.0187126770615577,0.1343249231576919,-0.3114540576934814,-0.0574911721050739,0.067603051662445,-0.1690129190683365,-0.0063693514093756,-0.0310018640011549,-0.0021957990247756,-0.0728396847844123,-0.0182834938168525,-0.4632716178894043,-0.6961646676063538,0.0057061384432017,-0.0145145282149314
0.0517800934612751,-1.9955899715423584,-5.714457074645907e-05,0.0025514296721667,-0.089829184114933,0.1231240108609199,0.1283125579357147,-0.1781413555145263,0.0880774334073066,0.0608512200415134,-0.2132694572210312,-0.0617651641368866,-0.04807685688138,-0.1948854923248291,0.0521565414965152,0.2087490409612655,-0.0490027889609336,-0.0041412375867366,-0.1609662622213363,-0.4557132124900818,-0.7010742425918579,0.0166378319263458,-0.0145145282149314
-0.0543047674000263,1.235179781913757,-4.928901034872979e-06,0.014995714649558,-0.1295871287584304,0.1825756281614303,-0.3986203074455261,0.0717632099986076,0.0475254394114017,0.2133533805608749,0.4378379583358764,-0.0522123090922832,-0.0561764277517795,0.1130802035331726,0.0987054109573364,-0.0927299708127975,-0.003903898410499,-0.3893315196037292,0.0075815389864146,-0.4561268389225006,-0.592668354511261,0.0249755103141069,-0.0145145282149314
0.0372513234615325,0.9930400848388672,-2.0912651962134987e-05,0.0153003856539726,-0.1054456532001495,0.1069859117269516,-0.4635401368141174,-0.0274864863604307,0.0075201415456831,0.1733058989048004,0.1057284399867057,0.1941645592451095,0.005562987178564,0.1451132595539093,0.0747380554676055,0.1256581544876098,-0.0232695750892162,-0.1873688399791717,-0.0319548361003398,0.7893539071083069,0.001331879524514,0.0239950809627771,-0.0145145282149314
-0.0194267611950635,0.2911299169063568,8.602048183092847e-05,-0.0033995541743934,-0.0283603463321924,-0.0920448675751686,0.1660110503435135,-0.0144313499331474,0.0271123871207237,0.0450852587819099,-0.0856793671846389,0.2358010113239288,0.0087041603401303,0.0685145333409309,-0.0011697055306285,0.0688489004969596,-0.0247169639915227,0.2403726428747177,0.0454691462218761,0.834214448928833,1.581404447555542,0.0112305982038378,-0.0145145282149314
0.0421431101858615,1.058355450630188,1.595210051164031e-06,0.0049849492497742,0.0074903406202793,-0.1847379803657531,0.2835454642772674,0.2728796899318695,-0.0784278213977813,0.0299792308360338,0.5614885091781616,0.0093154218047857,-0.0320727005600929,0.2084949016571045,-0.0172769669443368,-0.1776996850967407,0.0284394472837448,-0.5282469987869263,0.0051783742383122,-0.3828811049461365,-0.511258065700531,-0.0221361313015222,-0.0145145282149314
-0.0100026773288846,-2.0390167236328125,-2.3830507416278124e-05,0.0019498470937833,-0.0354566313326358,0.0172441527247428,0.2855240702629089,-0.1430692970752716,-0.0076035340316593,-0.0185650028288364,-0.2030609995126724,-0.0245162863284349,-0.0256361309438943,-0.1461536735296249,0.0296813938766717,-0.0907141715288162,-0.0276522301137447,-0.4305687248706817,-0.1850013136863708,-0.3930991291999817,-0.6839721202850342,-0.0056427000090479,-0.0145145282149314
-0.0155094787478446,-1.6672168970108032,-6.000132998451591e-05,0.0029594521038234,-0.0847790539264679,0.1501697450876236,-0.1828314810991287,-0.0893052667379379,0.0491770729422569,0.0493963509798049,-0.0952774286270141,-0.042566642165184,-0.0620167069137096,-0.1604284048080444,-0.072698175907135,0.2207430750131607,0.0167105048894882,-0.0099541172385215,-0.1375714689493179,-0.4442914128303528,-0.7214834690093994,0.022947322577238,-0.0145145282149314
-0.026238964870572,-0.0533743053674697,-2.0306040823925287e-05,0.0026842586230486,-0.0552569478750228,-0.3225274980068207,0.1085421591997146,-0.3033680021762848,-0.0192851740866899,0.0868257135152816,0.0942685678601265,-0.0782044902443885,0.0276213884353637,0.0390797406435012,-0.0313398279249668,-0.2828564643859863,-0.0449445620179176,0.1450863927602768,-0.0017730358522385,0.8482991456985474,1.7116811275482178,-0.0041714673861861,-0.0145145282149314
-0.1194219216704368,1.0522336959838867,-2.525903983041644e-05,0.0028717219829559,-0.0333566404879093,-0.1236616149544715,-0.1837007701396942,0.1263391971588134,-0.0178767684847116,0.172631487250328,0.1471700072288513,-0.0841956213116645,-0.0340424738824367,0.0628973841667175,-0.0578121915459632,0.0147632025182247,-0.0608045868575573,0.38847216963768,-0.0820939838886261,0.5977373123168945,-0.3104901015758514,-0.0486106388270854,-0.0145145282149314
-0.0058171423152089,-0.0172512326389551,-1.0362618922954424e-05,0.0027793012559413,0.1773619353771209,-0.1077326387166976,-0.343192994594574,-0.0737045556306839,-0.028842743486166,0.1585628390312194,0.3605552017688751,0.3422607481479645,0.0029866693075746,0.3423338532447815,-0.0294213593006134,0.0198211874812841,0.0084769781678915,-0.0525480508804321,-0.0722900256514549,-0.4179732501506805,-0.6350855231285095,-0.0125545924529433,-0.0145145282149314
0.0367064476013183,1.0998718738555908,-2.216156281065196e-05,0.004902976565063,-0.0254770591855049,-0.0050124493427574,-0.324123352766037,-0.0694222375750541,0.0045508919283747,0.1071942597627639,0.2939894497394562,0.0819573700428009,0.0182819794863462,0.0629572495818138,0.0245944578200578,0.1072721108794212,-0.0075097368098795,0.4813635051250458,-0.0335809178650379,0.6941176652908325,1.1184210777282717,0.0477788038551807,-0.0145145282149314
-0.0064213094301521,-2.26352858543396,-5.262898048385978e-05,-0.0020790765993297,-0.0671898052096366,-0.0133264195173978,0.2105022072792053,-0.1276927441358566,-0.0511662289500236,0.0101366359740495,-0.2196731865406036,-0.0149586768820881,-0.0612062513828277,-0.1555138528347015,-0.0803547948598861,-0.0140989329665899,0.0144170587882399,-0.0816337689757347,-0.0591176524758338,-0.5317866802215576,-0.8164353370666504,0.007736871484667,-0.0145145282149314
0.0453842058777809,0.5935767292976379,-5.787276313640177e-05,0.0135713350027799,-0.013528324663639,-0.0516931340098381,-0.0863419473171234,-0.1256449371576309,0.1068992093205452,0.2390780597925186,0.2196642458438873,-0.0473662130534648,0.0155965900048613,-0.0847058743238449,-0.0429790392518043,-0.061614517122507,0.0431608147919178,0.2974183857440948,-0.0915273502469062,-0.4936361610889435,-0.7004823088645935,0.0049199825152754,-0.0145145282149314
0.0321926549077034,1.2020440101623535,-9.45024294196628e-06,0.0026414284948259,0.0448038466274738,0.0167017877101898,-0.1295004934072494,0.0046936245635151,0.0524635054171085,0.0816553905606269,0.0662019923329353,-0.0177444703876972,-0.0411184951663017,0.0719564855098724,-0.0157091356813907,-0.2440143376588821,0.0469045229256153,0.3935926854610443,-0.0290328450500965,0.6139018535614014,2.22279691696167,-0.0420418605208396,-0.0145145282149314
-0.0044637052342295,-0.3314396739006042,-1.4127752365311608e-05,0.0024511364754289,0.1033571511507034,0.0024833702482283,0.2803615629673004,0.0625981017947197,-0.0288066864013671,0.1684011369943618,0.0749128684401512,-0.0937051400542259,0.0641297474503517,0.0304697435349226,0.0078124562278389,0.1451771259307861,-0.0723141059279441,-0.4888620674610138,-0.0183831192553043,0.7478657960891724,2.1440834999084477,-0.0084458291530609,-0.0145145282149314
-0.0192652344703674,-2.057147741317749,-3.447939525358379e-05,-0.0088931396603584,0.0046996483579277,-0.1107550710439682,-0.1541431248188018,-0.1114043444395065,0.0405280664563179,0.0090569509193301,-0.2469870597124099,-0.0269585009664297,-0.0478298962116241,-0.0373714156448841,-0.0096138976514339,0.297500878572464,0.0142734330147504,-0.0363567546010017,-0.0609991140663623,-0.4422829449176788,-0.7412644028663635,0.01513029076159,-0.0145145282149314
0.0739597007632255,1.429493069648743,-3.571807610569522e-05,0.0091714225709438,0.0458772145211696,0.0060140406712889,0.2334977686405182,-0.1168782189488411,-0.0014530539046972,-0.0583265908062458,-0.2421947568655014,0.0284619368612766,0.0111051639541983,-0.0741975381970405,-0.021852221339941,0.0720598772168159,-0.003169271396473,0.3512848317623138,0.0319308452308177,-0.4276118874549866,-0.585483968257904,-0.0031014033593237,-0.0145145282149314
-0.0604544952511787,0.9829545617103576,-1.4832559827482328e-05,0.0061260811053216,-0.0258441399782896,0.2947013676166534,-0.2815859019756317,0.1091118305921554,-0.0632723495364189,-0.2940377295017242,0.1545204818248748,0.0420190095901489,0.0069969892501831,0.08496855199337,-0.0363086238503456,0.0694732964038848,-0.1691432744264602,0.2418298125267028,-0.049440611153841,-0.4566139578819275,-0.6964249014854431,-0.015338409692049,-0.0145145282149314
-0.0595333687961101,1.0753215551376345,-1.6342124581569806e-05,0.0047287405468523,0.046793982386589,-0.1947026997804641,-0.2555036246776581,0.2034183591604232,-0.0164381433278322,0.0692732259631156,0.1376705914735794,-0.0641674473881721,0.0263024009764194,-0.0728820860385894,-0.0476374849677085,-0.1141889095306396,-0.0987821444869041,-0.2761304676532745,-0.0167633257806301,-0.4766749441623688,-0.8447726368904114,-0.0701260492205619,-0.0145145282149314
0.0932414084672927,1.4547970294952393,-0.0001572211622260511,-0.0225030910223722,0.0257762093096971,-0.3514308333396911,0.0673644468188285,-0.0479824654757976,-0.0718573853373527,0.0900622010231018,0.2032619714736938,-0.0367502756416797,0.0670861527323722,-0.1447285115718841,-0.0529562607407569,0.0567770525813102,0.0053694532252848,-0.0692915767431259,-0.0301828049123287,-0.5078051090240479,-0.7319360971450806,0.0110029242932796,-0.0145145282149314
-0.0108821922913193,-0.0870769023895263,-3.8999205571599305e-05,0.0043965736404061,-0.0263152662664651,0.013403438962996,-0.0325457900762558,0.0074732229113578,-0.1019577756524086,0.0339223854243755,0.1054029390215873,-0.0481810607016086,-0.1091587021946907,-0.1032812595367431,-0.0148924859240651,0.3212909698486328,0.0143818287178874,0.1774105578660965,0.0674114972352981,0.7666364312171936,1.7536252737045288,0.0392117016017437,-0.0145145282149314
0.0726868361234664,0.0160531643778085,-2.931945346063003e-05,0.0031758772674947,-0.0404777005314827,0.0095597691833972,-0.0042849211022257,-0.0244520641863346,-0.0581359528005123,0.0188509728759527,-0.1889299601316452,-0.1659331023693084,-0.0314599201083183,-0.0533114001154899,-0.0297430008649826,0.1959661096334457,0.0196104738861322,-0.3132961094379425,-0.0956649631261825,0.7164506912231445,1.0351144075393677,0.0058797658421099,-0.0145145282149314
-0.0540924333035945,-1.6185091733932495,-4.363161133369431e-05,-0.0003083530173171312,0.0378671325743198,0.1049865186214447,-0.1896858364343643,-0.1309162825345993,-0.0438111312687397,-0.0467676818370819,-0.372081309556961,-0.0648948326706886,-0.0436102412641048,0.2375572621822357,-0.0184922367334365,-0.2317023873329162,-0.0293766930699348,-0.3433837890625,-0.2764035761356354,-0.3925181329250335,-0.7052903175354004,-0.0316062904894351,-0.0145145282149314
0.0507796145975589,-0.0322227105498313,-3.0919873097445816e-05,0.0044738003052771,-0.023491483181715,0.0081723760813474,0.4091990888118744,-0.1492981016635894,0.116520345211029,-0.1331064850091934,-0.0614084862172603,-0.0215020067989826,-0.0147504778578877,0.0634571239352226,0.0136668439954519,-0.1147633790969848,0.03792579844594,0.2089614272117614,0.323125809431076,0.7354903817176819,0.140091210603714,-0.001903211697936,-0.0145145282149314
-0.017776571214199,-1.7052122354507446,-5.8201534557156265e-05,-0.0029025569092482,-0.0174232404679059,0.0197719298303127,-0.2523220181465149,-0.146930381655693,-0.0653464123606681,0.0350351929664611,-0.1761178821325302,-0.0226576533168554,-0.0791811123490333,-0.175067663192749,-0.0217616949230432,0.0295867547392845,0.020040113478899,-0.0911052748560905,-0.0479783080518245,-0.506946325302124,-0.8121076226234436,0.0176373310387134,-0.0145145282149314
0.0956741571426391,-1.834646224975586,-5.9853373386431485e-05,0.0046628732234239,0.0474470369517803,0.0484304390847682,-0.3438843488693237,-0.1033153086900711,-0.0035222903825342,0.1010293215513229,-0.2571343779563904,-0.0612858720123767,-0.0732893422245979,-0.0155711648985743,-0.0477368608117103,0.1170795336365699,0.0265833679586648,-0.2401685416698455,-0.0792208015918731,-0.4019402861595154,-0.7456609010696411,0.0013923108344897,-0.0145145282149314
0.0007701413705945015,-2.1348986625671387,-0.000233375933021307,0.0019836639985442,-0.0921406596899032,-0.0164588429033756,-0.0919293612241745,-0.1269355863332748,-0.007821824401617,0.0787727832794189,-0.2706626653671264,-0.0207956414669752,-0.0675982013344764,-0.1921645700931549,0.0057909451425075,0.0618235394358634,-0.0908164903521537,0.2164765447378158,-0.1257491409778595,-0.4544330537319183,-0.7891325354576111,0.0041907066479325,-0.0145145282149314
-0.0391210913658142,-1.4233906269073486,-0.00023312060511671007,0.0012940624728798,0.0127642191946506,-0.0316376313567161,0.0411391891539096,-0.0864728763699531,-0.0232865512371063,0.0920021310448646,-0.2402691841125488,-0.0674232020974159,0.0152617404237389,0.4368112981319427,0.031112652271986,-0.2984367907047272,0.0262299608439207,-0.3265832960605621,-0.1287038624286651,-0.3604084849357605,-0.7034738659858704,-0.0421614497900009,-0.0145145282149314
0.0218539293855428,1.0861117839813232,-1.8430302588967606e-05,0.0133218150585889,0.0496107004582881,0.0032373641151934,0.2578810751438141,-0.2586627304553985,0.0364879891276359,0.0187641121447086,0.2989744246006012,0.0049156718887388,0.0027965432964265,0.1128336489200592,0.0402320809662342,0.445757508277893,0.0466879084706306,0.064054399728775,0.1266998052597046,-0.4040290415287018,-0.4952485859394073,-0.0041359355673193,-0.0145145282149314
-0.0128547549247741,-1.7137126922607422,-0.0001974494807654992,0.0016587271820753,-0.0482971593737602,-0.0817796140909195,-0.1911360621452331,-0.1326132118701934,-0.0760824307799339,-0.2261282503604889,-0.2376488447189331,0.1540698409080505,-0.0344410799443721,-0.0622934587299823,0.0964104309678077,-0.0331399776041507,0.0160146169364452,-0.3176381587982178,-0.1500459164381027,-0.4445146918296814,-0.7418633103370667,-0.0211933199316263,-0.0145145282149314
0.0324127413332462,0.6271877288818359,-1.7082937119994313e-05,0.0042230891995131,-0.0539896190166473,0.0693844035267829,-0.0290144830942153,0.1600356698036193,-0.0189204383641481,-0.0031699028331786,0.1946120858192443,-0.0369059666991233,0.0211639534682035,0.0209149289876222,0.0414997227489948,0.0887839123606681,-0.076968565583229,0.0262453760951757,-0.023180715739727,0.7536910772323608,2.051856279373169,0.0195391736924648,-0.0145145282149314
0.0213464964181184,-0.1464830338954925,2.8061818738933653e-05,0.0033825144637376,-0.1592982858419418,0.0295047555118799,0.2188207507133484,-0.1080195307731628,-0.0155020989477634,0.0083336262032389,0.1489259302616119,0.0626446604728698,-0.0360575802624225,-0.0171013157814741,0.0868692174553871,-0.4562402665615082,0.104436494410038,-0.4390619993209839,-0.0927836671471595,-0.5435158014297485,-0.7255348563194275,-0.0594456419348716,-0.0145145282149314
-0.0064599723555147,-2.1911370754241943,-0.0006040063453838229,-0.0025190091691911,0.0245198793709278,-0.024880576878786,-0.0885000675916671,-0.2083150595426559,-0.0663206279277801,0.0167522486299276,-0.2653549909591675,-0.0273264590650796,0.0261765327304601,-0.109422393143177,-0.0195944216102361,-0.0120993116870522,0.0185166504234075,-0.0782093405723571,-0.0692975148558616,-0.4902336895465851,-0.8195524215698242,-0.00012805503502022475,-0.0145145282149314
0.0074706492014229,0.976778507232666,-1.2498367141233755e-05,0.0045990939252078,-0.0328809171915054,0.0624853260815143,-0.2278058528900146,-0.0148372957482934,-0.079999566078186,0.0468640215694904,0.1520779132843017,-0.0892654433846473,0.0291074085980653,0.0266092643141746,-0.087087906897068,-0.157030701637268,-0.0290222018957138,-0.5917956233024597,0.0288957841694355,0.6847578883171082,0.937753200531006,-0.0303642023354768,-0.0145145282149314
-0.0469221733510494,0.79677414894104,-8.04617302492261e-05,-0.0091554960235953,-0.0975518003106117,-0.074013166129589,-0.0422142222523689,0.1509685069322586,-0.0522801950573921,0.1722687035799026,0.2178152948617935,0.0724405124783515,-0.0305332988500595,0.0417285412549972,0.1599756479263305,0.028081489726901,-0.034674048423767,0.0063431980088353,-0.0109730344265699,0.6757962703704834,-0.0797569751739502,-0.020528670400381,-0.0145145282149314
0.0440769419074058,0.1328150480985641,-3.258488141000271e-05,-0.0152252363041043,0.1704744398593902,0.0347670726478099,-0.3546474575996399,-0.0477472245693206,-0.1149390041828155,0.1071433499455452,-0.1831925809383392,-0.1188544556498527,-0.0070751211605966,-0.1919607520103454,-0.0582459792494773,0.047312319278717,0.0113659920170903,-0.0895559564232826,-0.0878185629844665,-0.5433359742164612,-0.6707927584648132,0.0207166001200675,-0.0145145282149314
0.0377237759530544,0.5882043838500977,-1.5744830307085067e-05,-0.0060929018072783,0.0289546325802803,0.0242095068097114,-0.126752957701683,-0.0903839170932769,0.0318641439080238,-0.0772086530923843,-0.1835797876119613,-0.0417251847684383,-0.0424093343317508,-0.0797911062836647,0.0135529087856411,0.0662028715014457,0.0231688488274812,-0.0358018018305301,0.0138219650834798,-0.5451430678367615,-0.7968152761459351,-0.0100736934691667,-0.0145145282149314
0.0072912136092782,1.1062275171279907,-6.379184924298897e-06,0.0025617103092372,-0.1034977212548255,-0.073907122015953,0.2564886510372162,-0.0396942682564258,0.016440087929368,-0.2341199070215225,-0.0967422947287559,-0.0613910108804702,0.04028245434165,0.0083189904689788,0.0368595346808433,-0.1793663203716278,0.0096984924748539,-0.1880516111850738,-0.0890303701162338,0.7393693327903748,1.4255423545837402,-0.018830494955182,-0.0145145282149314
-0.0774094685912132,1.0163813829421997,-1.077819979400374e-05,0.0030414524953812,-0.0715197026729583,-0.1656712144613266,-0.0670586004853248,-0.1268115043640136,0.0017045574495568,-0.0629882737994194,-0.1470736414194107,0.0247059371322393,-0.0197847913950681,0.087557129561901,0.0722929909825325,-0.1117792725563049,-0.0166247878223657,-0.4724695682525635,-0.1198318004608154,0.6146045923233032,0.5993756651878357,-0.0033757511992007,-0.0145145282149314
-0.0665907561779022,-0.2198439836502075,-2.189633232774213e-05,0.0015629985136911,-0.0158949140459299,-0.0345260798931121,0.3562274575233459,-0.0639672577381134,0.0121631454676389,-0.2255951166152954,-0.2790826261043548,0.0025212601758539,0.0251019783318042,0.0431847013533115,0.033812440931797,-0.1246282160282135,-0.0043769711628556,0.4236539900302887,0.3640246093273163,-0.4859369695186615,-0.6506975293159485,-0.011638811789453,-0.0145145282149314
0.0089803095906972,1.0967954397201538,-1.368861921946518e-05,0.0031564014498144,0.0067891217768192,0.1540119051933288,0.132346510887146,0.1882610470056533,0.0495481267571449,-0.0207856968045234,0.2143680453300476,-0.0184841975569725,-0.0092522772029042,0.0148495454341173,0.032442320138216,-0.0551066286861896,0.039459228515625,-0.4735945761203766,0.0166169926524162,0.552090585231781,0.9781785607337952,-0.0105944732204079,-0.0145145282149314
-0.0018472832161933,0.4762917757034302,-1.3781060260953382e-05,0.0024790647439658,0.0506060272455215,0.0443724356591701,-0.3338684439659118,0.3868237733840942,0.0544744096696376,0.0109945870935916,0.227631539106369,0.1834363341331482,-0.0063574914820492,0.0925723388791084,0.0422083511948585,0.0403049699962139,-0.0505284033715724,-0.1989113092422485,0.1043618023395538,0.6329900026321411,1.9697158336639404,-0.0061067068018019,-0.0145145282149314
0.004237116780132,-2.064423084259033,-6.104964995756745e-06,0.0025788981001824,0.0027714681345969,-0.1959648132324218,0.1166428551077842,-0.1237825229763984,0.1794354915618896,0.0980260595679283,-0.3056734204292297,-0.0288013890385627,-0.0139634739607572,0.0106914769858121,-0.052984345704317,0.0208552610129117,0.0109309023246169,-0.0184893310070037,-0.0166036617010831,-0.4955625534057617,-0.8014727830886841,-0.0086662098765373,-0.0145145282149314
-0.0072390628047287,-1.98168420791626,0.00021959867444820705,-0.0009059114381670952,-0.0853556990623474,0.1272145360708236,0.4740927815437317,-0.1114237383008003,0.1082031950354576,-0.250814825296402,-0.1822617352008819,0.3012895286083221,0.0006988341920077801,0.3258209526538849,0.0764677748084068,0.0323660038411617,0.0240948311984539,0.0056042890064418,-0.0362584181129932,-0.4850937128067016,-0.6769719123840332,0.0037455642595887,-0.0145145282149314
-0.0516830198466777,-1.4615832567214966,-2.9231472581159323e-05,0.0023283178452402,-0.113851748406887,0.0624829046428203,-0.2350646704435348,0.0680540055036544,0.0755918025970459,0.1389971673488617,-0.0087887961417436,-0.0672735050320625,0.0146830733865499,-0.1000865921378135,-0.105483703315258,-0.0011009527370333,-0.0579591430723667,0.4050528705120086,-0.061532087624073,-0.4763032793998718,-0.8019786477088928,-0.0088826324790716,-0.0145145282149314
0.0031746816821396,1.0873066186904907,-2.1054922399343923e-05,0.0031400967855006,-0.0220467839390039,0.1242296397686004,0.1575406789779663,0.0040905219502747,0.0336579233407974,0.0262047685682773,0.2385776937007904,-0.082173578441143,-0.0688109099864959,0.0266087334603071,0.0690222904086113,0.0611919127404689,0.1085351929068565,-0.0873571038246154,-0.0312362387776374,0.7578665018081665,0.745983898639679,0.0321183800697326,-0.0145145282149314
0.0576216019690036,-0.4757092893123626,-3.2951851608231664e-05,0.00264761922881,-0.0650635883212089,0.0551447421312332,0.2151057571172714,-0.026029173284769,0.1816826164722442,-0.2033270001411438,-0.1499160975217819,-0.0510592050850391,-0.0129410466179251,-0.076403722167015,-0.0567442998290061,0.0085980100557208,0.0091822557151317,0.685865581035614,0.4962400496006012,-0.4082151651382446,-0.6760300993919373,0.0288668144494295,-0.0145145282149314
-0.0019971441943198,-2.251592874526977,-0.00016227885498665273,-0.002197852358222,-0.1416250765323639,-0.0241861082613468,-0.0918756872415542,-0.1788029670715332,0.0265373699367046,-0.0436531268060207,-0.2971161901950836,-0.0131412521004676,0.0578884072601795,-0.0944361388683319,-0.0755573585629463,-0.038273848593235,0.0212147124111652,-0.0724800154566764,-0.0490718595683574,-0.4766433537006378,-0.7972311973571777,0.0057782651856541,-0.0145145282149314
-0.0300315171480178,0.8599851727485657,-1.987057476071641e-05,0.0027562386821955,0.0182216186076402,0.0097809443250298,-0.0167101714760065,0.3083615005016327,0.0979556962847709,0.0428351499140262,0.1930736154317855,0.1011504009366035,0.0038307411596179,0.069919042289257,0.0994567424058914,-0.1031221523880958,0.0175315737724304,-0.6066908836364746,-0.0400509722530841,0.5298051834106445,0.4267016053199768,-0.0160290487110614,-0.0145145282149314
-0.0363287813961505,1.1113423109054563,-1.676009560469538e-06,0.0065394272096455,0.0432161651551723,0.0637948289513588,0.5652145743370056,0.4444708526134491,0.1054750233888626,0.0377646833658218,0.4867699742317199,0.158960536122322,0.0348519384860992,0.2179474532604217,0.0009734547347761692,0.4292106330394745,0.0520289801061153,-0.1012288406491279,-0.0199843142181634,-0.3273915946483612,-0.4016896784305572,0.0019700755365192,-0.0145145282149314
0.0141117684543132,0.0117305144667625,-5.973360384814441e-05,0.0136811034753918,0.0464854128658771,0.2795709073543548,-0.3288381397724151,-0.1998738050460815,-0.0469451732933521,-0.0112771708518266,0.5134084224700928,-0.0285466015338897,-0.0023335379082709,-0.1981909275054931,-0.0078817913308739,0.0220142640173435,0.0381137616932392,-0.0083090122789144,-0.0178213063627481,-0.5518277287483215,-0.7071319818496704,0.0131444884464144,-0.0145145282149314
-0.0265994630753994,0.7678449749946594,-6.24827662250027e-05,0.0041291173547506,-0.051729641854763,0.0068896259181201,-0.2476168572902679,-0.0596857108175754,0.0891846790909767,-0.0074884435161948,-0.3135266005992889,-0.0429998375475406,-0.0143298264592885,-0.1489589214324951,-0.0117262275889515,-0.2767239212989807,-0.0083423610776662,-0.3346961140632629,-0.165244922041893,-0.5384641885757446,-0.8066570162773132,-0.0555285178124904,-0.0145145282149314
-0.0523845665156841,-1.9904526472091677,-3.7948520912323143e-06,0.00020371277059894052,-0.0033246860839426,0.1034536883234977,-0.0199783556163311,-0.0867980122566223,-0.0318611189723014,0.0454296134412288,-0.2637801170349121,-0.0498621389269828,0.0429437756538391,-0.0493406876921653,-0.0381045937538147,-0.1977446973323822,0.0035742574837058,-0.3085813224315643,-0.2570245563983917,-0.3962256014347076,-0.710214376449585,-0.009328001178801,-0.0145145282149314
-0.0212825536727905,1.1281081438064575,-1.7878584912978113e-05,0.0023640522267669,-0.0814887657761573,-0.0675795078277587,0.154018759727478,-0.0475645177066326,0.0583544410765171,0.0715263336896896,-0.1927308291196823,-0.0143667459487915,-0.0263598877936601,0.0096498113125562,0.0464171580970287,-0.1109072789549827,-0.0028598117642104,-0.3778287768363952,-0.0567439086735248,0.7110053300857544,1.60717511177063,-0.0093109188601374,-0.0145145282149314
-0.026986688375473,0.5032528638839722,-4.643293505068869e-05,0.0047707152552902,0.1942531168460846,-0.1020873486995697,0.1532656401395797,-0.152415320277214,-0.0400352254509925,0.0769075751304626,-0.1330688446760177,-0.0813676640391349,0.0424813665449619,-0.114336647093296,-0.0046580359339714,0.1068728193640708,0.0298079904168844,-0.4240657091140747,-0.1338234394788742,-0.4632982313632965,-0.645706832408905,0.0042187878862023,-0.0145145282149314
0.0400657057762146,-2.059192180633545,-2.2132517187856134e-05,0.0016501330537721,-0.0749493017792701,-0.0070301773957908,0.0822670236229896,-0.1461588442325592,-0.0394567176699638,0.0126004302874207,-0.2255809605121612,-0.0483784712851047,0.0533332042396068,-0.0409536659717559,0.0272519830614328,-0.1124278232455253,0.0400995574891567,-0.3716281354427337,-0.1776451468467712,-0.424719363451004,-0.7735692262649536,-0.0035377452149987,-0.0145145282149314
0.0013178074732422,0.9835707545280457,8.833478204905987e-06,0.0042544407770037,-0.0298000331968069,-0.4672763347625732,0.4005196392536163,0.0521675460040569,0.0809056758880615,0.0814158767461776,-0.0859357714653015,0.1390312016010284,-0.0176182314753532,0.1037065610289573,-0.0705460309982299,0.2018624097108841,0.0022957185283303,0.0745138525962829,0.0118657015264034,0.6990544199943542,0.2762639820575714,0.035972636193037,-0.0145145282149314
0.0610856413841247,1.3997774124145508,5.509523180080578e-05,-0.0203566513955593,0.0944859907031059,0.0444129593670368,0.272616297006607,-0.0709883943200111,-0.0690658763051033,-0.0909516289830207,0.2427105009555816,0.0034650086890906,0.0083382632583379,-0.0560121163725853,0.0080441394820809,0.0761970803141594,0.0084802918136119,-0.0254863798618316,-0.0159923657774925,-0.4830184280872345,-0.6880437135696411,0.0085487673059105,-0.0145145282149314
-0.0229825042188167,0.8703364133834839,-2.320357452845201e-05,0.001397144049406,-0.0205407310277223,0.0518105514347553,0.0512837953865528,-0.0414304360747337,0.0017153163207694,0.1492935270071029,0.0118652246892452,0.165252611041069,0.0569644086062908,0.0696997568011283,-0.0518454946577549,0.0450321473181247,-0.0100506907328963,0.3305966854095459,-0.0107327001169323,0.7812319397926331,2.4154975414276123,0.0108197899535298,-0.0145145282149314
-0.021351933479309,-2.0227835178375244,-7.348877261392772e-06,-0.0006677983910776675,-0.0598437190055847,-0.0039105750620365,0.2820318341255188,-0.1359787285327911,0.0080800671130418,-0.001767003792338,-0.3326593935489654,-0.0138056948781013,-0.0511152558028698,0.0836552381515502,-0.0427432395517826,-0.2259033471345901,0.0405673868954181,-0.3501761257648468,-0.1086046174168586,-0.4037191271781921,-0.7032784819602966,-0.0394016094505786,-0.0145145282149314
0.0070695150643587,-0.978245735168457,-2.099628181895241e-05,-0.0045080799609422,-0.0186359826475381,0.0375573448836803,-0.2319000214338302,-0.0803583934903144,-0.0448991023004055,0.1280101239681244,-0.1349698603153228,-0.0230356249958276,0.1030961722135543,0.0235556680709123,-0.0612497329711914,-0.1491159796714782,0.0707777217030525,-0.172985702753067,0.1340183317661285,-0.4790203869342804,-0.6793844699859619,0.0227208323776721,-0.0145145282149314
0.110201209783554,1.2286057472229004,-6.0167410993017256e-05,0.004881075117737,-0.203357920050621,0.1481078714132309,-0.032371886074543,0.0144178979098796,0.00838387850672,0.0235528163611888,0.1642702668905258,-0.05652492120862,-0.0428449548780918,0.1173127368092536,-0.0395554676651954,-0.2039359956979751,0.1363269984722137,0.2427010536193847,-0.0952927023172378,-0.4732772707939148,-0.7248545289039612,-0.0147093934938311,-0.0145145282149314
0.0163656640797853,-1.8960442543029783,-1.6968460840871558e-05,0.0028641144745051,0.0511468946933746,0.1174805387854576,-0.415360689163208,0.0690759494900703,0.0995376333594322,0.024606505408883,0.0402558296918869,-0.0268379170447587,0.0052853808738291,0.0113300569355487,-0.0282125286757946,0.0212389379739761,0.0989338383078575,-0.2242124676704406,-0.115907646715641,-0.3991432189941406,-0.6506083011627197,0.0131368264555931,-0.0145145282149314
-0.0289835911244153,-2.2617077827453613,-9.343863348476587e-05,0.0019269820768386,0.048132337629795,0.060181725770235,-0.2354946881532669,-0.1676328480243683,0.050687164068222,0.0218817014247179,-0.3446055948734283,-0.1219310611486435,0.0045365411788225,-0.1068677604198455,-0.0246393512934446,-0.0399180985987186,-0.0240997206419706,-0.4407362937927246,-0.2062140703201294,0.5828188061714172,-0.1934114694595337,0.0049215136095881,-0.0145145282149314
0.0083505306392908,1.129651665687561,-2.9253307729959488e-05,-0.0343361757695674,-0.1510402858257293,0.2636469304561615,-0.4349891543388366,-0.1395361870527267,0.0351265296339988,0.0386722274124622,-0.2204908728599548,-0.0044741812162101,-0.0943028628826141,0.074966549873352,-0.0145673127844929,-0.0034256153739988,0.0315910801291465,-0.0632852613925933,-0.0171197783201932,-0.5438870191574097,-0.7116553783416748,0.00039328704588115215,-0.0145145282149314
-0.0658553838729858,-1.924368381500244,-4.802327021025121e-05,0.0017121420241892,0.0036780193913728,0.0363135300576686,-0.0920491367578506,-0.0029590805061161,-0.0502005442976951,0.1250839829444885,-0.2213767170906067,-0.1125964298844337,0.0016003891360014,0.0812892243266105,-0.068792313337326,-0.0141895506531,-0.010872128419578,-0.4191570580005646,-0.1846459656953811,0.6613568663597107,0.7086639404296875,-7.403522613458335e-05,-0.0145145282149314
-0.0352342538535594,-1.872221827507019,-7.72847852203995e-05,0.001234330353327,-0.0226543452590703,0.2287667989730835,-0.1315773278474807,-0.1112367287278175,0.1488741189241409,-0.0946673899888992,-0.3051652610301971,-0.0341254770755767,-0.0813538283109664,-0.0484356768429279,-0.0333898141980171,0.0138280475512146,0.0052917031571269,-0.24826081097126,-0.2349530905485153,-0.3932439088821411,-0.7671116590499878,0.0004340830782894045,-0.0145145282149314
0.0382619723677635,-2.008795738220215,4.343863110989332e-06,-0.0028199115768074,-0.0949099734425544,0.089170716702938,-0.1480777859687805,-0.0459978356957435,0.0501837953925132,0.051752433180809,-0.1602263450622558,0.0158160123974084,-0.0906642228364944,-0.0237363837659358,-0.0699321404099464,-0.00021817976085003463,0.0335304252803325,-0.0300673265010118,-0.0218026526272296,-0.4872624278068542,-0.7859763503074646,-0.001433405210264,-0.0145145282149314
-0.0708530694246292,-0.92083740234375,-1.5746431017760187e-05,0.00010039756307378413,-0.1366196870803833,0.0284296106547117,0.1206522658467292,-0.0699421018362045,-0.0312359146773815,0.0129726957529783,-0.0465215481817722,-0.034679539501667,0.0305602625012397,0.0777481272816658,-0.0199262276291847,-0.1287163943052292,-0.0183008946478366,0.4948423206806183,0.5770189762115479,-0.4534139633178711,-0.6504963040351868,0.0035680185537785,-0.0145145282149314
0.004936768207699,0.4758842289447784,-1.325585981248878e-05,0.001743440167047,0.0163742806762456,0.0239543132483959,0.0945686772465705,0.3307562470436096,0.0162700191140174,0.0393449515104293,0.2547529637813568,0.0601891614496707,0.0463825948536396,0.0991351902484893,0.0076290918514132,-0.0003771462943404913,-0.0461931079626083,0.3806903064250946,0.095162995159626,0.5818634033203125,2.445462703704834,-0.0272563584148883,-0.0145145282149314
0.0287725664675235,0.4813137352466583,-0.0001618509995751083,-0.012168588116765,-0.1298798322677612,0.0402891039848327,-0.1001102924346923,-0.1597562730312347,-0.0032367424573749,-0.0013688509352505,0.257550984621048,-0.0811557993292808,0.0619091242551803,-0.1974913924932479,-0.0110725536942482,0.0644848495721817,0.0193449798971414,-0.0732677429914474,-0.0324385650455951,-0.5649622678756714,-0.8024209141731262,0.0096211284399032,-0.0145145282149314
-0.0339105315506458,1.1668100357055664,-1.8619026377564296e-05,0.0145798372104763,0.1472961753606796,-0.0033987679053097,-0.471729427576065,-0.1722621172666549,0.15968719124794,0.1948145776987075,0.2948879301548004,0.0303778294473886,-0.0242041796445846,0.0668632164597511,-0.0143686532974243,0.1113090142607688,0.0192806106060743,0.4036127924919128,0.07497438788414,-0.4284489154815674,-0.638572633266449,0.0093776518478989,-0.0145145282149314
-0.0020011097658425,0.087511621415615,7.957493653520942e-05,-0.0113334143534302,0.096122957766056,0.0402410663664341,-0.4825766384601593,0.0160504784435033,0.0071169692091643,-0.0278511997312307,-0.1705605089664459,0.1562362164258957,0.0432550683617591,0.0884609147906303,0.0743699595332145,0.0499419867992401,-0.0064650396816432,-0.0085710370913147,-0.0361448191106319,-0.5650325417518616,-0.7516176104545593,0.0038725205231457,-0.0145145282149314
-0.0436559915542602,-1.9353904724121092,-4.986475687474013e-05,-0.0024050357751548,0.0250264685600996,0.0042429603636264,0.0649289190769195,-0.0676340162754058,-0.0323157124221324,0.0038173457141965,-0.268229991197586,-0.0447738580405712,0.0630016103386879,-0.0710141062736511,-0.062363427132368,-0.1747104525566101,-0.0306914187967777,-0.350541889667511,-0.172459676861763,-0.4052082300186157,-0.7714663743972778,-0.0176619347184896,-0.0145145282149314
-0.0013535843463614,0.7121092677116394,-2.7848574973177165e-05,0.0041332780383527,-0.0379730351269245,-0.0113513078540563,-0.0063616055995225,0.2723591029644012,0.0961757525801658,0.0162365715950727,0.1593314707279205,0.0838830173015594,0.0826536640524864,0.0980842560529708,0.0294483602046966,-0.1099855154752731,0.092490866780281,0.0388755053281784,-0.0420462675392627,0.6627949476242065,1.7219963073730469,-0.0083455080166459,-0.0145145282149314
-0.0041332230903208,-0.1285030543804168,-0.000188305537449196,0.0019193713087588,-0.0552933365106582,0.0898984894156456,-0.0684464648365974,0.5944745540618896,0.0717699155211448,0.010296881198883,0.3349264860153198,-0.0349013358354568,0.0081594251096248,-0.0385303981602191,0.0067829089239239,0.0468755476176738,-0.0262598264962434,0.1004783436655998,-0.0161965172737836,0.8161970376968384,1.7387187480926514,-0.0226076543331146,-0.0145145282149314
-0.0268017537891864,1.0142852067947388,-2.9382856155280024e-05,0.0070842038840055,-0.0461698286235332,0.0126012973487377,-0.2711796462535858,0.0600359886884689,-0.0394101962447166,-0.0056164595298469,0.1099637299776077,-0.0780547782778739,0.0283280815929174,0.0597416907548904,-0.0245881602168083,-0.0516955703496933,-0.0721910744905471,-0.043955136090517,-0.003012906294316,0.6532807350158691,0.6802324056625366,-0.0419425778090953,-0.0145145282149314
-0.0168321020901203,-2.269128799438477,-6.794075306970626e-05,0.0078052012249827,-0.0014067018637433,-0.0441493056714534,-0.1028663218021392,-0.1966849714517593,-0.0845545083284378,-0.044636245816946,-0.3130282759666443,-0.0052718739025294,0.0659774169325828,0.0262911524623632,-0.0277154985815286,-0.04368681833148,-0.0016650349134579,-0.079233206808567,-0.0521031506359577,-0.4530704319477081,-0.740949809551239,0.0048663411289453,-0.0145145282149314
0.0309735126793384,-1.114516258239746,-1.984700793400407e-05,0.0166215114295482,-0.0311502031981945,0.0154402442276477,0.0332949049770832,-0.0765746682882309,0.089336946606636,0.0450908504426479,-0.2627128958702087,-0.0223637204617261,-0.0276136100292205,-0.0451733618974685,0.0158367622643709,0.0849762856960296,0.0387576632201671,-0.0238147769123315,0.0200067516416311,-0.5442854166030884,-0.7950169444084167,-0.0050136274658143,-0.0145145282149314
0.05389891192317,1.062380313873291,6.557531014550477e-05,-0.0157249774783849,-0.0054428074508905,-0.164001315832138,0.7013890743255615,-0.0180348791182041,0.1149959787726402,-0.3979120254516601,0.3930815458297729,0.156336709856987,0.0395385064184665,0.1416027545928955,0.0224976856261491,0.0420008487999439,0.0205685999244451,-0.050074715167284,-0.0072641125880181,-0.4339581131935119,-0.5467608571052551,0.0064245141111314,-0.0145145282149314
0.0126298181712627,-0.3259576261043548,-6.5675667428877205e-06,0.0036429516039788,-0.0083831679075956,-0.0130281038582324,-0.2929900586605072,-0.1218595579266548,-0.0721455812454223,0.0351498872041702,-0.0065560527145862,-0.0800289437174797,-0.0216505676507949,0.0485224239528179,0.0064999726600945,-0.5223000645637512,0.0885709747672081,-0.23622427880764,-0.0676274001598358,-0.5496850609779358,-0.784123957157135,-0.0865695402026176,-0.0145145282149314
-0.014172613620758,-1.1082836389541626,-3.236330667277798e-05,0.003537954762578,-0.0674322769045829,0.0447111018002033,-0.1713754087686538,-0.086735300719738,0.0393740646541118,0.011518171057105,-0.1026008203625679,0.0060755382291972,0.0506225563585758,-0.0391861163079738,0.0775535106658935,0.5110614895820618,-0.0144539503380656,0.1654651314020156,0.3590552806854248,-0.4505966901779175,-0.6317400336265564,0.050505768507719,-0.0145145282149314
-0.0388200432062149,0.8462069630622864,-1.8747145077213645e-05,0.0039932802319526,-0.1191931441426277,0.0667966157197952,-0.1640832722187042,0.2406027168035507,0.0587482377886772,0.0805235505104065,0.2354917228221893,0.121977187693119,-0.0227060299366712,0.0708718374371528,0.008884715847671,0.0126392329111695,-0.0805981159210205,0.5257290601730347,0.0187715329229831,0.5722097158432007,0.9546254277229308,-0.0196182057261466,-0.0145145282149314
-0.011599370278418,-1.468211054801941,0.0004468425177037716,-0.0081836227327585,-0.0395848266780376,-0.0457631200551986,-0.1592954397201538,-0.1320622414350509,-0.1321847289800644,-0.1608355343341827,-0.2634841203689575,-0.0037509826943278,-0.0264311395585536,-0.0985181406140327,-0.0019019528990611,-0.0041056959889829,0.0406679436564445,-0.0530086904764175,0.0120933791622519,-0.5276344418525696,-0.8112937808036804,0.017631858587265,-0.0145145282149314
0.0327690094709396,-0.0918834134936332,-1.013107248581946e-05,0.0023164162412285,0.0909218043088913,0.200940653681755,-0.1589246392250061,-0.0890009403228759,0.0702230855822563,-0.0713130161166191,-0.2803074419498443,0.0497251749038696,0.0398352332413196,0.1753962934017181,0.0541205555200576,0.3645006120204925,0.020552285015583,0.3068905770778656,0.5319733619689941,-0.3875875771045685,-0.5926937460899353,0.0239420905709266,-0.0145145282149314
-0.0064539900049567,0.2663689851760864,-1.874686131486669e-05,0.0208631940186023,-0.1355616748332977,0.074480801820755,0.1032480001449585,-0.030529560521245,0.234623521566391,0.0196141805499792,-0.1636620610952377,0.0243197921663522,-0.0687926337122917,-0.0333942472934722,-0.0196659062057733,0.0851111412048339,-0.0746567323803901,-0.1516237705945968,0.0231284815818071,-0.5183504819869995,-0.6777834296226501,0.0340637378394603,-0.0145145282149314
0.0101577769964933,1.094428300857544,-1.143727422459051e-05,0.0038125410210341,0.0432971678674221,0.0787965953350067,-0.1468763053417205,0.0391175486147403,-0.0148486476391553,0.0475776530802249,0.1462476998567581,-0.0207170620560646,0.0325295217335224,0.1221781000494957,0.0278128422796726,0.0053785964846611,-0.0419801771640777,0.1178878769278526,0.0004885596572421491,0.7218472361564636,1.6704881191253662,0.0198848750442266,-0.0145145282149314
0.0208681002259254,0.6226779222488403,-2.3623731976840645e-05,0.0020465694833546,0.050740398466587,0.0066572558134794,0.034144427627325,0.2296570688486099,-0.0154508613049983,0.0355779789388179,0.0666868239641189,-0.0300807747989892,-0.1628560423851013,-0.0944786891341209,0.0046088290400803,0.0968434810638427,-0.0413656681776046,0.4210816323757171,-0.0187027864158153,0.6560505032539368,1.4102329015731812,0.0378329195082187,-0.0145145282149314
-0.0179170779883861,-1.5589078664779663,-6.61573139950633e-05,0.001848533982411,0.006903972942382,0.1763914972543716,0.2113960981369018,-0.1177765578031539,-0.0271588861942291,-0.1516428291797638,-0.2663526237010956,-0.0120151881128549,0.041536446660757,-0.167333498597145,0.0374558120965957,-0.0954705774784088,-0.0508176311850547,-0.3031392991542816,-0.1853527277708053,-0.3863551616668701,-0.6991943717002869,-0.0075630000792443,-0.0145145282149314
0.0119513049721717,-1.4838274717330933,-7.870572153478861e-05,0.0017251934623345,-0.0170951914042234,0.0191937424242496,-0.1081753075122833,-0.1096715480089187,-0.0067948652431368,-0.0455488748848438,-0.2969658672809601,0.026514446362853,-0.0425063520669937,-0.1169077977538108,-0.0087829455733299,0.2300499975681305,-0.0483085550367832,0.8631661534309387,-0.0242010485380888,-0.4320687055587768,-0.6018869280815125,0.0396755300462245,-0.0145145282149314
-0.0284228697419166,-1.1127690076828003,7.173337507992983e-06,0.0018210182897746,-0.0338645726442337,0.0446811653673648,0.2322008907794952,-0.0447872765362262,-0.0112738851457834,-0.0209916215389966,-0.1884947270154953,-0.0290430597960948,0.0390894562005996,-0.121874064207077,0.0724591091275215,-0.1317346543073654,0.0365196391940116,-0.3328604102134704,-0.2827938795089721,-0.4640260934829712,-0.7043181657791138,0.00035677634878084064,-0.0145145282149314
-0.0200518760830163,-1.202392816543579,-3.236458724131808e-06,0.0025289673358201,0.0131235718727111,0.0329089686274528,-0.2898330390453338,-0.0311066154390573,0.0148958880454301,-0.0309143364429473,0.2362863421440124,-0.0489083491265773,0.0012519289739429,0.1298606842756271,-0.0244606584310531,-0.1393518298864364,-0.0341733656823635,-0.2413918673992157,-0.1605744212865829,0.6275013089179993,-0.2999050915241241,0.0081121083348989,-0.0145145282149314
0.0760361477732658,-0.8752264976501465,-2.3878317733760923e-05,9.402780051459558e-06,-0.1315035969018936,-0.0090789766982197,-0.0301669780164957,-0.082718551158905,-0.0194508098065853,-0.016795590519905,-0.1100028380751609,-0.0615675412118434,0.0077103981748223,0.0210004094988107,0.0645200535655021,-0.0931557640433311,0.0256208982318639,0.344437688589096,0.6535446643829346,-0.4205844700336456,-0.6577422022819519,-0.004816744942218,-0.0145145282149314
0.0251970998942852,0.7367839813232422,0.0004468434490263462,-0.0283694267272949,-0.0221625510603189,0.0147361867129802,-0.1794976443052292,0.0214813910424709,-0.1419116109609604,-0.0982247591018676,-0.2165660709142685,0.081059530377388,0.0190887805074453,-0.0527262277901172,0.096179261803627,0.0548273213207721,0.0079247653484344,-0.0262740924954414,-0.0072074378840625,-0.5550190210342407,-0.8575997948646545,0.0284575559198856,-0.0145145282149314
-0.0044232755899429,-0.4505941271781921,-6.334747013170272e-05,0.001433226512745,0.0343066118657588,-0.1173635572195053,0.032754112035036,-0.1201746612787246,0.0106091666966676,-0.0066249729134142,-0.3258010447025299,-0.0552060604095459,0.0035105510614812,-0.1785554587841034,-0.006360518746078,-0.2133103460073471,0.005619934760034,-0.163144901394844,0.0452850386500358,-0.4984797835350036,-0.7654381990432739,-0.0377263985574245,-0.0145145282149314
0.0293952468782663,1.001418948173523,-2.0174324163235724e-05,0.0024457683321088,0.0716484636068344,0.0353857800364494,0.1135000586509704,0.2315811961889267,0.0515795871615409,0.0548897422850132,0.2726125121116638,-0.0330161117017269,0.0386674478650093,0.0141744827851653,0.0128084765747189,-0.1222259849309921,0.0165494177490472,0.3858957886695862,0.0217475090175867,0.5466475486755371,1.6697968244552612,-0.0683639794588089,-0.0145145282149314
0.0224126204848289,1.063840627670288,-1.6061625501606613e-05,0.0040649096481502,-0.0348386280238628,0.0742239281535148,0.0986031144857406,-0.1289414912462234,-0.0259739328175783,0.0419082641601562,0.1453651040792465,0.127146229147911,0.0834878385066986,0.0964452028274536,0.0350372307002544,-0.2267678380012512,-0.030709896236658,0.0191955137997865,-0.0079809334129095,0.7502158880233765,0.7854800820350647,-0.0415141806006431,-0.0145145282149314
0.020371364429593,0.0020446795970201,0.00029355176957324147,-0.0071153230965137,-0.1115895956754684,-0.0287589877843856,0.5055007338523865,-0.1231339797377586,0.1449997425079345,0.0731828808784484,-0.1490554064512252,0.2873637080192566,0.1057823002338409,0.2932295501232147,0.0611707530915737,0.0681458041071891,0.0317393690347671,-0.0288650356233119,-0.0127402935177087,-0.4836906492710113,-0.7095571160316467,0.0073845321312546,-0.0145145282149314
-0.0097737880423665,-1.962254524230957,-1.2281889212317765e-05,0.0008697554585523903,-0.0168092269450426,-0.1335482746362686,0.0638782829046249,-0.1246671080589294,-0.0418864898383617,-0.0095987962558865,-0.2272223383188247,-0.0695337951183319,-0.0116808218881487,-0.1818284094333648,0.0150945968925952,-0.361746996641159,0.0529031231999397,-0.4623159170150757,-0.1940186321735382,-0.4197191894054413,-0.7556251287460327,-0.0091128870844841,-0.0145145282149314
-0.0166629515588283,0.4124569296836853,4.175381036475301e-07,0.0024771718308329,-0.0898786485195159,0.0531275458633899,0.2322678565979004,-0.1233751699328422,0.0472020953893661,0.0617842748761177,-0.3277298510074615,-0.0711797624826431,-0.0064127929508686,0.0452486053109169,0.0410529002547264,-0.3588071167469024,-0.0108546074479818,-0.3943837583065033,-0.0921071842312812,-0.4840171933174133,-0.7335964441299438,-0.0647978857159614,-0.0145145282149314
0.0483097992837429,0.6091366410255432,-2.1082163584651425e-05,0.0058775767683982,0.0475963205099105,0.1003044098615646,-0.0079806819558143,-0.0259564667940139,-0.0333412028849124,-0.103050597012043,0.1509521007537841,0.0760351717472076,0.0507149398326873,0.0663764476776123,0.0957203656435012,0.1573196798563003,0.0377769730985164,-0.018813781440258,-0.0761350914835929,0.7874706387519836,0.8668383359909058,0.022415230050683,-0.0145145282149314
0.0307937208563089,0.2327550649642944,-2.418449003016576e-05,0.0105391722172498,0.1264179795980453,0.1386231929063797,-0.0298926271498203,0.3391516506671905,0.0129349520429968,-0.3281049430370331,0.4161572456359863,0.2032368928194046,0.1149006262421608,0.309627890586853,-0.0340846478939056,-0.0150558892637491,-0.0313781276345253,0.6435915231704712,-0.0723385363817215,-0.3896317780017853,-0.4655974507331848,0.0038684003520756,-0.0145145282149314
-0.0209004338830709,0.2001112848520279,-1.6065452655311674e-05,0.0061304606497287,0.0099295238032937,0.0254401955753564,-0.2552972137928009,-0.1835641860961914,-0.0744938179850578,0.0866528376936912,-0.1990196108818054,-0.0907030999660492,-0.075572669506073,-0.24290132522583,-0.0442979857325553,-0.067468412220478,-0.0694114118814468,-0.0571437254548072,-0.0232128109782934,-0.5487694144248962,-0.7788457274436951,0.0136338956654071,-0.0145145282149314
0.0844058096408844,1.2161349058151243,-1.1920175893465055e-05,0.0060689463280141,-0.0596239231526851,0.0390571020543575,-0.34925377368927,-0.1543881893157959,-0.0101351486518979,0.148512914776802,0.2159891873598098,0.2488014101982116,0.0770831853151321,0.1191285923123359,0.0172142926603555,-0.2348990738391876,-0.0555108338594436,-0.1155916601419448,-0.0551032274961471,-0.5010486841201782,-0.770538330078125,-0.0197175201028585,-0.0145145282149314
-0.0289712976664304,-2.0892529487609863,0.0004416034789755941,-0.0090003283694386,-0.0356129482388496,-0.0794327482581138,-0.2026231586933136,-0.1305889785289764,-0.102745771408081,-0.1432065814733505,-0.2332591116428375,0.0132551826536655,-0.0432636067271232,-0.0876040086150169,0.0087056728079915,0.0474922396242618,-0.0473188534379005,-0.3403028547763824,-0.1033993363380432,-0.4187629818916321,-0.8020389676094055,-0.0301099866628646,-0.0145145282149314
0.1259028762578964,1.44171941280365,-1.6506557585671544e-05,0.0099663753062486,-0.1314831972122192,0.1141211986541748,0.1815592795610427,-0.1515199542045593,-0.0314745418727397,0.0998372957110405,0.2527767419815063,-0.061665516346693,-0.0124889547005295,0.0949882343411445,0.032446201890707,-0.0712946653366088,0.0447627417743206,-0.1225584745407104,0.0022064368240535,-0.4503235518932342,-0.6154971122741699,0.0094892485067248,-0.0145145282149314
0.0229041781276464,-0.7321427464485168,1.8568040104582902e-05,0.0062294621020555,0.2295518666505813,-0.082098938524723,-0.0818200558423996,0.0009221871150657536,0.0284342337399721,0.0377384908497333,-0.2145642787218094,-0.050065740942955,-0.1033116057515144,-0.0335512459278106,0.0724770054221153,0.0641980692744255,0.0240838732570409,-0.0403466708958148,-0.0538193471729755,-0.5046688914299011,-0.678587019443512,-0.0072855479083955,-0.0145145282149314
-0.0689689591526985,1.4958094358444214,-1.1008884030161424e-05,0.0046437890268862,0.2460574358701706,0.060304295271635,0.4225668907165527,0.1217007264494896,0.0050093065947294,-0.1833032965660095,0.1671625822782516,-0.0265830960124731,0.0555727370083332,0.0387770421802997,0.0130391092970967,-0.0576038174331188,-0.0056614312343299,-0.0893448889255523,0.0291868615895509,-0.4109219312667846,-0.4834848642349243,0.0057409568689763,-0.0145145282149314
-0.0182128567248582,-1.546769142150879,-7.861583435442299e-05,0.0015864252345636,0.0590008832514286,0.0104879420250654,-0.012225822545588,-0.0672831460833549,0.0006762576522305608,-0.0499861426651477,-0.2205879688262939,-0.0322233289480209,0.0551434829831123,-0.220799833536148,0.223246231675148,0.0292105861008167,-0.0389054827392101,-0.3263587653636932,-0.1702019274234771,-0.4418544471263885,-0.7162107825279236,-0.0045024119317531,-0.0145145282149314
0.0088287573307752,-0.4308979213237762,-5.271966801956296e-05,0.0302816275507211,0.0644252076745033,0.1610294580459594,-0.4477694928646087,-0.1625990718603134,0.0860717818140983,0.0811836570501327,0.5196819305419922,-0.0486943610012531,0.0641755685210228,-0.1608193963766098,-0.1015447527170181,-0.296307772397995,-0.0653154328465461,-0.0309028085321187,-0.0561673268675804,-0.5378170609474182,-0.6577612161636353,-0.0651605203747749,-0.0145145282149314
0.0475636087357997,0.8691504001617432,-0.00017770810518413782,-0.0059597538784146,-0.0817756503820419,0.0752763599157333,-0.5107688903808594,-0.0267736781388521,0.0322081893682479,0.081475481390953,0.0454588681459426,-0.0476563386619091,0.0498855933547019,-0.1420758962631225,-0.0549453385174274,0.0693834573030471,0.0501403175294399,-0.0756199657917022,-0.0234326850622892,-0.5867230296134949,-0.7928626537322998,-0.0064545408822596,-0.0145145282149314
-0.0161293391138315,1.1665550470352173,-9.816611418500544e-05,0.002576193306595,0.055138636380434,0.0357103832066059,0.4466961324214935,0.0599461831152439,0.0580315701663494,-0.0823344364762306,-0.1577339321374893,-0.030048731714487,0.0529729425907135,-0.001276763738133,-0.0206094682216644,-0.1365624666213989,0.0330670066177845,0.1379042118787765,0.0097540104761719,0.7733627557754517,1.1092010736465454,-0.0191486310213804,-0.0145145282149314
-0.0354616641998291,-1.8466551303863523,-6.931192183401436e-05,0.0019666312728077,-0.0270446185022592,0.1440483331680297,-0.139713317155838,-0.1152263879776001,-0.0959346145391464,-0.1926542222499847,-0.2320712059736251,-0.0494360998272895,-0.0371125973761081,-0.1460704207420349,-0.0479968301951885,-0.2280970811843872,-0.023243498057127,-0.298565924167633,-0.2209594249725341,-0.4186848998069763,-0.7747543454170227,0.0488228350877761,-0.0145145282149314
0.0309114437550306,0.0729571729898452,-9.443730959901586e-06,0.003492338117212,0.0219607558101415,-0.0853194594383239,-0.2325155138969421,-0.1300927698612213,0.014959143474698,-0.036159224808216,0.0598244480788707,-0.0489881224930286,-0.0273097120225429,0.0640713423490524,-0.0132030695676803,-0.0128617295995354,-0.0295778922736644,-0.1732759922742843,-0.0698327124118805,-0.5418912768363953,-0.8050600290298462,-0.0939555615186691,-0.0145145282149314
-0.0369283370673656,1.103676199913025,-2.6797446480486545e-05,0.002093834336847,-0.0149373952299356,0.0485379807651042,-0.0714993104338646,-0.0114396167919039,0.0286602303385734,-0.010459242388606,-0.1089025512337684,0.0680660977959632,-0.00032659346470609307,0.0653116479516029,-0.0239685345441102,0.0135780395939946,-0.0185430310666561,0.3025984168052673,-0.0513897351920604,0.642010509967804,1.4545369148254397,-0.0079532442614436,-0.0145145282149314
-0.0165745597332716,1.349564552307129,-3.758281673071906e-05,-6.981822662055492e-05,0.05154550075531,0.0789777413010597,-0.0450969077646732,0.0877900496125221,0.0257387030869722,0.0463048815727233,-0.1823513358831405,0.0160143617540597,0.0395743884146213,0.0657157376408577,0.0602755807340145,-0.1062980890274047,0.0561711639165878,0.1072921678423881,-0.0147754428908228,0.7513301372528076,1.8997973203659055,0.00874481536448,-0.0145145282149314
-0.0278515089303255,-2.008728504180908,-2.383498940616846e-05,0.0012779528042301,0.1398626863956451,-0.0346954278647899,-0.2128333151340484,-0.1009425669908523,-0.0152328852564096,-0.0340540520846843,-0.2434574663639068,-0.0368569828569889,0.0817614942789077,-0.0613584890961647,0.0123459594324231,-0.1667149513959884,0.04525912925601,-0.2971769869327545,-0.1862169355154037,-0.3981470465660095,-0.7194568514823914,-0.0145041346549987,-0.0145145282149314
-0.0711778625845909,1.1715617179870603,-1.6096546460175887e-05,0.0049598384648561,0.0718176290392875,-0.0307540595531463,0.2483414113521576,0.093285746872425,-0.0158040188252925,0.0875572860240936,0.1757487952709198,0.0061540361493825,0.0139193665236234,0.0858049467206001,-0.0117171015590429,-0.3751741647720337,-0.0432706885039806,-0.2758139669895172,-0.0219506155699491,-0.443936824798584,-0.7136108875274658,-0.0810667425394058,-0.0145145282149314
-0.0493075996637344,1.589819073677063,-7.695116801187396e-05,-0.0156302154064178,-0.1733981966972351,0.1721074134111404,-0.1215618029236793,-0.1060108244419097,-0.0014728772221133,-0.084269218146801,-0.1150841563940048,-0.0559412501752376,-0.0654376894235611,-0.0801859945058822,-0.0144433947280049,0.0727558508515358,0.0386966131627559,-0.040155928581953,-0.0484081506729126,-0.46988445520401,-0.7115577459335327,0.0143632739782333,-0.0145145282149314
-0.0237157791852951,-1.868994951248169,-0.0001550960587337613,-0.0026517282240092,-0.0585552006959915,0.0596709623932838,-0.1225817203521728,-0.2231899499893188,0.05873753875494,-0.1999395936727523,-0.2341420948505401,0.0159904882311821,-0.046217244118452,-0.1571585983037948,-0.0334335789084434,0.0141040794551372,0.0067416098900139,-0.0853513553738594,-0.031481560319662,-0.4994755387306213,-0.791444718837738,0.029144188389182,-0.0145145282149314
-0.0379619263112545,-1.4702256917953491,-5.21977199241519e-05,0.0020401012152433,-0.1034764796495437,-0.0305294264107942,0.1619373559951782,-0.1035694032907486,0.0323969312012195,-0.0739841386675834,-0.0069568110629916,-0.0452368259429931,-0.0366595350205898,-0.1235772222280502,0.00444957613945,0.148004412651062,-0.0055184355005621,0.5511429309844971,-0.1172291561961174,-0.5368421673774719,-0.7922744154930115,0.0301910750567913,-0.0145145282149314
0.0025425842031836,-1.4893121719360352,-6.319835665635765e-05,0.0093548716977238,-0.0227905660867691,-0.1423979848623275,0.5754492878913879,0.2981917858123779,-0.0058254157193005,-0.0643909126520156,0.5496506094932556,-0.0469436794519424,0.033261489123106,-0.1562030017375946,0.0307758189737796,0.5177828073501587,-0.0288546662777662,0.0179565567523241,-0.0210011322051286,-0.4710616171360016,-0.6000293493270874,0.0384419783949852,-0.0145145282149314
-0.0219789389520883,1.0900343656539917,2.101005520671606e-06,0.0035874238237738,-0.0306485574692487,0.0615549758076667,0.1298914402723312,-0.0077259098179638,-0.00041056060581468046,-0.037596695125103,-0.1532241106033325,0.0660521313548088,0.0071998666971921,0.0125928735360503,0.1068510189652443,-0.3089690506458282,-0.0450811088085174,-0.4770581722259521,-0.0566458366811275,0.7402448058128357,1.1936407089233398,-0.0272968281060457,-0.0145145282149314
0.0181630682200193,-1.5515427589416504,-2.304236841155216e-05,0.0033211573027074,0.0252031441777944,0.0134269865229725,-0.3148846924304962,-0.1222548186779022,-0.0015922648599371,0.1606401652097702,-0.1975180804729461,-0.0501922592520713,-0.1654725819826126,-0.1700166463851928,-0.1002064570784568,-0.1873643100261688,0.039546363055706,-0.0537510178983211,-0.0798688605427742,-0.5077826976776123,-0.7923761010169983,-0.0364043824374675,-0.0145145282149314
0.049325481057167,1.1956000328063965,-5.685203359462321e-05,0.005534584634006,-0.0328480042517185,-0.0157890580594539,0.4664963781833648,0.0086171478033065,0.2101500481367111,0.0777938216924667,-0.0705177336931228,-0.0391293279826641,-0.0427667833864688,-0.0918390750885009,-0.0277009755373001,0.0852408334612846,-0.044932022690773,0.4328186511993408,-0.1017263904213905,0.7539427280426025,0.0717397257685661,0.0043341652490198,-0.0145145282149314
-0.0488522052764892,0.4732441306114197,-4.493325832299888e-06,0.0129702305421233,0.0381745472550392,0.2530065774917602,-0.2980890274047851,-0.1433285623788833,0.0714298859238624,-0.0260997507721185,-0.1959175765514373,-0.0623988583683967,0.0024121988099068,-0.0890261307358741,-0.0228425953537225,0.049362801015377,0.0302224792540073,-0.3939269781112671,-0.1517152041196823,-0.5339815616607666,-0.7610990405082703,0.0015463188756257,-0.0145145282149314
0.0346560850739479,-0.1249485239386558,-1.5300822269637138e-05,-0.00354053103365,-0.0038618326652795,-0.0801741778850555,0.3551048338413238,0.1112762615084648,0.0505914725363254,-0.06087526679039,0.2653206288814544,0.0091947019100189,0.0136484559625387,0.0615695789456367,0.0568973571062088,0.005620309151709,-0.03519232198596,0.0893176570534706,0.0879441648721695,0.6855282187461853,0.497355043888092,-0.0189324710518121,-0.0145145282149314
0.0230323020368814,-1.087894082069397,-0.0001738815917633474,0.0061075338162481,-0.0506473518908023,0.006551616359502,-0.292715460062027,-0.1071288213133812,-0.0074578071944415,0.0270033385604619,-0.2555725276470184,-0.0510143227875232,0.0164202004671096,-0.0986775606870651,-0.0116143217310309,0.0757256299257278,0.0256347227841615,-0.0574134141206741,0.0126433800905942,-0.51459139585495,-0.7953667640686035,-0.0013648457825183,-0.0145145282149314
0.0448386743664741,-0.0844434574246406,1.1557029210962357e-05,-0.0034650557208806,-0.0141114564612507,-0.044845663011074,-0.2552630305290222,0.0155979050323367,-0.0198674723505973,0.0762922465801239,-0.0862462669610977,-0.0393131971359252,0.0053796069696545,0.0246977265924215,-0.0043926346115767,0.0211294703185558,-0.0292618554085493,0.0387630872428417,-0.0261455234140157,0.8334450721740723,2.0047595500946045,-0.0031619323417544,-0.0145145282149314
-0.063140794634819,-1.4030753374099731,-2.197409776272252e-05,0.0020031549502164,-0.1316292583942413,-0.0259216129779815,0.0553995072841644,0.0672544315457344,-0.0238822326064109,-0.0265009999275207,0.1013671234250068,-0.0047675464302301,0.0137238502502441,-0.1373216062784195,-0.1017564535140991,-0.0637077838182449,-0.0654730498790741,0.2751162350177765,0.3698145151138305,-0.4580890834331512,-0.7927173972129822,-0.0507777705788612,-0.0145145282149314
0.0189651604741811,-0.263843685388565,6.408947956515476e-05,-0.0039397804066538,0.0825164914131164,0.0166850946843624,0.2961625754833221,-0.1740651875734329,0.0602083839476108,-0.2892239689826965,-0.0887346938252449,0.46031653881073,-0.0202630329877138,0.2745300233364105,0.046299047768116,0.0736690014600753,0.0193410795181989,-0.0035385095980018,-0.0492793731391429,-0.4557617306709289,-0.6969878673553467,0.0030686957761645,-0.0145145282149314
0.0265955813229084,0.4902699291706085,-2.839886292349547e-06,-0.0076610916294157,-0.0030570686794817,-0.0480185635387897,-0.2488217949867248,-0.1524074226617813,-0.0354763902723789,0.107796736061573,-0.0808143839240074,-0.0783631727099418,0.0518031381070613,-0.0220998600125312,-0.0197664126753807,0.0694336593151092,0.0122142629697918,-0.07381272315979,-0.0253051612526178,-0.5311123728752136,-0.8455178141593933,0.0082409661263227,-0.0145145282149314
0.0085899084806442,0.4408814609050751,2.1788633603136983e-05,0.0023465247359126,-0.0977170020341873,-0.0201293732970953,0.3156513273715973,-0.1815608888864517,-0.0048516443930566,-0.0503499843180179,-0.2368019372224807,-0.004698310047388,0.0670809522271156,0.1370820701122284,-0.0132908513769507,-0.0820226147770881,-0.0311815701425075,-0.4228894114494324,-0.0779901146888732,-0.5106340646743774,-0.7515829801559448,-0.0277512539178133,-0.0145145282149314
-0.0327629819512367,1.2513331174850464,-1.1838586942758411e-05,0.0101334620267152,0.012476248666644,0.0655760467052459,0.2709547877311706,0.5451255440711975,-0.0893871784210205,0.0255759879946708,0.5332305431365967,0.2277634143829345,-0.0079989731311798,0.211634561419487,-0.0320225618779659,0.0840558186173439,-0.0114375846460461,-0.2676608562469482,0.0187627095729112,-0.3062580823898315,-0.525392472743988,0.0024979661684483,-0.0145145282149314
-0.0267805214971303,1.0306164026260376,4.408426320878789e-06,0.0009058465948328376,-0.0325131304562091,-0.2031846195459365,0.5416737794876099,-0.0459554456174373,0.032253835350275,-0.1473912000656128,-0.075275033712387,0.1572315841913223,0.1228251382708549,0.0704220160841941,0.0494226329028606,0.014286951161921,0.0828119665384292,0.050892099738121,-0.0240332353860139,0.8357169032096863,1.0057899951934814,-0.0043612411245703,-0.0145145282149314
0.0077289519831538,-1.2114795446395874,-6.800692062824965e-05,7.800065213814378e-05,-0.0168234352022409,-0.2378502190113067,0.098730519413948,0.0730155110359191,0.0470580235123634,-0.0112976096570491,-0.0615940205752849,-0.074680708348751,-0.0495334826409816,-0.1692242175340652,-0.0415085405111312,0.0891896784305572,0.0255374815315008,-0.0578249916434288,-0.0269381273537874,-0.5936269164085388,-0.8286576271057129,0.0127354627475142,-0.0145145282149314
0.0127563159912824,-0.0978931635618209,-3.405418829061091e-05,0.0057634469121694,0.0165594890713691,-0.2524453699588775,-0.1270800530910492,0.0809424668550491,-0.0154116936028003,0.0514038614928722,0.2243682295083999,-0.0790315046906471,0.0568156987428665,-0.1616125702857971,-0.0475055761635303,0.0811953097581863,0.0031577318441122,-0.3956408202648163,-0.1230524703860282,-0.4794634580612182,-0.7047690153121948,0.0229654256254434,-0.0145145282149314
0.0095705445855855,-1.4469130039215088,1.598815288161859e-05,0.0010122996754944,-0.0902721360325813,0.1011995077133178,-0.0208016037940979,-0.1046374067664146,0.0042650396935641,-0.0012925592018291,-0.2334685772657394,-0.0359936282038688,-0.0148620372638106,0.1420287489891052,0.049065738916397,-0.2815702259540558,-0.065675564110279,-0.3617209196090698,-0.1607196033000946,-0.420807272195816,-0.693389356136322,-0.0388690568506717,-0.0145145282149314
-0.0245656222105026,-1.733756184577942,-3.661253867903724e-05,0.0010760941077023,-0.0479973219335079,0.021515604108572,-0.0543251894414424,0.1852658241987228,-0.0423628725111484,0.1144898906350135,-0.1466540992259979,-0.0191924255341291,-0.0018758696969598,0.0427115224301815,0.0310696810483932,0.0169374905526638,0.0168451722711324,0.3961963951587677,0.3057501018047333,0.770684540271759,2.778488874435425,0.0027138085570186,-0.0145145282149314
0.0976314395666122,-1.5914182662963867,-6.474605470430106e-06,0.0023721428588032,0.0070052659139037,-0.0601501613855361,0.1155088394880294,0.2996355891227722,0.053647544234991,0.0133177526295185,0.6813905835151672,-0.0493927150964736,-0.0058167837560176,0.0888895168900489,0.0585276186466217,-3.218352503608912e-05,0.0312297530472278,0.5205357074737549,0.6360210180282593,-0.3988456428050995,-0.5208318829536438,0.0018677165498957,-0.0145145282149314
0.0155693208798766,-2.106719493865967,-3.1949079129844904e-05,-0.0037021886091679,-0.1538039743900299,0.0054558245465159,0.165269523859024,-0.163417711853981,-0.0528892017900943,-0.0013797985156998,-0.2465943545103073,0.3413882255554199,0.0446611233055591,0.3166858851909637,0.0032756181899458,0.0308409761637449,0.0124275991693139,-0.0382495187222957,-0.0517507679760456,-0.4542861878871918,-0.715885579586029,-0.0028155515901744,-0.0145145282149314
0.0077421963214874,0.2798132598400116,-5.265147774480283e-05,0.0099083743989467,-0.0721423476934433,0.0567852780222892,0.6801770329475403,0.4304571151733398,0.0824449509382247,-0.4176776707172394,0.3649534881114959,-0.0254565104842185,0.0486924760043621,0.0172224659472703,0.0010346961207687,0.4382138848304748,0.0106244180351495,0.197085291147232,-0.1218301877379417,-0.4003909230232239,-0.4592276811599731,0.0504730567336082,-0.0145145282149314
0.0265640839934349,-0.097569890320301,-3.375067899469286e-05,0.0030565583147108,-0.0812187194824218,0.0464583151042461,0.205856904387474,-0.0259109046310186,0.0539870522916317,0.0747933089733123,0.0149357207119464,-0.031738493591547,-0.0357079282402992,-0.1811492294073104,-0.0229777935892343,0.0278803817927837,-0.1011253148317337,-0.1954864710569381,-0.1861266791820526,-0.5077667832374573,-0.71457839012146,-0.0483900494873523,-0.0145145282149314
0.1109664738178253,1.509213089942932,-1.2623437214642765e-05,-0.0193113423883914,0.0496711246669292,0.0621078498661518,0.5089091062545776,0.015651537105441,-0.0837859734892845,-0.1377590000629425,0.1973070204257965,-0.034155786037445,-0.0167153943330049,-0.070448949933052,0.0204341635107994,0.0929249674081802,0.0022568355780094,-0.0543363541364669,-0.0071167731657624,-0.4715881943702698,-0.6446166038513184,0.0164966955780982,-0.0145145282149314
-0.0064721647650003,0.6383721828460693,-1.2967833754373714e-05,0.0025164273101836,-0.0354879796504974,0.0741257742047309,0.0973576679825782,0.004293505102396,-0.0195443369448184,0.021691782400012,0.0176964029669761,0.1908840239048004,0.0137905497103929,0.075517937541008,0.1623176038265228,0.1247316896915435,-0.1357136666774749,-0.0619362704455852,0.0835805907845497,0.7542969584465027,0.8748424649238586,0.0162750836461782,-0.0145145282149314
-0.0295325871556997,0.4634169936180115,2.1122683392604813e-05,0.0021900825668126,0.0255322363227605,-0.3619364798069,-0.0512846671044826,-0.1660638600587844,-0.0283096618950366,-0.0067054801620543,-0.1668325960636139,-0.0898534506559372,-0.0242473501712083,0.0786263644695282,0.0207441132515668,-0.388161689043045,0.024025710299611,-0.3408293426036834,-0.1236939653754234,-0.5719549059867859,-0.8330002427101135,-0.0745900943875312,-0.0145145282149314
-0.0098292063921689,-0.6977232098579407,1.8526159692555663e-05,0.001916721696034,0.0296326968818902,0.031031223013997,-0.145113468170166,-0.1012291461229324,0.0388719215989112,-0.0879556164145469,-0.2586141526699066,0.3317322731018066,0.0347037985920906,0.2922400534152984,-0.0245122332125902,-0.0021783672273159,-0.0299856998026371,-0.253475934267044,-0.1357911527156829,-0.4255683422088623,-0.643489420413971,-0.0024863316211849,-0.0145145282149314
0.021225543692708,0.5188394784927368,6.271457095863298e-06,0.0072827287949621,0.1986137479543686,-0.2430689334869384,0.2980058193206787,0.269414871931076,-0.0070330635644495,-0.0490032956004142,0.3483755588531494,0.1228398978710174,0.0363303907215595,0.1255989670753479,-0.0342953875660896,0.3290263712406158,0.026964733377099,-0.4960857629776001,-0.0883618295192718,-0.3811753094196319,-0.4766423404216766,0.0521051250398159,-0.0145145282149314
-0.0347732491791248,-2.2372779846191406,-1.58770963025745e-05,0.0028928606770932,0.1113161072134971,0.2145462930202484,-0.3182436525821686,0.1707211136817932,-0.0342436358332634,-0.032743077725172,0.0929777398705482,0.0140506802126765,0.0095686046406626,0.2527258694171905,0.0203869100660085,0.1003278866410255,-0.01485828589648,-0.2116477638483047,-0.1422949582338333,-0.4165642261505127,-0.583014190196991,0.0314130671322345,-0.0145145282149314
-0.0197882708162069,0.2972752153873443,-4.37185080954805e-05,0.0016324358293786,-0.0755769610404968,0.0102147096768021,-0.1807924509048462,-0.0361235179007053,0.0856728628277778,0.083947904407978,-0.3044393658638,-0.1017845943570137,-0.127411887049675,-0.0932878330349922,-0.0558231361210346,-0.2026214301586151,-0.0041294824331998,0.4388433694839477,0.1724770814180374,0.6243129968643188,1.0840797424316406,0.0178627707064151,-0.0145145282149314
0.0041351420804858,0.4170460999011993,-1.1779964552260935e-05,0.0023085493594408,0.0250165369361639,0.022932818159461,0.2110820561647415,-0.0871114581823349,0.2466823607683181,0.0573984310030937,0.143109992146492,0.1185338273644447,0.042311456054449,-0.0202754624187946,0.1322499066591262,-0.1561822146177292,-0.0350915901362896,-0.0702198520302772,0.0982307270169258,0.8993088006973267,0.959441304206848,-0.0237844549119472,-0.0145145282149314
0.0620011389255523,0.8683217763900757,-1.588501618243754e-05,0.0082551892846822,-0.1851343810558319,0.1371742933988571,0.1936947703361511,0.7797770500183105,0.012066638097167,-0.0174615811556577,0.5156220197677612,-0.0223147235810756,-0.0354879572987556,0.0129651939496397,0.0163318570703268,0.0324200019240379,-0.0528694503009319,0.4356535077095032,-0.0430854707956314,-0.3715024292469024,-0.5772292017936707,0.0246285628527402,-0.0145145282149314
0.0050661535933613,-0.8196631669998169,-1.2785043509211391e-05,0.003361516399309,0.0709922909736633,0.0755149200558662,0.348554253578186,-0.0694463402032852,0.0314721316099166,0.0110389459878206,-0.119676299393177,-0.0384505279362201,0.0075779655016958,0.2814438939094543,0.0294495746493339,0.5407642126083374,0.0235491339117288,0.1520926505327224,0.0325127728283405,-0.4625126719474792,-0.5241707563400269,0.0959286391735076,-0.0145145282149314
-0.0194740295410156,-0.1725396811962127,-5.7161058066412807e-05,-0.0057582790032029,0.0255941599607467,-0.1446720361709594,-0.3039038777351379,-0.148073598742485,0.0830013826489448,-0.0099614253267645,-0.1794702261686325,-0.0523062385618686,-0.0203525144606828,-0.1502176523208618,0.0141850151121616,0.0443920530378818,0.0229663122445344,-0.0622886754572391,-0.0579874962568283,-0.5394269227981567,-0.7269148230552673,0.0159293506294488,-0.0145145282149314
-0.0013736177934333,0.0084106130525469,-2.917687379522249e-05,-0.006388793233782,0.0370114184916019,-0.0416614450514316,-0.266483724117279,-0.066864900290966,-0.0461688637733459,-0.0278184097260236,-0.0140423374250531,0.0723615735769271,0.094722218811512,0.0546171888709068,0.1372247338294983,0.0512876771390438,-0.0164337288588285,0.0395382493734359,0.0017985176527872,0.851219654083252,0.0599823370575904,-0.0284804962575435,-0.0145145282149314
0.0118120489642024,-0.9952698945999146,-2.0989209588151425e-05,0.0014788395492359,0.0159398932009935,0.0565335489809513,0.0153377056121826,0.7915303707122803,0.0810032561421394,-0.0052454881370067,0.4606653153896332,-0.029258145019412,0.0179075542837381,0.1120210140943527,-0.0297077950090169,-0.1645561158657074,-0.0356384590268135,-0.5509099960327148,-0.1149826794862747,0.6554194092750549,1.86750066280365,-0.0209797509014606,-0.0145145282149314
0.0655294582247734,0.5595498085021973,-3.411247598705813e-05,0.0018935025436803,0.0171310063451528,0.0008068376337178051,-0.0087405471131205,-0.0221876371651887,-0.0122857214882969,0.0240345764905214,0.0831661820411682,-0.0188136603683233,-0.0278755370527505,0.0891933813691139,-0.0301429703831672,-0.0469183884561061,0.0894370973110199,0.3837999403476715,0.0957774296402931,0.7346239686012268,2.2588021755218506,0.0083569372072815,-0.0145145282149314
-0.0027478437405079,0.0175185911357402,-1.796880314941518e-05,0.0024476435501128,0.0560241639614105,-0.0080136023461818,-0.063487097620964,-0.0597792901098728,0.0108702238649129,0.1452873796224594,0.0594291910529136,0.0153807774186134,-0.0262150708585977,0.0697719007730484,0.0546400249004364,0.2037587761878967,-0.0107464212924242,0.4633466303348541,0.0006406376487575471,0.7672852873802185,1.1205250024795532,0.0226843785494565,-0.0145145282149314
0.0218153037130832,1.1009033918380735,-6.906260387040675e-05,-0.0197225920855999,-0.1582619398832321,0.0733887404203414,-0.2485925406217575,-0.2150048911571502,-0.0574140138924121,0.136822298169136,-0.1815603673458099,0.1276642978191375,0.0367904342710971,0.1160415560007095,-0.0542508885264396,0.030422443524003,0.0081291822716593,-0.0694328621029853,-0.049136534333229,-0.4904327690601349,-0.8086971044540405,0.0117636425420641,-0.0145145282149314
-0.0174516197293996,1.025025725364685,-1.7501410184195265e-05,0.003047889098525,-0.0621816031634807,0.036739345639944,-0.1023798435926437,0.2033188343048095,0.0059906663373112,0.0348795726895332,0.2186301350593567,-0.0334814973175525,0.0474933125078678,0.0301048960536718,-0.0069257607683539,0.0075957449153065,-0.1127227395772934,0.5197852253913879,-0.0494906529784202,0.6134973168373108,1.5609921216964722,0.0093100694939494,-0.0145145282149314
-0.005837591830641,0.1965533643960952,-1.4628978533437476e-05,0.0029180943965911,0.0030506488401442,-0.0380867943167686,0.0449350699782371,0.1756129562854766,-0.0069464850239455,0.0563334450125694,0.2477136403322219,-0.0588358379900455,0.0197327826172113,0.0451877228915691,-0.054141879081726,0.1682707965373993,-0.0475932508707046,-0.1750033348798751,0.0015536085702478,0.7069669961929321,1.2590303421020508,0.0396170020103454,-0.0145145282149314
0.109689749777317,1.20460045337677,6.330532778520137e-05,-0.0075747654773294,-0.1127847731113433,0.0906688645482063,0.3043554723262787,-0.0954124927520752,-0.0580974519252777,-0.2917874157428741,0.0509941801428794,0.1773514449596405,0.0063113560900092,0.0898481979966163,0.0399876795709133,0.0656996443867683,0.0300775449723005,0.0039378684014081,-0.0100398315116763,-0.4979661703109741,-0.7409239411354065,0.0211789440363645,-0.0145145282149314
-0.0746319368481636,-1.034077763557434,-2.5504159566480663e-05,0.010773055255413,0.008932938799262,-0.0288305487483739,0.1923748552799224,0.0371356643736362,-0.0252703893929719,0.0897421389818191,0.025031479075551,0.0321699902415275,0.026140147820115,-0.0404847487807273,0.0888339802622795,0.038260743021965,0.0418631806969642,0.3601815104484558,0.4365372657775879,-0.4898566901683807,-0.6312752366065979,-0.0077711893245577,-0.0145145282149314
0.0785882994532585,-0.2275775372982025,-4.211606574244797e-05,0.0064082709141075,-0.1179746761918068,0.0110304877161979,-0.1093053594231605,-0.0611416883766651,0.4126132428646087,0.1821466237306594,-0.1695027351379394,-0.053106915205717,0.0517583191394805,-0.1906560659408569,-0.0532629378139972,-0.1025566309690475,-0.0707425028085708,-0.2795224487781524,-0.1800102889537811,-0.4672431647777557,-0.7073203325271606,-0.0777930468320846,-0.0145145282149314
0.054616305977106,0.5487480163574219,-1.7429018043912947e-05,0.0063561033457517,-0.1676343232393264,0.146465927362442,0.3064959049224853,0.2275130748748779,0.0383472330868244,-0.3137342631816864,0.4431153237819671,-0.0522962026298046,0.0063230106607079,-0.1177173107862472,0.0970699787139892,-0.0490543097257614,0.0099244667217135,-0.5258913040161133,-0.1050100997090339,-0.4552014768123626,-0.5999397039413452,0.0246373228728771,-0.0145145282149314
0.0312658436596393,-0.9571797251701356,-9.131603292189538e-05,-0.0020418225321918,-0.1613864153623581,0.0566860884428024,-0.1603492498397827,-0.0810221061110496,0.0368284992873668,0.1478367447853088,-0.2488355040550232,-0.016568724066019,0.1426960825920105,-0.046443872153759,-0.1050906255841255,-0.1685393452644348,-0.0843588858842849,-0.0361508764326572,0.0231633279472589,-0.4931401908397674,-0.7650647759437561,-0.0249457452446222,-0.0145145282149314
0.0060852989554405,1.0653833150863647,-2.97443475574255e-05,0.0052995691075921,0.0208663959056139,0.1074742823839187,-0.2835948467254638,0.1706973761320114,0.0634422004222869,0.0014658777508884,0.1150125861167907,-0.0601803697645664,-0.2101781517267227,-0.0917678549885749,-0.0175280142575502,0.0533817522227764,0.0304909106343984,0.5610572695732117,0.0332384705543518,0.5646224021911621,0.4492763876914978,-0.0038688217755407,-0.0145145282149314
-0.0364705137908458,-1.6847922801971436,-4.458807234186679e-05,0.0015420651761814,0.0060780229978263,0.0796303898096084,-0.1099850609898567,-0.1178851500153541,-0.0536109171807765,0.0502592846751213,-0.2628546357154846,-0.0740241929888725,-0.0135727738961577,-0.1954802572727203,0.0424825772643089,-0.3341249227523803,0.0005401969538070261,-0.3013511300086975,-0.207970842719078,-0.3986010253429413,-0.7468891739845276,-0.0265437830239534,-0.0145145282149314
0.0176114551723003,0.6252341270446777,-4.066489054821432e-05,-0.0032827286049723,-0.0898721069097518,0.2020391374826431,0.2784012258052826,-0.0975743159651756,-0.3465929627418518,0.003521799808368,-0.2311374843120575,-0.0298283025622367,0.0206408705562353,-0.0564531348645687,-0.0071123498491942,0.1341686695814132,0.0430474318563938,0.0011080232216045,0.0313798747956752,-0.544661283493042,-0.742687463760376,0.0124288070946931,-0.0145145282149314
0.0137507338076829,-0.1462370753288269,1.4347948308568448e-05,0.0020978169050067,-0.0361796021461486,-0.0628041997551918,0.1182501465082168,-0.1231470257043838,-0.0101082269102334,-0.2783800959587097,-0.1041241735219955,-0.1514412462711334,-0.0116478120908141,0.0338417440652847,-0.0255515482276678,0.2450309246778488,-0.0621481239795684,-0.3061333000659942,-0.1291258335113525,0.7054124474525452,1.293905258178711,0.0461895875632762,-0.0145145282149314
-0.0143500631675124,-2.1535630226135254,-0.00017803814262151718,-0.0023862880188971,-0.0325014032423496,0.0364521853625774,-0.2754102349281311,-0.1505259573459625,0.0598809793591499,0.0385135598480701,-0.205430120229721,-0.0555433966219425,0.080844335258007,-0.1475890576839447,0.0668211579322815,0.0358080044388771,0.0048784934915602,-0.0822165980935096,-0.0613110437989234,-0.4825286865234375,-0.773253858089447,0.0095530776306986,-0.0145145282149314
0.0408239997923374,0.1396529227495193,5.565390893025324e-06,0.004655064549297,0.0065832119435071,-0.1646039485931396,0.2954179346561432,0.0124960038810968,0.0295971501618623,-0.1166670620441436,-0.0070868292823433,0.0947695672512054,0.041275106370449,0.2557126581668854,0.061523076146841,0.3977139592170715,-0.0473943799734115,0.6240038275718689,0.2818036079406738,-0.3566845953464508,-0.4670861661434173,0.0695056393742561,-0.0145145282149314
0.0258836168795824,0.5689548850059509,-8.614097168901935e-06,0.0025387466885149,-0.1032166630029678,0.214591771364212,-0.4055199027061462,0.3115566968917846,0.0090557346120476,-0.2154058218002319,0.2155740857124328,0.1811636090278625,-0.0076674679294228,0.2376128435134887,-0.0314770676195621,-0.1068034544587135,0.0096779242157936,-0.4406220316886902,-0.0936543941497802,-0.411245048046112,-0.690916895866394,0.0047344453632831,-0.0145145282149314
-0.0500268228352069,0.0666826963424682,-2.8542439395096156e-05,0.0049443203024566,-0.0864981710910797,-0.00012870357022620738,0.414419561624527,-0.0754840672016143,0.0546924322843551,0.0264170169830322,0.0560085214674472,-0.0334100686013698,0.0430922955274581,0.0272615440189838,0.0367915146052837,0.1156888529658317,-0.0329130068421363,0.2074055671691894,0.2469630688428878,-0.4735869169235229,-0.6488062739372253,0.0286494921892881,-0.0145145282149314
-0.0964252799749374,1.3417330980300903,-1.114740371122025e-05,0.0132910460233688,-0.0601355396211147,0.0094359405338764,0.2974992394447326,0.1520662605762481,0.0244185514748096,-0.1805807948112487,0.2225478291511535,-0.0982199907302856,-0.0601489543914794,-0.0660113468766212,-0.0412576757371425,0.2400432378053665,-0.0191871803253889,0.5980637073516846,-0.0321848168969154,-0.4123681485652923,-0.6395764350891113,0.0601803287863731,-0.0145145282149314
-0.0054710446856915,0.2018807530403137,-1.3212982594268396e-05,0.0013656638329848,-0.0429697223007679,-0.0118740629404783,0.2162338942289352,0.5539413094520569,0.1549665778875351,-0.0858901813626289,0.2041355967521667,-0.0647398829460144,0.0530875287950038,0.0707718655467033,0.0528974570333957,0.0170188825577497,-0.0190369579941034,0.568718433380127,-0.0469846799969673,0.552623450756073,1.1686971187591553,-0.0414563156664371,-0.0145145282149314
0.0144972018897533,-0.0191548038274049,-6.415477400878444e-06,0.0029533342458307,0.0132811199873685,-0.0432725027203559,0.1430569887161255,0.5931872129440308,0.0344534963369369,-0.196077212691307,0.2207074016332626,0.2024723887443542,0.0527037940919399,0.1030379086732864,0.0194289814680814,0.2229842096567154,-0.0613599382340908,-0.6609213948249817,-0.1510863751173019,0.5603788495063782,1.120014190673828,0.0193839315325021,-0.0145145282149314
0.0332464203238487,0.0681751072406768,-6.26029068371281e-05,0.0047851903364062,-0.2087485343217849,-0.0105101782828569,0.2030107676982879,-0.118899680674076,0.1646656692028045,0.0613875277340412,-0.3409327268600464,-0.0567882470786571,0.0358194410800933,-0.022396283224225,-0.0596836954355239,-0.157408058643341,-0.0628585666418075,0.1705146729946136,0.2608249485492706,-0.519045352935791,-0.72853684425354,-0.0625602304935455,-0.0145145282149314
-0.0056520085781812,-0.9019641876220704,-1.870899723144248e-05,0.0097921499982476,0.0023381756618618,0.0152597371488809,0.1950201839208603,0.2682822346687317,0.04285354539752,-0.0018518334254622,0.348889410495758,-0.0090763885527849,0.0231145229190588,0.1024046316742897,0.0034720283001661,0.1658921241760254,0.0685438886284828,0.3980602324008941,-0.0910177901387214,0.6708937883377075,2.0028421878814697,0.0170043520629405,-0.0145145282149314
0.0634844377636909,-0.1441400349140167,-2.062832936644554e-05,0.0029524057172238,-0.0678448379039764,0.0409267880022525,0.1330181509256363,-0.0468732230365276,-0.0122068133205175,-0.0486065261065959,-0.2003718465566635,-0.1905921548604965,-0.018068429082632,0.0586260072886943,-0.0696273073554039,0.0507576167583465,0.0344203934073448,-0.1354099363088607,-0.1833928674459457,0.7388100624084473,0.4866905808448791,-0.0061612934805452,-0.0145145282149314
0.0214735064655542,1.1447625160217283,-3.929025842808187e-05,0.0033795789349824,0.0514218732714653,0.0302006658166646,0.0961086452007293,0.1661728769540786,-0.0033744883257895,0.2386212050914764,-0.1002036184072494,-0.042899664491415,0.0001306230406044051,0.0221908371895551,0.019414983689785,0.1117090508341789,-0.1001283153891563,0.2647460401058197,-0.0480115190148353,0.6925318241119385,2.128129243850708,0.02864795550704,-0.0145145282149314
-0.037368506193161,-0.2064522355794906,1.829871325753629e-05,0.0030394340865314,-0.1253506243228912,0.0391653180122375,0.2318722754716873,0.0137957287952303,-0.0162281617522239,0.0893261134624481,0.0514600276947021,-0.027337659150362,-0.0109080532565712,0.0774818733334541,0.0644827336072921,0.2999217808246612,-0.0367932170629501,0.5170254111289978,0.3523005843162536,-0.4480292797088623,-0.5343754291534424,0.0093290172517299,-0.0145145282149314
-0.0309494156390428,0.160696268081665,-9.866525942925364e-06,0.0068666138686239,0.1039376780390739,-0.0995033234357833,0.1310369670391082,-0.0294665470719337,-0.0849720761179924,0.1156646236777305,0.2428365498781204,-0.049019131809473,0.0629956498742103,-0.0876799300312995,-0.0130265494808554,-0.0136772077530622,-0.0141187757253646,-0.0100575406104326,0.0073652430437505,-0.5926036238670349,-0.7493858337402344,-0.0433308072388172,-0.0145145282149314
-0.0024733657483011,-0.0760998874902725,0.0004468434490263462,-0.0189722925424575,-0.0181611515581607,-0.0298860408365726,-0.1163469702005386,0.0095940763130784,-0.121117852628231,-0.0962300151586532,-0.2311253398656845,0.0690791308879852,-0.0086061647161841,-0.0555987507104873,0.0779702961444854,0.0350712873041629,0.0158128831535577,-0.0420025661587715,-0.0212171301245689,-0.557403028011322,-0.8300931453704834,0.0261344164609909,-0.0145145282149314
0.0381634533405303,-1.981191039085388,-0.00014736750745214522,0.0012535515706986,-0.0981181412935257,-0.0341282412409782,-0.1195061430335044,-0.1599531322717666,0.0043292390182614,0.0006191519787535071,-0.1917138993740081,-0.0277234632521867,0.015733640640974,-0.1569148600101471,-0.0368389301002025,-0.1001568883657455,-0.0132111636921763,-0.3151742815971374,-0.1547895222902298,-0.4187291860580444,-0.8544558882713318,-0.0366924218833446,-0.0145145282149314
-0.0120507748797535,0.1126964092254638,-1.2347347364993766e-05,0.0041475570760667,0.008171597495675,-0.3783345222473144,0.2080466896295547,0.0404137335717678,-0.0164255257695913,0.0441537834703922,0.0917696729302406,-0.0179622173309326,0.0276131965219974,0.0358082577586174,-0.0018112955149263,0.181595578789711,-0.0548761449754238,0.3085639178752899,0.1779226511716842,0.7261586785316467,1.5499776601791382,0.0430626459419727,-0.0145145282149314
-0.0222569219768047,-1.9375361204147337,-0.0006387540488503873,-0.0113444896414875,-0.0310785397887229,-0.0739833563566207,-0.1107664629817009,-0.1032061576843261,-0.0909990668296814,-0.1346285045146942,-0.2475498765707016,-0.0274145286530256,-0.0492194183170795,-0.1377417594194412,-0.0287579949945211,-0.1329706311225891,-0.0154585493728518,-0.3148935437202453,-0.1255844235420227,-0.4127451479434967,-0.7856735587120056,-0.0114763770252466,-0.0145145282149314
-0.0235827714204788,0.6257814764976501,-4.221838025841862e-05,0.002313872333616,0.0197222381830215,0.0414436347782611,0.1434905976057052,-0.0458995886147022,-0.0326423048973083,0.0638339668512344,-0.2438649088144302,0.149631068110466,0.0245742108672857,0.0807446613907814,-0.0041839759796857,-0.2743561863899231,0.0228707119822502,0.194768026471138,-0.1330737322568893,0.7616899013519287,0.5791906118392944,-0.0106413839384913,-0.0145145282149314
0.0116645991802215,-0.0733804032206535,-1.8489910871721804e-05,0.0068999421782791,0.0342431105673313,0.0255427565425634,-0.2004262953996658,-0.1008451431989669,-0.0412404239177703,0.0033700370695441,-0.0644254684448242,-0.0464156456291675,0.0767020583152771,-0.0590728446841239,-0.0427192635834217,0.3533650934696197,0.1246192157268524,-0.1116685420274734,0.1141371354460716,-0.4826884567737579,-0.6858749985694885,0.1011088043451309,-0.0145145282149314
0.0111348796635866,1.0698704719543457,-1.870900086942129e-05,0.0031264459248632,-0.0204648170620203,0.0849089920520782,0.2412140667438507,0.2490829080343246,-0.0157545488327741,-0.0136640751734375,0.2930461466312408,-0.0487695299088954,0.0112634934484958,0.1136530563235282,0.0188562721014022,-0.0749811455607414,0.1281340718269348,-0.1287933140993118,-0.00333017623052,0.5871483683586121,2.095702886581421,0.0035799236502498,-0.0145145282149314
0.0407602377235889,-0.2297010421752929,-2.5910318072419614e-05,0.0048958626575767,0.0157321020960807,-0.0351749546825885,-0.5451418161392212,-0.1077807918190956,0.1132551580667495,0.2020360678434372,-0.2939372360706329,-0.0613821260631084,0.1830423027276992,0.0725002214312553,-0.0645107924938201,0.0650452300906181,0.0143165085464715,0.5499969124794006,0.0203847289085388,-0.4905933141708374,-0.656093955039978,0.025975190103054,-0.0145145282149314
-0.0026315846480429,0.997300386428833,-1.475373937864788e-05,0.0025915163569152,-0.0182912051677703,0.0989873632788658,-0.0011045107385143,0.1492412090301513,-0.0273974668234586,0.0923445001244545,0.1016943976283073,0.2378053516149521,-0.0032317258883267,0.1135917007923126,-0.0968410670757293,0.0400745719671249,0.0677982568740844,0.2897622585296631,0.0421563982963562,0.6739321351051331,1.7923017740249634,-0.0040394817478954,-0.0145145282149314
-0.0310544781386852,1.3124278783798218,-8.443203114438802e-06,0.0048117670230567,0.0367099866271019,0.0129352835938334,0.5029835104942322,-0.0515370070934295,0.025005554780364,-0.2217738032341003,-0.1344287693500518,0.020505579188466,0.0122366677969694,-0.0296091381460428,0.0084145106375217,0.0932201966643333,0.0418511666357517,0.4780082404613495,0.0412966273725032,-0.4668199121952057,-0.6335554718971252,0.023573974147439,-0.0145145282149314
-0.0004385673091746866,-2.1088290214538574,-0.0005105179734528065,-0.0005567196640186012,0.0659948289394378,0.0880121812224388,-0.2118546962738037,-0.1546450853347778,-0.0663766786456108,-0.1381278187036514,-0.2087534666061401,-0.0291255414485931,-0.0659983977675437,-0.1600382626056671,-0.0351148806512355,0.0234787315130233,-0.0810615047812461,-0.0576985217630863,-0.098061203956604,-0.4543192088603973,-0.7697136402130127,-0.0018047847552224,-0.0145145282149314
-0.0369897112250328,-1.7293298244476318,-8.496950613334775e-05,0.0020360643975436,-0.0185899846255779,0.0104952258989214,0.2115926295518875,-0.0967080444097518,0.0670412331819534,0.0407150946557521,-0.2789852619171142,-0.071757435798645,-0.0248432382941246,-0.1496708989143371,0.0681900307536125,0.0830514058470726,-0.0220565069466829,-0.3295742869377136,-0.0993678942322731,-0.393701821565628,-0.702375590801239,-0.004554137121886,-0.0145145282149314
0.0926234573125839,-1.7162514925003052,-0.00012267027341295034,0.001199092133902,-0.0194663163274526,-0.0210800673812627,0.2576705515384674,-0.1198979541659355,-0.0718253031373024,-0.0114174727350473,-0.2553863227367401,-0.0345353111624717,0.0302517544478178,-0.2220407873392105,0.0374798998236656,-0.2842909395694732,-0.0028075382579118,-0.3648272156715393,-0.1381197571754455,-0.4027159512042999,-0.7473931312561035,-0.0233009662479162,-0.0145145282149314
-0.0205923672765493,0.6479468941688538,-5.243932537268847e-05,0.0023627390619367,-0.0151913901790976,-0.1276687979698181,-0.0639597252011299,-0.0433412306010723,0.0252993889153003,0.1340621709823608,-0.1243181824684143,0.0288019981235265,0.0260648019611835,0.0909493416547775,-0.0512986555695533,-0.053290206938982,0.1067779436707496,0.1108588650822639,0.0216966215521097,0.815759003162384,0.7008273005485535,0.0135701904073357,-0.0145145282149314
0.0148583874106407,0.4825633466243744,-5.4340416681952775e-06,-0.0112932035699486,0.0594524517655372,-0.0587584897875785,-0.1923407465219497,-0.085656389594078,-0.0086301602423191,-0.2185958176851272,0.133167490363121,-0.0581679381430149,0.0112966364249587,-0.1204546838998794,0.0068885087966918,0.0506389029324054,0.0010841693729162,-0.0675071626901626,-0.0240040980279445,-0.5954410433769226,-0.8559536337852478,0.0028084316290915,-0.0145145282149314
-0.0251902639865875,0.4441673755645752,-1.793221235857345e-05,0.0037096003070473,0.0075541115365922,0.0090604964643716,-0.0277639664709568,0.3201222121715545,0.1072007045149803,-0.0005490118637681007,0.2479321509599685,0.2792090475559234,0.0744557157158851,0.1205479577183723,0.0402403660118579,-0.0944536104798317,-0.005306280683726,0.3024086356163025,0.0116062127053737,0.5782808661460876,1.6282269954681396,-0.0329272747039794,-0.0145145282149314
0.0336483754217624,1.3246371746063232,-2.03549861907959e-05,0.0521315857768058,-0.016700891777873,0.3537106215953827,-0.3724538087844848,-0.0164586324244737,0.0036692675203084,0.0069362958893179,0.2125288993120193,0.0268398486077785,-0.0662998706102371,0.0192820709198713,-0.0312886461615562,0.0585676990449428,-0.0421008914709091,-0.039411436766386,-0.0046657300554215,-0.4504129588603973,-0.7216172218322754,0.0001379343739245087,-0.0145145282149314
-0.022585779428482,-1.9652369022369385,0.0002475223154760897,0.0038765768986195,-0.0302671361714601,-0.0754700824618339,-0.1705763638019561,-0.1141970008611679,-0.1104792281985282,-0.139677882194519,-0.2471680045127868,0.005798399914056,-0.0614017955958843,-0.0807774513959884,-0.0058424430899322,-0.1407011896371841,0.0642011314630508,-0.3514164388179779,-0.1442603468894958,-0.424088180065155,-0.7979785799980164,-0.013746521435678,-0.0145145282149314
0.0192103721201419,0.98281991481781,-2.7568603400141e-08,-0.0055819172412157,0.0426781326532363,-0.0712764635682106,0.2744608521461487,0.107181929051876,0.0457960627973079,-0.074360005557537,-0.0777555033564567,0.0067562968470156,0.042884673923254,-0.0068431580439209,-0.0298760998994112,0.0268710758537054,0.0184496734291315,0.0707996413111686,-0.0114397769793868,0.7524871230125427,2.6428091526031494,0.0162886548787355,-0.0145145282149314
-0.0325043648481369,0.7495912313461304,-2.4055669200606644e-05,0.0001658041001064703,0.0490321666002273,0.1873997449874878,-0.1854702979326248,-0.1126851215958595,0.1779025346040725,-0.1479629427194595,-0.2931671142578125,-0.035256527364254,0.0418161079287529,-0.0363110527396202,-0.0093016698956489,-0.0768110454082489,0.0221547223627567,-0.2261396795511245,-0.1044510304927825,-0.4934910833835602,-0.7141417860984802,0.0116177480667829,-0.0145145282149314
-0.0194544345140457,0.5176288485527039,-2.326766843907535e-05,0.0076318569481372,0.0269806198775768,0.2130118757486343,-0.4538715481758117,0.1199310347437858,0.0125744007527828,0.089408129453659,-0.1128231212496757,0.1890920251607895,0.0428643375635147,0.2157863527536392,0.008040664717555,-0.0052470685914158,-0.0155486101284623,0.1337941735982895,-0.0134439915418624,-0.4439513981342315,-0.5966286659240723,0.006533907726407,-0.0145145282149314
0.0581104792654514,1.4551037549972534,-5.728790711145848e-06,0.0275256279855966,0.100666269659996,0.1799751073122024,0.048120729625225,-0.0626820921897888,0.0325600914657115,0.0670018643140792,0.1675883829593658,0.1518351286649704,0.0420545227825641,0.2429301291704177,0.0170368030667305,0.531193733215332,0.0153604755178093,0.0319195613265037,-0.0248216185718774,-0.3751498460769653,-0.4040803611278534,0.002542108297348,-0.0145145282149314
0.0137540474534034,-0.5276196002960205,-2.1302897948771715e-05,0.0028882473707199,-0.0553853847086429,-0.0364963822066783,-0.0660069212317466,-0.0425453819334507,-0.025770790874958,-0.009116088040173,-0.1637753397226333,-0.0553939454257488,0.0184453576803207,-0.096792921423912,-0.0322391912341117,0.0778533667325973,-0.012243484146893,-0.239750400185585,0.4019730389118194,-0.409365177154541,-0.7338589429855347,0.0023786646779626,-0.0145145282149314
0.0161172095686197,0.0169704463332891,-2.5157765776384625e-05,0.0162034407258033,0.0760713964700698,0.0131781436502933,0.3750407695770263,-0.1350406259298324,0.0173905659466981,-0.2525353133678436,-0.2408857941627502,0.167710542678833,0.1103199645876884,0.2403875440359115,0.0092195738106966,0.5593428611755371,-0.0153648378327488,-0.0285242050886154,-0.11204344779253,-0.4164657294750213,-0.5328066349029541,-0.0006023389869369566,-0.0145145282149314
0.0262039452791214,0.6707764863967896,-2.8392125386744738e-05,0.0083996979519724,0.1708948314189911,-0.0589716769754886,-0.0613983944058418,0.3484700918197632,0.0348621979355812,0.062397576868534,0.4917170405387878,-0.0941472500562667,0.0455354042351245,-0.1742225587368011,-0.0194268580526113,0.1786345392465591,0.0377293117344379,-0.2365492582321167,-0.0345283485949039,-0.4749314486980438,-0.68752121925354,0.0710988491773605,-0.0145145282149314
0.0031827827915549,-0.2239734977483749,-1.0883642971748486e-05,0.0057007786817848,0.2409232258796692,0.1543972939252853,0.0036063473671674,-0.0306640025228261,-0.0153921404853463,0.0218837074935436,-0.1225166544318199,0.0265023838728666,0.1024300754070282,-0.0125417914241552,-0.0570813566446304,0.0572352893650531,-0.0318275243043899,-0.0812067314982414,0.4735992848873138,-0.4523013234138489,-0.6325117349624634,-0.0074097816832363,-0.0145145282149314
-0.0406544469296932,0.1514622271060943,-1.0791514796437696e-05,0.0034147095866501,0.0204632710665464,0.066757284104824,-0.2165250778198242,-0.0584328100085258,-0.0436537861824035,0.0646110847592353,0.0692380964756012,-0.0067464127205312,0.0796306580305099,0.0439735241234302,0.0168479066342115,-0.044795949012041,-0.0500498674809932,0.4096753597259521,0.1875092536211013,0.8178842663764954,2.115406990051269,-0.0068676867522299,-0.0145145282149314
0.0019762050360441,-0.4083588421344757,1.6467914974782616e-05,0.0056457268074154,-0.0117030153051018,-0.1394489854574203,0.1818250566720962,-0.0886227488517761,-0.0724167674779892,0.1038480028510093,-0.2081013172864914,-0.050967700779438,-0.0541278384625911,0.0053701386786997,0.0292160995304584,-0.4336814284324646,0.1268761307001114,-0.284068614244461,-0.2320983856916427,-0.5358443856239319,-0.7539541721343994,0.014597631059587,-0.0145145282149314
0.0407702401280403,0.2726796567440033,-1.0315456165699288e-05,0.0019702480640262,-0.0044135297648608,0.0817373543977737,-0.071256436407566,-0.0753685981035232,0.0392612777650356,0.084287591278553,0.1344099342823028,-0.1079107150435447,0.0231303349137306,-0.0399852655827999,0.0240794029086828,-0.0004388650413602591,-0.0452023483812809,0.4620692133903503,-0.1231913566589355,0.7437989711761475,1.524759292602539,-0.0007129085715860128,-0.0145145282149314
-0.0139445308595895,-1.939459085464477,0.0012128419475629,0.0277752112597227,-0.0112612983211874,-0.0561544857919216,-0.1511850655078888,-0.0025102882646024,-0.108008287847042,-0.160536378622055,-0.2305376231670379,-0.001878663431853,-0.034672562032938,-0.1030300259590148,0.0163008291274309,0.2457843720912933,-0.0367374494671821,-0.0283912383019924,-0.0691607221961021,-0.488852858543396,-0.7976644039154053,-0.0307110734283924,-0.0145145282149314
-0.0154077913612127,0.4966801702976227,-1.9396153220441192e-05,0.0027551644016057,0.0316484533250331,0.0251656267791986,0.2152808159589767,0.0989698022603988,0.0300579201430082,0.0573448128998279,0.0327847227454185,0.2606919705867767,0.0862604975700378,0.1267714202404022,0.031513687223196,0.1081688404083252,-0.0255367662757635,0.4589379429817199,0.1265633702278137,0.6353002786636353,1.4897618293762207,0.0300920493900775,-0.0145145282149314
-0.0185773838311433,1.0353271961212158,-3.306947473902255e-05,0.002462243894115,-0.1008897051215171,0.0970611497759819,0.1746253967285156,0.1607477217912674,0.0055665210820734,-0.1525367051362991,0.219967320561409,-0.0441443584859371,0.0828019455075264,-0.0473856888711452,0.0225868094712495,-0.1212889850139617,0.0300955437123775,0.4030852913856506,-0.0561517737805843,0.6319855451583862,1.0485671758651731,0.0362959578633308,-0.0145145282149314
-0.0289991647005081,-1.0582962036132812,-3.794809163082391e-05,-0.00011136059765703976,-0.0191217474639415,0.0906557664275169,-0.0659264251589775,-0.1319237202405929,-0.0739625692367553,-0.0079004755243659,-0.3113387823104858,0.0067733530886471,0.0042611807584762,0.1531041115522384,-0.0257351547479629,-0.2772129774093628,-0.0386330857872962,-0.2712253034114837,-0.1680344194173813,-0.4561785161495209,-0.7025969624519348,-0.0331971347332,-0.0145145282149314
-0.0072761992923915,0.5543721318244934,2.0843166566919532e-05,-0.0072017223574221,0.0025435541756451,-0.3621134459972381,0.4937465190887451,0.0981332808732986,-0.0892332717776298,-0.1068173125386238,0.097845122218132,0.0216570403426885,-0.0352122969925403,-0.057664830237627,0.0722904205322265,0.0960327759385109,0.0188216734677553,-0.0911081209778785,-0.030840516090393,-0.5690551400184631,-0.7592635750770569,-0.0081504909321665,-0.0145145282149314
-0.0200128946453332,1.154211163520813,-2.864181442419067e-05,0.0029329201206564,-0.007641086820513,0.0826821103692054,-0.1330441385507583,0.091184064745903,-0.067753218114376,-0.2047445625066757,0.1793113350868225,-0.0395992584526538,0.0094628846272826,0.0869945958256721,-0.0805904641747474,-0.0742237567901611,-0.0330029055476188,0.2125685214996338,-0.074257493019104,0.59923255443573,0.4213343560695648,0.0289556588977575,-0.0145145282149314
-0.0970750674605369,1.446233153343201,-5.072997009847313e-05,0.0054317060858011,0.0560164749622345,0.3042967915534973,0.0837071686983108,0.2171276211738586,-0.0543487481772899,0.0112223355099558,0.1953896433115005,-0.0150465909391641,0.0502291396260261,-0.1930780708789825,-0.0374234281480312,-0.1841070801019668,-0.014926292002201,-0.0146350422874093,0.00018322507094126195,-0.4412004053592682,-0.6450104117393494,-0.0039787082932889,-0.0145145282149314
-0.1196260750293731,1.0533958673477173,-3.761349216802046e-05,0.0056763775646686,-0.2076530158519745,-0.0019287129398435,-0.1451777517795562,-0.0131175676360726,-0.0627701580524444,-0.0033017955720424,0.0960399508476257,-0.0315053313970565,0.0055357655510306,-0.0927109941840171,-0.0415918007493019,0.029100876301527,-0.1006807014346122,0.1330249011516571,-0.0560041218996048,-0.5370416045188904,-0.8287559151649475,-0.004469885956496,-0.0145145282149314
0.0059304861351847,0.2066869586706161,-1.3994547771289945e-05,-0.0031705703586339,0.0204566977918148,-0.0717001631855964,0.1982748955488205,0.5346732139587402,0.0997076630592346,-0.1408593654632568,0.3170961141586303,-0.0641279369592666,0.0236915070563554,0.0719877779483795,-0.0567811243236064,0.0418561846017837,-0.0568722486495971,0.1332196742296219,0.0150981461629271,0.6830394864082336,1.590114951133728,0.000206215656362474,-0.0145145282149314
-0.1060993149876594,0.8769388198852539,-8.390987204620615e-06,0.0035558957606554,-0.0041681691072881,-0.1779304444789886,0.3462186157703399,-0.0882409960031509,-0.0324388667941093,0.0083579597994685,-0.0690136402845382,-0.0993541479110717,-0.0264405272901058,0.0149838477373123,-0.0343122072517871,-0.0810625478625297,-0.0572155639529228,0.5365855693817139,-0.000605544715654105,0.613968551158905,-0.0511085130274295,-0.0234177839010953,-0.0145145282149314
-0.0134634608402848,-2.1500842571258545,0.0004888635594397783,0.0156583841890096,-0.0412516631186008,-0.0607630759477615,-0.2010030746459961,-0.1449794024229049,-0.1063736528158187,-0.1756693124771118,-0.2571645975112915,-0.0159599371254444,-0.0522610992193222,-0.0868155434727668,0.0371363833546638,0.1072887778282165,-0.0652650967240333,-0.0373297445476055,-0.072936974465847,-0.47598597407341,-0.8196601867675781,-0.0211419127881526,-0.0145145282149314
-0.0476947985589504,0.4156970381736755,2.159647920052521e-05,0.001533692353405,0.0776519477367401,-0.1734887510538101,0.4517385363578796,-0.2090731561183929,-0.0194499436765909,-0.3375336229801178,-0.0486709289252758,-0.0925532802939415,-0.0289101116359233,0.0438362695276737,-0.051178004592657,-0.3267480731010437,-0.0814719274640083,0.3137659728527069,0.2425101697444915,0.6748883724212646,-0.0180467162281274,-0.0188274513930082,-0.0145145282149314
0.0544262118637561,1.1326956748962402,-2.471328480169177e-05,0.0028382097370922,-0.0239833742380142,0.0740142315626144,0.1595229208469391,0.0084554450586438,0.0407494567334651,0.0127538926899433,0.1644597798585891,-0.0174383390694856,0.0177117362618446,0.0442236550152301,0.0491165705025196,0.0023968014866113,-0.0257028248161077,0.6356438398361206,-0.0385227166116237,0.627458393573761,0.6163898706436157,0.0008341539651155472,-0.0145145282149314
-0.0219038110226392,0.0417946502566337,-6.894508260302246e-06,0.0032505122944712,0.0506107248365879,-0.1501525193452835,0.1070501059293747,-0.0545021444559097,0.0044525088742375,-0.225588247179985,-0.2778628170490265,-0.034398827701807,-0.0017648948123678,0.285660058259964,-0.0298190470784902,-0.0880259126424789,-0.0511705391108989,-0.0707382708787918,0.1347260773181915,-0.5273759961128235,-0.6961442828178406,-0.0856611430644989,-0.0145145282149314
0.0561729371547699,1.5368741750717163,-3.259104414610192e-05,0.0050843046046793,-0.0406682081520557,0.0393843129277229,0.1455522179603576,-0.0804411396384239,-0.0451644882559776,0.1751439422369003,0.0149094518274068,-0.0569016523659229,0.0329339206218719,-0.0300821233540773,-0.069115474820137,-0.3424483835697174,-0.0287501756101846,0.6006249785423279,-0.0136160440742969,-0.456193059682846,-0.7437460422515869,-0.0994416698813438,-0.0145145282149314
0.03947713971138,0.8613137602806091,-1.962400710908696e-05,0.002765255048871,0.0751630514860153,-0.0066191516816616,0.121524229645729,0.1454146951436996,-0.0332870036363601,0.0547233931720256,0.1894416064023971,0.1262834519147873,-0.0079431384801864,0.108297511935234,0.0931186974048614,0.1284231543540954,-0.0421119518578052,0.498182862997055,0.0035842987708747,0.6050212383270264,0.5859856605529785,0.0624739751219749,-0.0145145282149314
0.0148554509505629,1.069194197654724,-2.1078412828501317e-05,0.0030784227419644,0.0186988934874534,0.0115650249645113,-0.0178588647395372,0.0219947602599859,0.0079263010993599,0.021994249895215,0.1228987947106361,-0.0145053258165717,0.0166281666606664,0.087274320423603,-0.0112908566370606,-0.0904660075902938,0.0293652415275573,0.0086558032780885,0.0693101212382316,0.7369197010993958,1.789885640144348,-0.0096562542021274,-0.0145145282149314
-0.0441326946020126,-2.198754072189331,-4.703977901954204e-05,0.0018403929425403,0.1679912507534027,0.1446667909622192,-0.3080694675445556,-0.0782668218016624,-0.0355491787195205,-0.170912891626358,-0.3230099678039551,-0.0343628600239753,-0.0663238018751144,0.0035355652216821,-0.0105780074372887,0.144204631447792,-0.0050680851563811,-0.2621594667434692,-0.2058084458112716,-0.3864375948905945,-0.6874755024909973,-0.0085219508036971,-0.0145145282149314
-0.0037515421863645,1.2436275482177734,-1.5283552784239873e-05,0.0023887152783572,0.0366306230425834,-0.1605493426322937,-0.0455551669001579,-0.0825489535927772,-0.006289042532444,0.1277607083320617,0.0980843305587768,-0.0277853868901729,0.0363880358636379,0.032098650932312,-0.0198108348995447,-0.2624218165874481,0.0214612036943435,-0.405363529920578,-0.0255576409399509,0.7013465762138367,2.331376314163208,0.0037676990032196,-0.0145145282149314
-0.0057124639861285,-1.599759221076965,-0.0002488314639776945,-0.002458865288645,-0.0556954219937324,-0.179936483502388,-0.0298677645623683,-0.0688209310173988,-0.0435458160936832,0.0271516032516956,-0.2401093095541,-0.0818405523896217,0.0282927807420492,-0.1879168450832367,0.0010734567185863,-0.0234728809446096,0.0381825380027294,-0.0913600251078605,-0.0331055223941803,-0.5275340676307678,-0.7631072402000427,0.0105079161003232,-0.0145145282149314
-0.0605231933295726,0.5707129836082458,-3.881212614942342e-05,0.0024116528220474,0.0645176693797111,0.0384266600012779,0.0896123349666595,-0.129908412694931,-0.0198110826313495,0.0127512477338314,0.3773703575134277,-0.0440024621784687,0.0306113734841346,-0.2072247564792633,-0.0011754431761801,-0.0868095383048057,-0.0006431738729588687,0.5854337215423584,0.0324489250779151,-0.4645916223526001,-0.6291449666023254,-0.00570900272578,-0.0145145282149314
-0.0080175651237368,-0.1549441814422607,-1.9942934159189463e-05,-0.0052544227801263,-0.0166251510381698,0.020422700792551,0.1373699307441711,-0.112148068845272,-0.0122153731063008,-0.0974674522876739,-0.277189701795578,-0.0185634493827819,-0.0484186485409736,-0.0807928740978241,0.0136182811111211,0.0861710682511329,0.0400330722332,-0.0273077525198459,-0.0246999934315681,-0.5823573470115662,-0.8008822202682495,0.0210682470351457,-0.0145145282149314
0.0148506732657551,1.171634316444397,-7.523050589952618e-05,0.0095884390175342,-0.0536910369992256,0.0310840830206871,0.4153198301792145,-0.0691277235746383,-0.0321571230888366,-0.0220280066132545,-0.3086377382278442,-0.03623853251338,-0.0062643582932651,-0.168050155043602,-0.0043870592489838,0.065244160592556,-0.0741621404886245,-0.1787670403718948,-0.0153539376333355,-0.5188289880752563,-0.7859300374984741,0.0144506338983774,-0.0145145282149314
0.0637340322136879,1.2593181133270264,-1.5515870472881943e-05,0.0015898279380053,-0.0089395586401224,-0.1922647207975387,0.3072815835475921,-0.2136628925800323,0.0188505705446004,0.1604346483945846,0.1733865141868591,-0.0432559959590435,0.0097399186342954,0.1199367642402648,0.0382630415260791,-0.0114418659359216,0.2115556001663208,0.5045293569564819,-0.045430738478899,-0.420461893081665,-0.6059924960136414,0.0552617982029914,-0.0145145282149314
-0.0534636639058589,-0.1182793006300926,-9.155141015071422e-06,0.0041122334077954,0.0082268407568335,0.0418855547904968,0.1980419605970382,-0.1468853950500488,-0.0008423392428085208,0.038563847541809,-0.1663036346435547,-0.039686232805252,0.085278995335102,-0.0292720645666122,-0.0196511875838041,0.0785011425614357,0.0692247152328491,0.1592412889003753,0.0415379963815212,0.8973034024238586,0.8442397117614746,0.0735943019390106,-0.0145145282149314
-0.0271396804600954,-0.4285034835338592,-2.502907591406256e-06,0.0043990169651806,-0.0321746058762073,-0.0269702989608049,-0.2625092267990112,0.0377140715718269,-0.0831328555941581,0.0049672871828079,-0.1001508980989456,-0.0274448506534099,0.0600148141384124,0.0334203690290451,-0.0142192030325531,-0.1651103496551513,0.0543152652680873,0.0320899449288845,-0.0280323307961225,0.9347504377365112,2.8131585121154785,0.0261356011033058,-0.0145145282149314
-0.0114378407597541,1.0944446325302124,-1.199130929308012e-05,0.0036098500713706,0.0344239026308059,0.0197107810527086,-0.0823625326156616,0.0520750470459461,0.006131739821285,0.0777243077754974,0.1107026413083076,0.0099072130396962,-0.0121185174211859,0.0551930218935012,-0.003011914435774,-0.0353810973465442,-0.0239486340433359,-0.008857169188559,-0.0420438349246978,0.6817153692245483,2.0212550163269043,0.0078290328383445,-0.0145145282149314
-0.0591803379356861,-0.011319643817842,-5.250463436823338e-05,0.003970103804022,0.0344516783952713,0.0686020180583,0.2935090661048889,-0.114100158214569,0.1264572590589523,0.1186921074986457,-0.2173733413219452,-0.0558840930461883,0.0132713597267866,0.070994384586811,-0.0211340244859457,-0.0744927078485488,0.0425470732152462,0.2121809124946594,0.3212455809116363,0.694443941116333,-0.1041164696216583,-0.003040179144591,-0.0145145282149314
-0.0420262366533279,0.1360572725534439,-1.9446721125859767e-05,0.0043968562968075,-0.0568562820553779,-0.0979163497686386,0.1855854243040084,0.1190776154398918,0.0820292234420776,0.1234417110681533,0.0571717098355293,0.0670218840241432,-0.0286257732659578,0.1038796454668045,-0.0421375147998333,0.3934158384799957,-0.1486807763576507,0.4239499866962433,-0.0129439095035195,-0.4109031558036804,-0.5578551888465881,0.0840904042124748,-0.0145145282149314
